,long,short
0,"{-1: deque([1, 2, 3, 4, 5, 6, 7, 8, 10, 11, 12, 15, 16, 17, 19, 20, 21, 22, 23, 24, 25, 26, 28, 32], maxlen=250000), 1.5: deque([0], maxlen=250000)}","{-1: deque([9, 13, 14, 18, 27, 29, 30, 31], maxlen=250000), 1.5: deque([0], maxlen=250000), 1: deque([33], maxlen=250000)}"
1,"{-1: deque([1, 3, 4, 5, 7, 8, 9, 10, 11, 12, 13, 14, 15, 16, 17, 18, 20, 22, 25, 26, 27, 28, 29, 31], maxlen=250000), 1.5: deque([0], maxlen=250000)}","{-1: deque([2, 6, 19, 21, 23, 24, 30, 32], maxlen=250000), 1.5: deque([0], maxlen=250000), 1: deque([33], maxlen=250000)}"
2,"{-1: deque([1, 2, 4, 5, 7, 8, 9, 11, 13, 14, 16, 18, 19, 20, 22, 23, 25, 26, 27, 28, 29, 30, 31, 32], maxlen=250000), 1.5: deque([0], maxlen=250000)}","{-1: deque([3, 6, 10, 12, 15, 17, 21, 24], maxlen=250000), 1.5: deque([0], maxlen=250000), 1: deque([33], maxlen=250000)}"
3,"{-1: deque([1, 3, 4, 5, 7, 8, 10, 11, 13, 15, 16, 18, 20, 21, 22, 23, 24, 25, 26, 27, 28, 30, 31, 32], maxlen=250000), 1.5: deque([0], maxlen=250000)}","{-1: deque([2, 6, 9, 12, 14, 17, 19, 29], maxlen=250000), 1.5: deque([0], maxlen=250000), 1: deque([33], maxlen=250000)}"
4,"{-1: deque([1, 4, 5, 6, 7, 8, 9, 10, 12, 14, 15, 16, 17, 19, 20, 21, 22, 23, 25, 26, 28, 29, 31, 32], maxlen=250000), 1.5: deque([0], maxlen=250000)}","{-1: deque([2, 3, 11, 13, 18, 24, 27, 30], maxlen=250000), 1.5: deque([0], maxlen=250000), 1: deque([33], maxlen=250000)}"
5,"{-1: deque([3, 5, 6, 8, 9, 11, 12, 13, 14, 15, 16, 17, 18, 19, 20, 22, 23, 24, 25, 26, 27, 29, 30, 31], maxlen=250000), 1.5: deque([0], maxlen=250000)}","{-1: deque([1, 2, 4, 7, 10, 21, 28, 32], maxlen=250000), 1.5: deque([0], maxlen=250000), 1: deque([33], maxlen=250000)}"
6,"{-1: deque([1, 3, 5, 6, 8, 9, 10, 11, 12, 13, 14, 15, 16, 18, 19, 20, 22, 23, 25, 26, 28, 30, 31, 32], maxlen=250000), 1.5: deque([0], maxlen=250000)}","{-1: deque([2, 4, 7, 17, 21, 24, 27, 29], maxlen=250000), 1.5: deque([0], maxlen=250000), 1: deque([33], maxlen=250000)}"
7,"{-1: deque([1, 2, 4, 5, 6, 7, 8, 9, 10, 12, 13, 15, 16, 17, 19, 20, 22, 23, 24, 26, 28, 29, 31, 32], maxlen=250000), 1.5: deque([0], maxlen=250000)}","{-1: deque([3, 11, 14, 18, 21, 25, 27, 30], maxlen=250000), 1.5: deque([0], maxlen=250000), 1: deque([33], maxlen=250000)}"
8,"{-1: deque([1, 4, 5, 6, 8, 9, 10, 11, 12, 13, 16, 17, 20, 21, 22, 23, 24, 25, 27, 28, 29, 30, 31, 32], maxlen=250000), 1.5: deque([0], maxlen=250000)}","{-1: deque([2, 3, 7, 14, 15, 18, 19, 26], maxlen=250000), 1.5: deque([0], maxlen=250000), 1: deque([33], maxlen=250000)}"
9,"{-1: deque([3, 4, 5, 6, 8, 9, 10, 11, 13, 14, 15, 16, 19, 21, 22, 23, 24, 25, 26, 27, 28, 30, 31, 32], maxlen=250000), 1.5: deque([0], maxlen=250000)}","{-1: deque([1, 2, 7, 12, 17, 18, 20, 29], maxlen=250000), 1.5: deque([0], maxlen=250000), 1: deque([33], maxlen=250000)}"
10,"{-1: deque([1, 2, 3, 5, 6, 7, 8, 9, 10, 11, 13, 15, 16, 17, 18, 20, 21, 22, 25, 26, 27, 30, 31, 32], maxlen=250000), 1.5: deque([0], maxlen=250000)}","{-1: deque([4, 12, 14, 19, 23, 24, 28, 29], maxlen=250000), 1.5: deque([0], maxlen=250000), 1: deque([33], maxlen=250000)}"
11,"{-1: deque([1, 2, 3, 4, 8, 9, 10, 11, 12, 14, 15, 16, 17, 18, 21, 22, 23, 24, 27, 28, 29, 30, 31, 32], maxlen=250000), 1.5: deque([0], maxlen=250000)}","{-1: deque([5, 6, 7, 13, 19, 20, 25, 26], maxlen=250000), 1.5: deque([0], maxlen=250000), 1: deque([33], maxlen=250000)}"
12,"{-1: deque([1, 2, 3, 5, 6, 7, 8, 9, 10, 11, 12, 13, 14, 15, 16, 17, 18, 21, 22, 24, 25, 29, 31, 32], maxlen=250000), 1.5: deque([0], maxlen=250000)}","{-1: deque([4, 19, 20, 23, 26, 27, 28, 30], maxlen=250000), 1.5: deque([0], maxlen=250000), 1: deque([33], maxlen=250000)}"
13,"{-1: deque([1, 2, 3, 5, 8, 9, 11, 12, 13, 14, 15, 17, 18, 19, 20, 21, 22, 23, 24, 26, 27, 28, 29, 32], maxlen=250000), 1.5: deque([0], maxlen=250000)}","{-1: deque([4, 6, 7, 10, 16, 25, 30, 31], maxlen=250000), 1.5: deque([0], maxlen=250000), 1: deque([33], maxlen=250000)}"
14,"{-1: deque([1, 2, 3, 7, 8, 9, 10, 11, 13, 14, 16, 17, 18, 19, 20, 22, 23, 25, 26, 27, 28, 29, 31, 32], maxlen=250000), 1.5: deque([0], maxlen=250000)}","{-1: deque([4, 5, 6, 12, 15, 21, 24, 30], maxlen=250000), 1.5: deque([0], maxlen=250000), 1: deque([33], maxlen=250000)}"
15,"{-1: deque([1, 2, 3, 5, 7, 8, 9, 10, 11, 13, 14, 15, 17, 19, 21, 22, 23, 24, 25, 26, 27, 28, 31, 32], maxlen=250000), 1.5: deque([0], maxlen=250000)}","{-1: deque([4, 6, 12, 16, 18, 20, 29, 30], maxlen=250000), 1.5: deque([0], maxlen=250000), 1: deque([33], maxlen=250000)}"
16,"{-1: deque([1, 2, 4, 7, 8, 9, 10, 11, 12, 13, 14, 15, 16, 17, 18, 21, 22, 23, 25, 26, 27, 28, 29, 30], maxlen=250000), 1.5: deque([0], maxlen=250000)}","{-1: deque([3, 5, 6, 19, 20, 24, 31, 32], maxlen=250000), 1.5: deque([0], maxlen=250000), 1: deque([33], maxlen=250000)}"
17,"{-1: deque([1, 2, 3, 4, 5, 6, 8, 9, 11, 12, 13, 15, 16, 17, 18, 20, 21, 22, 25, 27, 28, 30, 31, 32], maxlen=250000), 1.5: deque([0], maxlen=250000)}","{-1: deque([7, 10, 14, 19, 23, 24, 26, 29], maxlen=250000), 1.5: deque([0], maxlen=250000), 1: deque([33], maxlen=250000)}"
18,"{-1: deque([2, 3, 4, 5, 7, 8, 11, 12, 14, 15, 17, 18, 19, 20, 21, 22, 23, 24, 26, 27, 28, 29, 30, 32], maxlen=250000), 1.5: deque([0], maxlen=250000)}","{-1: deque([1, 6, 9, 10, 13, 16, 25, 31], maxlen=250000), 1.5: deque([0], maxlen=250000), 1: deque([33], maxlen=250000)}"
19,"{-1: deque([2, 3, 4, 5, 6, 7, 9, 10, 11, 12, 13, 14, 15, 18, 19, 20, 22, 25, 26, 27, 29, 30, 31, 32], maxlen=250000), 1.5: deque([0], maxlen=250000)}","{-1: deque([1, 8, 16, 17, 21, 23, 24, 28], maxlen=250000), 1.5: deque([0], maxlen=250000), 1: deque([33], maxlen=250000)}"
20,"{-1: deque([1, 3, 4, 6, 7, 8, 9, 10, 11, 12, 14, 15, 16, 17, 20, 21, 22, 25, 26, 27, 29, 30, 31, 32], maxlen=250000), 1.5: deque([0], maxlen=250000), 1: deque([33], maxlen=250000)}","{-1: deque([2, 5, 13, 18, 19, 23, 24, 28], maxlen=250000), 1.5: deque([0], maxlen=250000)}"
21,"{-1: deque([3, 5, 6, 7, 8, 10, 11, 12, 13, 14, 15, 16, 17, 19, 20, 21, 23, 25, 26, 27, 28, 29, 31, 32], maxlen=250000), 1.5: deque([0], maxlen=250000)}","{-1: deque([1, 2, 4, 9, 18, 22, 24, 30], maxlen=250000), 1.5: deque([0], maxlen=250000), 1: deque([33], maxlen=250000)}"
22,"{-1: deque([1, 2, 4, 5, 6, 7, 8, 10, 14, 15, 16, 17, 18, 19, 20, 22, 23, 24, 25, 27, 28, 30, 31, 32], maxlen=250000), 1.5: deque([0], maxlen=250000)}","{-1: deque([3, 9, 11, 12, 13, 21, 26, 29], maxlen=250000), 1.5: deque([0], maxlen=250000), 1: deque([33], maxlen=250000)}"
23,"{-1: deque([1, 2, 3, 4, 7, 8, 9, 10, 11, 13, 14, 15, 16, 18, 19, 20, 21, 22, 23, 25, 26, 27, 29, 30], maxlen=250000), 1.5: deque([0], maxlen=250000)}","{-1: deque([5, 6, 12, 17, 24, 28, 31, 32], maxlen=250000), 1.5: deque([0], maxlen=250000), 1: deque([33], maxlen=250000)}"
24,"{-1: deque([2, 4, 5, 6, 7, 8, 11, 12, 13, 14, 15, 17, 18, 19, 20, 22, 23, 24, 26, 27, 28, 29, 31, 32], maxlen=250000), 1.5: deque([0], maxlen=250000)}","{-1: deque([1, 3, 9, 10, 16, 21, 25, 30], maxlen=250000), 1.5: deque([0], maxlen=250000), 1: deque([33], maxlen=250000)}"
25,"{-1: deque([1, 4, 5, 7, 8, 9, 10, 11, 12, 14, 15, 16, 18, 19, 20, 21, 22, 23, 26, 27, 28, 29, 30, 31], maxlen=250000), 1.5: deque([0], maxlen=250000)}","{-1: deque([2, 3, 6, 13, 17, 24, 25, 32], maxlen=250000), 1.5: deque([0], maxlen=250000), 1: deque([33], maxlen=250000)}"
26,"{-1: deque([2, 3, 5, 6, 7, 8, 9, 10, 11, 12, 16, 17, 19, 20, 21, 22, 23, 24, 25, 26, 29, 30, 31, 32], maxlen=250000), 1.5: deque([0], maxlen=250000)}","{-1: deque([1, 4, 13, 14, 15, 18, 27, 28], maxlen=250000), 1.5: deque([0], maxlen=250000), 1: deque([33], maxlen=250000)}"
27,"{-1: deque([1, 3, 6, 7, 8, 9, 10, 12, 13, 15, 16, 17, 19, 20, 21, 22, 23, 24, 25, 26, 27, 30, 31, 32], maxlen=250000), 1.5: deque([0], maxlen=250000)}","{-1: deque([2, 4, 5, 11, 14, 18, 28, 29], maxlen=250000), 1.5: deque([0], maxlen=250000), 1: deque([33], maxlen=250000)}"
28,"{-1: deque([3, 5, 6, 7, 8, 10, 11, 12, 13, 14, 15, 16, 17, 18, 19, 20, 23, 25, 26, 27, 28, 29, 31, 32], maxlen=250000), 1.5: deque([0], maxlen=250000)}","{-1: deque([1, 2, 4, 9, 21, 22, 24, 30], maxlen=250000), 1.5: deque([0], maxlen=250000), 1: deque([33], maxlen=250000)}"
29,"{-1: deque([2, 3, 5, 6, 7, 8, 9, 10, 11, 12, 14, 15, 16, 17, 18, 19, 20, 22, 25, 27, 28, 30, 31, 32], maxlen=250000), 1.5: deque([0], maxlen=250000)}","{-1: deque([1, 4, 13, 21, 23, 24, 26, 29], maxlen=250000), 1.5: deque([0], maxlen=250000), 1: deque([33], maxlen=250000)}"
30,"{-1: deque([3, 4, 5, 6, 7, 8, 10, 11, 13, 14, 15, 16, 19, 20, 21, 22, 23, 24, 26, 27, 28, 30, 31, 32], maxlen=250000), 1.5: deque([0], maxlen=250000)}","{-1: deque([1, 2, 9, 12, 17, 18, 25, 29], maxlen=250000), 1.5: deque([0], maxlen=250000), 1: deque([33], maxlen=250000)}"
31,"{-1: deque([2, 4, 5, 6, 9, 10, 12, 13, 14, 15, 16, 17, 18, 19, 21, 22, 23, 24, 25, 26, 29, 30, 31, 32], maxlen=250000), 1.5: deque([0], maxlen=250000)}","{-1: deque([1, 3, 7, 8, 11, 20, 27, 28], maxlen=250000), 1.5: deque([0], maxlen=250000), 1: deque([33], maxlen=250000)}"
32,"{-1: deque([1, 2, 4, 5, 6, 7, 10, 11, 12, 13, 15, 16, 17, 18, 19, 20, 21, 23, 25, 26, 27, 28, 29, 30], maxlen=250000), 1.5: deque([0], maxlen=250000)}","{-1: deque([3, 8, 9, 14, 22, 24, 31, 32], maxlen=250000), 1.5: deque([0], maxlen=250000), 1: deque([33], maxlen=250000)}"
33,"{-1: deque([2, 4, 5, 6, 8, 10, 11, 14, 15, 16, 17, 18, 19, 20, 21, 23, 24, 25, 26, 27, 29, 30, 31, 32], maxlen=250000), 1.5: deque([0], maxlen=250000)}","{-1: deque([1, 3, 7, 9, 12, 13, 22, 28], maxlen=250000), 1.5: deque([0], maxlen=250000), 1: deque([33], maxlen=250000)}"
34,"{-1: deque([1, 5, 6, 7, 9, 10, 11, 13, 14, 15, 16, 17, 19, 20, 21, 22, 24, 25, 26, 27, 28, 29, 31, 32], maxlen=250000), 1.5: deque([0], maxlen=250000)}","{-1: deque([2, 3, 4, 8, 12, 18, 23, 30], maxlen=250000), 1.5: deque([0], maxlen=250000), 1: deque([33], maxlen=250000)}"
35,"{-1: deque([2, 4, 5, 6, 7, 8, 9, 10, 12, 13, 14, 15, 17, 18, 21, 22, 23, 24, 25, 26, 27, 29, 31, 32], maxlen=250000), 1.5: deque([0], maxlen=250000)}","{-1: deque([1, 3, 11, 16, 19, 20, 28, 30], maxlen=250000), 1.5: deque([0], maxlen=250000), 1: deque([33], maxlen=250000)}"
36,"{-1: deque([1, 2, 3, 4, 7, 8, 9, 11, 13, 14, 15, 19, 20, 21, 22, 23, 24, 25, 26, 27, 28, 30, 31, 32], maxlen=250000), 1.5: deque([0], maxlen=250000)}","{-1: deque([5, 6, 10, 12, 16, 17, 18, 29], maxlen=250000), 1.5: deque([0], maxlen=250000), 1: deque([33], maxlen=250000)}"
37,"{-1: deque([1, 3, 4, 5, 7, 8, 10, 11, 12, 13, 14, 15, 16, 17, 18, 19, 20, 24, 25, 26, 27, 28, 31, 32], maxlen=250000), 1.5: deque([0], maxlen=250000)}","{-1: deque([2, 6, 9, 21, 22, 23, 29, 30], maxlen=250000), 1.5: deque([0], maxlen=250000), 1: deque([33], maxlen=250000)}"
38,"{-1: deque([1, 2, 4, 5, 6, 7, 8, 9, 10, 11, 12, 14, 15, 18, 19, 20, 21, 24, 25, 26, 28, 29, 30, 32], maxlen=250000), 1.5: deque([0], maxlen=250000)}","{-1: deque([3, 13, 16, 17, 22, 23, 27, 31], maxlen=250000), 1.5: deque([0], maxlen=250000), 1: deque([33], maxlen=250000)}"
39,"{-1: deque([1, 2, 3, 4, 5, 6, 7, 8, 9, 10, 11, 12, 13, 14, 15, 16, 17, 18, 19, 21, 26, 28, 30, 32], maxlen=250000), 1.5: deque([0], maxlen=250000)}","{-1: deque([20, 22, 23, 24, 25, 27, 29, 31], maxlen=250000), 1.5: deque([0], maxlen=250000), 1: deque([33], maxlen=250000)}"
40,"{-1: deque([2, 3, 4, 5, 6, 7, 8, 10, 12, 13, 14, 16, 18, 19, 20, 22, 23, 24, 25, 26, 27, 28, 31, 32], maxlen=250000), 1.5: deque([0], maxlen=250000)}","{-1: deque([1, 9, 11, 15, 17, 21, 29, 30], maxlen=250000), 1.5: deque([0], maxlen=250000), 1: deque([33], maxlen=250000)}"
41,"{-1: deque([1, 5, 6, 7, 10, 11, 12, 14, 15, 16, 17, 18, 20, 21, 22, 23, 24, 25, 26, 27, 28, 30, 31, 32], maxlen=250000), 1.5: deque([0], maxlen=250000)}","{-1: deque([2, 3, 4, 8, 9, 13, 19, 29], maxlen=250000), 1.5: deque([0], maxlen=250000), 1: deque([33], maxlen=250000)}"
42,"{-1: deque([1, 2, 3, 4, 6, 7, 8, 9, 10, 11, 12, 14, 15, 18, 19, 20, 22, 24, 26, 27, 28, 29, 30, 31], maxlen=250000), 1.5: deque([0], maxlen=250000)}","{-1: deque([5, 13, 16, 17, 21, 23, 25, 32], maxlen=250000), 1.5: deque([0], maxlen=250000), 1: deque([33], maxlen=250000)}"
43,"{-1: deque([1, 2, 3, 5, 6, 7, 8, 10, 11, 15, 16, 18, 19, 21, 22, 24, 25, 26, 27, 28, 29, 30, 31, 32], maxlen=250000), 1.5: deque([0], maxlen=250000)}","{-1: deque([4, 9, 12, 13, 14, 17, 20, 23], maxlen=250000), 1.5: deque([0], maxlen=250000), 1: deque([33], maxlen=250000)}"
44,"{-1: deque([1, 2, 3, 4, 5, 6, 7, 8, 10, 11, 13, 14, 15, 17, 19, 20, 21, 24, 25, 26, 27, 28, 29, 31], maxlen=250000), 1.5: deque([0], maxlen=250000)}","{-1: deque([9, 12, 16, 18, 22, 23, 30, 32], maxlen=250000), 1.5: deque([0], maxlen=250000), 1: deque([33], maxlen=250000)}"
45,"{-1: deque([1, 2, 3, 4, 7, 8, 9, 10, 12, 13, 15, 16, 17, 19, 20, 22, 23, 25, 26, 27, 29, 30, 31, 32], maxlen=250000), 1.5: deque([0], maxlen=250000)}","{-1: deque([5, 6, 11, 14, 18, 21, 24, 28], maxlen=250000), 1.5: deque([0], maxlen=250000), 1: deque([33], maxlen=250000)}"
46,"{-1: deque([1, 2, 3, 4, 6, 10, 11, 13, 14, 15, 16, 17, 18, 19, 20, 21, 22, 23, 24, 25, 28, 29, 30, 31], maxlen=250000), 1.5: deque([0], maxlen=250000), 1: deque([33], maxlen=250000)}","{-1: deque([5, 7, 8, 9, 12, 26, 27, 32], maxlen=250000), 1.5: deque([0], maxlen=250000)}"
47,"{-1: deque([1, 3, 5, 6, 8, 9, 11, 12, 13, 14, 15, 16, 17, 18, 19, 20, 22, 23, 24, 25, 27, 28, 29, 32], maxlen=250000), 1.5: deque([0], maxlen=250000)}","{-1: deque([2, 4, 7, 10, 21, 26, 30, 31], maxlen=250000), 1.5: deque([0], maxlen=250000), 1: deque([33], maxlen=250000)}"
48,"{-1: deque([1, 2, 4, 5, 6, 7, 9, 11, 12, 13, 15, 16, 17, 18, 19, 21, 22, 23, 24, 25, 27, 29, 31, 32], maxlen=250000), 1.5: deque([0], maxlen=250000)}","{-1: deque([3, 8, 10, 14, 20, 26, 28, 30], maxlen=250000), 1.5: deque([0], maxlen=250000), 1: deque([33], maxlen=250000)}"
49,"{-1: deque([1, 2, 3, 5, 6, 8, 11, 14, 15, 16, 17, 18, 19, 21, 22, 23, 24, 25, 26, 28, 29, 30, 31, 32], maxlen=250000), 1.5: deque([0], maxlen=250000)}","{-1: deque([4, 7, 9, 10, 12, 13, 20, 27], maxlen=250000), 1.5: deque([0], maxlen=250000), 1: deque([33], maxlen=250000)}"
50,"{-1: deque([1, 2, 3, 4, 6, 8, 10, 11, 12, 13, 16, 17, 19, 21, 23, 24, 25, 26, 27, 28, 29, 30, 31, 32], maxlen=250000), 1.5: deque([0], maxlen=250000)}","{-1: deque([5, 7, 9, 14, 15, 18, 20, 22], maxlen=250000), 1.5: deque([0], maxlen=250000), 1: deque([33], maxlen=250000)}"
51,"{-1: deque([1, 3, 4, 7, 8, 10, 11, 12, 13, 14, 15, 16, 17, 18, 20, 22, 24, 25, 27, 28, 29, 30, 31, 32], maxlen=250000), 1.5: deque([0], maxlen=250000), 1: deque([33], maxlen=250000)}","{-1: deque([2, 5, 6, 9, 19, 21, 23, 26], maxlen=250000), 1.5: deque([0], maxlen=250000)}"
52,"{-1: deque([1, 3, 5, 6, 7, 8, 9, 11, 12, 13, 14, 16, 18, 19, 22, 23, 24, 26, 27, 28, 29, 30, 31, 32], maxlen=250000), 1.5: deque([0], maxlen=250000)}","{-1: deque([2, 4, 10, 15, 17, 20, 21, 25], maxlen=250000), 1.5: deque([0], maxlen=250000), 1: deque([33], maxlen=250000)}"
53,"{-1: deque([1, 2, 3, 4, 6, 7, 9, 12, 14, 16, 17, 18, 19, 20, 21, 22, 23, 24, 25, 26, 28, 29, 30, 31], maxlen=250000), 1.5: deque([0], maxlen=250000)}","{-1: deque([5, 8, 10, 11, 13, 15, 27, 32], maxlen=250000), 1.5: deque([0], maxlen=250000), 1: deque([33], maxlen=250000)}"
54,"{-1: deque([1, 2, 4, 5, 6, 7, 8, 9, 10, 13, 14, 16, 17, 18, 19, 20, 22, 25, 26, 27, 29, 30, 31, 32], maxlen=250000), 1.5: deque([0], maxlen=250000)}","{-1: deque([3, 11, 12, 15, 21, 23, 24, 28], maxlen=250000), 1.5: deque([0], maxlen=250000), 1: deque([33], maxlen=250000)}"
55,"{-1: deque([2, 3, 5, 6, 7, 9, 10, 12, 13, 14, 15, 17, 18, 20, 21, 23, 24, 25, 27, 28, 29, 30, 31, 32], maxlen=250000), 1.5: deque([0], maxlen=250000)}","{-1: deque([1, 4, 8, 11, 16, 19, 22, 26], maxlen=250000), 1.5: deque([0], maxlen=250000), 1: deque([33], maxlen=250000)}"
56,"{-1: deque([1, 2, 3, 4, 8, 10, 11, 13, 14, 15, 16, 17, 18, 19, 20, 21, 22, 23, 24, 25, 26, 29, 30, 31], maxlen=250000), 1.5: deque([0], maxlen=250000)}","{-1: deque([5, 6, 7, 9, 12, 27, 28, 32], maxlen=250000), 1.5: deque([0], maxlen=250000), 1: deque([33], maxlen=250000)}"
57,"{-1: deque([1, 2, 4, 6, 7, 8, 9, 12, 13, 14, 15, 17, 19, 20, 21, 22, 25, 26, 27, 28, 29, 30, 31, 32], maxlen=250000), 1.5: deque([0], maxlen=250000)}","{-1: deque([3, 5, 10, 11, 16, 18, 23, 24], maxlen=250000), 1.5: deque([0], maxlen=250000), 1: deque([33], maxlen=250000)}"
58,"{-1: deque([2, 4, 7, 10, 11, 12, 13, 14, 15, 16, 17, 18, 19, 20, 21, 22, 23, 24, 25, 26, 27, 29, 31, 32], maxlen=250000), 1.5: deque([0], maxlen=250000)}","{-1: deque([1, 3, 5, 6, 8, 9, 28, 30], maxlen=250000), 1.5: deque([0], maxlen=250000), 1: deque([33], maxlen=250000)}"
59,"{-1: deque([1, 2, 3, 4, 5, 6, 7, 8, 9, 10, 12, 13, 14, 15, 18, 19, 20, 24, 25, 26, 27, 30, 31, 32], maxlen=250000), 1.5: deque([0], maxlen=250000), 1: deque([33], maxlen=250000)}","{-1: deque([11, 16, 17, 21, 22, 23, 28, 29], maxlen=250000), 1.5: deque([0], maxlen=250000)}"
60,"{-1: deque([1, 3, 4, 5, 6, 7, 8, 9, 10, 11, 12, 13, 16, 17, 19, 20, 22, 23, 26, 27, 28, 30, 31, 32], maxlen=250000), 1.5: deque([0], maxlen=250000)}","{-1: deque([2, 14, 15, 18, 21, 24, 25, 29], maxlen=250000), 1.5: deque([0], maxlen=250000), 1: deque([33], maxlen=250000)}"
61,"{-1: deque([1, 3, 4, 5, 6, 8, 9, 10, 12, 14, 16, 17, 18, 19, 20, 22, 24, 25, 26, 27, 28, 29, 30, 32], maxlen=250000), 1.5: deque([0], maxlen=250000)}","{-1: deque([2, 7, 11, 13, 15, 21, 23, 31], maxlen=250000), 1.5: deque([0], maxlen=250000), 1: deque([33], maxlen=250000)}"
62,"{-1: deque([1, 2, 3, 5, 7, 8, 9, 10, 11, 12, 13, 14, 16, 19, 20, 21, 22, 23, 24, 26, 28, 29, 30, 32], maxlen=250000), 1.5: deque([0], maxlen=250000)}","{-1: deque([4, 6, 15, 17, 18, 25, 27, 31], maxlen=250000), 1.5: deque([0], maxlen=250000), 1: deque([33], maxlen=250000)}"
63,"{-1: deque([1, 3, 5, 6, 7, 9, 10, 11, 14, 15, 18, 19, 20, 21, 22, 23, 24, 26, 27, 28, 29, 30, 31, 32], maxlen=250000), 1.5: deque([0], maxlen=250000)}","{-1: deque([2, 4, 8, 12, 13, 16, 17, 25], maxlen=250000), 1.5: deque([0], maxlen=250000), 1: deque([33], maxlen=250000)}"
64,"{-1: deque([1, 2, 3, 4, 5, 6, 8, 9, 10, 11, 14, 15, 17, 18, 19, 20, 23, 24, 25, 26, 28, 29, 31, 32], maxlen=250000), 1.5: deque([0], maxlen=250000)}","{-1: deque([7, 12, 13, 16, 21, 22, 27, 30], maxlen=250000), 1.5: deque([0], maxlen=250000), 1: deque([33], maxlen=250000)}"
65,"{-1: deque([1, 2, 3, 5, 6, 7, 8, 9, 12, 13, 14, 16, 17, 18, 20, 22, 24, 25, 26, 27, 28, 30, 31, 32], maxlen=250000), 1.5: deque([0], maxlen=250000)}","{-1: deque([4, 10, 11, 15, 19, 21, 23, 29], maxlen=250000), 1.5: deque([0], maxlen=250000), 1: deque([33], maxlen=250000)}"
66,"{-1: deque([1, 2, 3, 5, 6, 7, 8, 9, 11, 12, 13, 15, 16, 17, 18, 19, 20, 22, 23, 26, 27, 30, 31, 32], maxlen=250000), 1.5: deque([0], maxlen=250000)}","{-1: deque([4, 10, 14, 21, 24, 25, 28, 29], maxlen=250000), 1.5: deque([0], maxlen=250000), 1: deque([33], maxlen=250000)}"
67,"{-1: deque([3, 4, 5, 6, 7, 8, 9, 10, 12, 14, 15, 16, 17, 19, 20, 22, 23, 24, 26, 27, 28, 29, 30, 32], maxlen=250000), 1.5: deque([0], maxlen=250000)}","{-1: deque([1, 2, 11, 13, 18, 21, 25, 31], maxlen=250000), 1.5: deque([0], maxlen=250000), 1: deque([33], maxlen=250000)}"
68,"{-1: deque([1, 4, 5, 6, 7, 8, 9, 11, 13, 14, 15, 16, 17, 18, 19, 21, 25, 26, 27, 28, 29, 30, 31, 32], maxlen=250000), 1.5: deque([0], maxlen=250000)}","{-1: deque([2, 3, 10, 12, 20, 22, 23, 24], maxlen=250000), 1.5: deque([0], maxlen=250000), 1: deque([33], maxlen=250000)}"
69,"{-1: deque([2, 3, 4, 6, 7, 8, 9, 10, 11, 12, 14, 15, 17, 18, 19, 20, 21, 22, 23, 25, 28, 29, 30, 31], maxlen=250000), 1.5: deque([0], maxlen=250000), 1: deque([33], maxlen=250000)}","{-1: deque([1, 5, 13, 16, 24, 26, 27, 32], maxlen=250000), 1.5: deque([0], maxlen=250000)}"
70,"{-1: deque([1, 4, 6, 7, 8, 9, 10, 12, 13, 14, 16, 18, 19, 20, 21, 22, 23, 25, 26, 27, 28, 29, 30, 31], maxlen=250000), 1.5: deque([0], maxlen=250000)}","{-1: deque([2, 3, 5, 11, 15, 17, 24, 32], maxlen=250000), 1.5: deque([0], maxlen=250000), 1: deque([33], maxlen=250000)}"
71,"{-1: deque([1, 3, 4, 5, 6, 7, 8, 9, 10, 11, 12, 13, 14, 15, 16, 17, 21, 22, 24, 27, 28, 29, 30, 31], maxlen=250000), 1.5: deque([0], maxlen=250000)}","{-1: deque([2, 18, 19, 20, 23, 25, 26, 32], maxlen=250000), 1.5: deque([0], maxlen=250000), 1: deque([33], maxlen=250000)}"
72,"{-1: deque([1, 2, 3, 4, 6, 7, 8, 9, 13, 14, 15, 17, 18, 19, 20, 22, 23, 24, 25, 26, 27, 29, 30, 31], maxlen=250000), 1.5: deque([0], maxlen=250000)}","{-1: deque([5, 10, 11, 12, 16, 21, 28, 32], maxlen=250000), 1.5: deque([0], maxlen=250000), 1: deque([33], maxlen=250000)}"
73,"{-1: deque([1, 2, 3, 4, 5, 6, 7, 8, 9, 10, 12, 13, 14, 16, 17, 19, 21, 22, 25, 27, 28, 29, 30, 32], maxlen=250000), 1.5: deque([0], maxlen=250000)}","{-1: deque([11, 15, 18, 20, 23, 24, 26, 31], maxlen=250000), 1.5: deque([0], maxlen=250000), 1: deque([33], maxlen=250000)}"
74,"{-1: deque([1, 2, 3, 4, 5, 7, 9, 10, 11, 12, 13, 14, 15, 17, 18, 19, 20, 21, 23, 25, 26, 27, 30, 31], maxlen=250000), 1.5: deque([0], maxlen=250000), 1: deque([33], maxlen=250000)}","{-1: deque([6, 8, 16, 22, 24, 28, 29, 32], maxlen=250000), 1.5: deque([0], maxlen=250000)}"
75,"{-1: deque([1, 3, 4, 5, 8, 10, 11, 12, 13, 14, 15, 16, 17, 18, 19, 22, 23, 24, 26, 27, 28, 29, 30, 32], maxlen=250000), 1.5: deque([0], maxlen=250000), 1: deque([33], maxlen=250000)}","{-1: deque([2, 6, 7, 9, 20, 21, 25, 31], maxlen=250000), 1.5: deque([0], maxlen=250000)}"
76,"{-1: deque([3, 5, 6, 8, 9, 11, 12, 13, 15, 16, 17, 18, 19, 20, 21, 22, 25, 26, 27, 28, 29, 30, 31, 32], maxlen=250000), 1.5: deque([0], maxlen=250000)}","{-1: deque([1, 2, 4, 7, 10, 14, 23, 24], maxlen=250000), 1.5: deque([0], maxlen=250000), 1: deque([33], maxlen=250000)}"
77,"{-1: deque([1, 2, 3, 4, 5, 6, 8, 9, 10, 11, 12, 13, 14, 15, 16, 18, 19, 20, 21, 23, 24, 27, 30, 32], maxlen=250000), 1.5: deque([0], maxlen=250000)}","{-1: deque([7, 17, 22, 25, 26, 28, 29, 31], maxlen=250000), 1.5: deque([0], maxlen=250000), 1: deque([33], maxlen=250000)}"
78,"{-1: deque([1, 5, 8, 9, 10, 11, 13, 14, 15, 16, 17, 18, 19, 20, 22, 23, 24, 25, 27, 28, 29, 30, 31, 32], maxlen=250000), 1.5: deque([0], maxlen=250000), 1: deque([33], maxlen=250000)}","{-1: deque([2, 3, 4, 6, 7, 12, 21, 26], maxlen=250000), 1.5: deque([0], maxlen=250000)}"
79,"{-1: deque([1, 2, 3, 4, 6, 7, 8, 10, 11, 12, 13, 15, 17, 18, 20, 22, 24, 26, 27, 28, 29, 30, 31, 32], maxlen=250000), 1.5: deque([0], maxlen=250000)}","{-1: deque([5, 9, 14, 16, 19, 21, 23, 25], maxlen=250000), 1.5: deque([0], maxlen=250000), 1: deque([33], maxlen=250000)}"
80,"{-1: deque([1, 2, 3, 4, 5, 7, 8, 9, 10, 11, 13, 15, 16, 18, 20, 21, 25, 26, 27, 28, 29, 30, 31, 32], maxlen=250000), 1.5: deque([0], maxlen=250000)}","{-1: deque([6, 12, 14, 17, 19, 22, 23, 24], maxlen=250000), 1.5: deque([0], maxlen=250000), 1: deque([33], maxlen=250000)}"
81,"{-1: deque([1, 3, 4, 6, 7, 9, 10, 12, 13, 14, 15, 16, 19, 20, 22, 24, 25, 26, 27, 28, 29, 30, 31, 32], maxlen=250000), 1.5: deque([0], maxlen=250000)}","{-1: deque([2, 5, 8, 11, 17, 18, 21, 23], maxlen=250000), 1.5: deque([0], maxlen=250000), 1: deque([33], maxlen=250000)}"
82,"{-1: deque([1, 3, 4, 5, 6, 9, 10, 11, 12, 13, 14, 16, 17, 18, 19, 21, 22, 23, 25, 26, 28, 29, 31, 32], maxlen=250000), 1.5: deque([0], maxlen=250000), 1: deque([33], maxlen=250000)}","{-1: deque([2, 7, 8, 15, 20, 24, 27, 30], maxlen=250000), 1.5: deque([0], maxlen=250000)}"
83,"{-1: deque([1, 3, 4, 5, 6, 7, 8, 9, 11, 12, 14, 15, 16, 17, 18, 20, 23, 24, 26, 27, 28, 29, 30, 32], maxlen=250000), 1.5: deque([0], maxlen=250000)}","{-1: deque([2, 10, 13, 19, 21, 22, 25, 31], maxlen=250000), 1.5: deque([0], maxlen=250000), 1: deque([33], maxlen=250000)}"
84,"{-1: deque([1, 2, 3, 5, 6, 9, 10, 11, 13, 14, 15, 16, 18, 19, 20, 21, 24, 25, 26, 27, 29, 30, 31, 32], maxlen=250000), 1.5: deque([0], maxlen=250000)}","{-1: deque([4, 7, 8, 12, 17, 22, 23, 28], maxlen=250000), 1.5: deque([0], maxlen=250000), 1: deque([33], maxlen=250000)}"
85,"{-1: deque([1, 2, 3, 4, 5, 6, 8, 11, 12, 13, 14, 17, 18, 19, 23, 24, 25, 26, 27, 28, 29, 30, 31, 32], maxlen=250000), 1.5: deque([0], maxlen=250000)}","{-1: deque([7, 9, 10, 15, 16, 20, 21, 22], maxlen=250000), 1.5: deque([0], maxlen=250000), 1: deque([33], maxlen=250000)}"
86,"{-1: deque([1, 2, 3, 4, 5, 7, 9, 10, 14, 15, 16, 17, 18, 19, 20, 22, 24, 25, 26, 28, 29, 30, 31, 32], maxlen=250000), 1.5: deque([0], maxlen=250000), 1: deque([33], maxlen=250000)}","{-1: deque([6, 8, 11, 12, 13, 21, 23, 27], maxlen=250000), 1.5: deque([0], maxlen=250000)}"
87,"{-1: deque([1, 2, 3, 4, 5, 6, 7, 8, 9, 10, 12, 15, 17, 18, 19, 20, 21, 22, 23, 25, 27, 29, 30, 32], maxlen=250000), 1.5: deque([0], maxlen=250000)}","{-1: deque([11, 13, 14, 16, 24, 26, 28, 31], maxlen=250000), 1.5: deque([0], maxlen=250000), 1: deque([33], maxlen=250000)}"
88,"{-1: deque([1, 3, 4, 5, 6, 7, 8, 11, 14, 15, 16, 17, 18, 19, 21, 22, 23, 24, 25, 26, 27, 29, 30, 31], maxlen=250000), 1.5: deque([0], maxlen=250000)}","{-1: deque([2, 9, 10, 12, 13, 20, 28, 32], maxlen=250000), 1.5: deque([0], maxlen=250000), 1: deque([33], maxlen=250000)}"
89,"{-1: deque([1, 2, 4, 5, 6, 7, 9, 10, 11, 12, 13, 14, 15, 17, 18, 19, 21, 22, 23, 26, 27, 28, 30, 32], maxlen=250000), 1.5: deque([0], maxlen=250000), 1: deque([33], maxlen=250000)}","{-1: deque([3, 8, 16, 20, 24, 25, 29, 31], maxlen=250000), 1.5: deque([0], maxlen=250000)}"
90,"{-1: deque([1, 3, 4, 7, 8, 9, 11, 12, 14, 15, 16, 17, 18, 19, 21, 22, 23, 26, 27, 28, 29, 30, 31, 32], maxlen=250000), 1.5: deque([0], maxlen=250000)}","{-1: deque([2, 5, 6, 10, 13, 20, 24, 25], maxlen=250000), 1.5: deque([0], maxlen=250000), 1: deque([33], maxlen=250000)}"
91,"{-1: deque([2, 4, 5, 6, 7, 8, 9, 10, 13, 14, 15, 17, 18, 19, 20, 21, 22, 24, 25, 27, 28, 29, 30, 32], maxlen=250000), 1.5: deque([0], maxlen=250000)}","{-1: deque([1, 3, 11, 12, 16, 23, 26, 31], maxlen=250000), 1.5: deque([0], maxlen=250000), 1: deque([33], maxlen=250000)}"
92,"{-1: deque([1, 2, 3, 4, 5, 6, 7, 12, 13, 14, 16, 18, 19, 20, 21, 22, 23, 24, 25, 26, 28, 29, 30, 32], maxlen=250000), 1.5: deque([0], maxlen=250000)}","{-1: deque([8, 9, 10, 11, 15, 17, 27, 31], maxlen=250000), 1.5: deque([0], maxlen=250000), 1: deque([33], maxlen=250000)}"
93,"{-1: deque([2, 4, 7, 8, 9, 10, 11, 12, 13, 15, 16, 17, 19, 20, 21, 23, 24, 25, 26, 27, 28, 29, 30, 31], maxlen=250000), 1.5: deque([0], maxlen=250000), 1: deque([33], maxlen=250000)}","{-1: deque([1, 3, 5, 6, 14, 18, 22, 32], maxlen=250000), 1.5: deque([0], maxlen=250000)}"
94,"{-1: deque([1, 2, 3, 4, 5, 8, 9, 10, 11, 13, 14, 16, 17, 20, 21, 23, 24, 25, 27, 28, 29, 30, 31, 32], maxlen=250000), 1.5: deque([0], maxlen=250000)}","{-1: deque([6, 7, 12, 15, 18, 19, 22, 26], maxlen=250000), 1.5: deque([0], maxlen=250000), 1: deque([33], maxlen=250000)}"
95,"{-1: deque([1, 2, 4, 5, 6, 7, 8, 9, 11, 12, 14, 15, 16, 17, 19, 20, 21, 23, 25, 26, 27, 28, 29, 31], maxlen=250000), 1.5: deque([0], maxlen=250000)}","{-1: deque([3, 10, 13, 18, 22, 24, 30, 32], maxlen=250000), 1.5: deque([0], maxlen=250000), 1: deque([33], maxlen=250000)}"
96,"{-1: deque([1, 3, 4, 5, 6, 10, 12, 13, 14, 15, 16, 17, 18, 19, 20, 22, 23, 24, 25, 26, 29, 30, 31, 32], maxlen=250000), 1.5: deque([0], maxlen=250000)}","{-1: deque([2, 7, 8, 9, 11, 21, 27, 28], maxlen=250000), 1.5: deque([0], maxlen=250000), 1: deque([33], maxlen=250000)}"
97,"{-1: deque([1, 3, 5, 6, 7, 9, 10, 14, 15, 17, 18, 19, 20, 21, 22, 23, 24, 25, 26, 27, 28, 29, 30, 32], maxlen=250000), 1.5: deque([0], maxlen=250000)}","{-1: deque([2, 4, 8, 11, 12, 13, 16, 31], maxlen=250000), 1.5: deque([0], maxlen=250000), 1: deque([33], maxlen=250000)}"
98,"{-1: deque([1, 2, 3, 4, 6, 8, 9, 12, 13, 14, 15, 16, 17, 18, 19, 20, 21, 24, 25, 27, 29, 30, 31, 32], maxlen=250000), 1.5: deque([0], maxlen=250000)}","{-1: deque([5, 7, 10, 11, 22, 23, 26, 28], maxlen=250000), 1.5: deque([0], maxlen=250000), 1: deque([33], maxlen=250000)}"
99,"{-1: deque([1, 2, 3, 5, 6, 7, 8, 10, 11, 12, 13, 15, 16, 17, 18, 20, 21, 22, 23, 24, 26, 27, 29, 30], maxlen=250000), 1.5: deque([0], maxlen=250000)}","{-1: deque([4, 9, 14, 19, 25, 28, 31, 32], maxlen=250000), 1.5: deque([0], maxlen=250000), 1: deque([33], maxlen=250000)}"
100,"{-1: deque([1, 2, 4, 5, 7, 8, 10, 11, 13, 14, 16, 17, 18, 19, 20, 21, 22, 23, 24, 25, 27, 30, 31, 32], maxlen=250000), 1.5: deque([0], maxlen=250000)}","{-1: deque([3, 6, 9, 12, 15, 26, 28, 29], maxlen=250000), 1.5: deque([0], maxlen=250000), 1: deque([33], maxlen=250000)}"
101,"{-1: deque([1, 3, 4, 5, 7, 8, 10, 11, 12, 13, 15, 16, 17, 18, 19, 21, 22, 23, 24, 25, 26, 27, 29, 31], maxlen=250000), 1.5: deque([0], maxlen=250000)}","{-1: deque([2, 6, 9, 14, 20, 28, 30, 32], maxlen=250000), 1.5: deque([0], maxlen=250000), 1: deque([33], maxlen=250000)}"
102,"{-1: deque([2, 3, 4, 5, 6, 7, 9, 10, 11, 12, 13, 14, 15, 19, 20, 21, 23, 24, 25, 27, 29, 30, 31, 32], maxlen=250000), 1.5: deque([0], maxlen=250000), 1: deque([33], maxlen=250000)}","{-1: deque([1, 8, 16, 17, 18, 22, 26, 28], maxlen=250000), 1.5: deque([0], maxlen=250000)}"
103,"{-1: deque([2, 3, 4, 6, 7, 8, 10, 11, 12, 16, 17, 18, 19, 20, 21, 22, 23, 24, 25, 27, 28, 29, 31, 32], maxlen=250000), 1.5: deque([0], maxlen=250000)}","{-1: deque([1, 5, 9, 13, 14, 15, 26, 30], maxlen=250000), 1.5: deque([0], maxlen=250000), 1: deque([33], maxlen=250000)}"
104,"{-1: deque([1, 2, 4, 5, 7, 8, 9, 10, 12, 13, 14, 15, 16, 19, 20, 21, 22, 23, 24, 26, 27, 28, 31, 32], maxlen=250000), 1.5: deque([0], maxlen=250000)}","{-1: deque([3, 6, 11, 17, 18, 25, 29, 30], maxlen=250000), 1.5: deque([0], maxlen=250000), 1: deque([33], maxlen=250000)}"
105,"{-1: deque([1, 2, 3, 4, 5, 6, 7, 8, 9, 10, 13, 14, 15, 19, 20, 21, 22, 23, 26, 27, 28, 29, 30, 31], maxlen=250000), 1.5: deque([0], maxlen=250000)}","{-1: deque([11, 12, 16, 17, 18, 24, 25, 32], maxlen=250000), 1.5: deque([0], maxlen=250000), 1: deque([33], maxlen=250000)}"
106,"{-1: deque([1, 2, 3, 4, 5, 7, 8, 10, 11, 12, 13, 14, 15, 16, 17, 18, 22, 23, 24, 25, 26, 27, 28, 30], maxlen=250000), 1.5: deque([0], maxlen=250000)}","{-1: deque([6, 9, 19, 20, 21, 29, 31, 32], maxlen=250000), 1.5: deque([0], maxlen=250000), 1: deque([33], maxlen=250000)}"
107,"{-1: deque([2, 3, 4, 5, 6, 7, 9, 11, 12, 13, 15, 16, 17, 18, 20, 21, 22, 23, 25, 26, 27, 29, 31, 32], maxlen=250000), 1.5: deque([0], maxlen=250000)}","{-1: deque([1, 8, 10, 14, 19, 24, 28, 30], maxlen=250000), 1.5: deque([0], maxlen=250000), 1: deque([33], maxlen=250000)}"
108,"{-1: deque([1, 2, 4, 5, 6, 8, 9, 10, 11, 12, 13, 14, 15, 16, 18, 19, 20, 21, 23, 24, 26, 29, 30, 31], maxlen=250000), 1.5: deque([0], maxlen=250000)}","{-1: deque([3, 7, 17, 22, 25, 27, 28, 32], maxlen=250000), 1.5: deque([0], maxlen=250000), 1: deque([33], maxlen=250000)}"
109,"{-1: deque([1, 2, 4, 6, 7, 9, 10, 11, 12, 13, 15, 17, 18, 19, 20, 21, 22, 23, 25, 26, 28, 30, 31, 32], maxlen=250000), 1.5: deque([0], maxlen=250000)}","{-1: deque([3, 5, 8, 14, 16, 24, 27, 29], maxlen=250000), 1.5: deque([0], maxlen=250000), 1: deque([33], maxlen=250000)}"
110,"{-1: deque([1, 3, 4, 5, 6, 7, 8, 9, 10, 11, 13, 14, 16, 17, 19, 22, 24, 25, 27, 28, 29, 30, 31, 32], maxlen=250000), 1.5: deque([0], maxlen=250000)}","{-1: deque([2, 12, 15, 18, 20, 21, 23, 26], maxlen=250000), 1.5: deque([0], maxlen=250000), 1: deque([33], maxlen=250000)}"
111,"{-1: deque([2, 4, 5, 8, 9, 10, 12, 13, 14, 15, 16, 18, 19, 20, 21, 22, 23, 24, 25, 28, 29, 30, 31, 32], maxlen=250000), 1.5: deque([0], maxlen=250000)}","{-1: deque([1, 3, 6, 7, 11, 17, 26, 27], maxlen=250000), 1.5: deque([0], maxlen=250000), 1: deque([33], maxlen=250000)}"
112,"{-1: deque([1, 2, 3, 5, 6, 8, 9, 10, 12, 13, 14, 15, 16, 17, 19, 20, 21, 23, 24, 27, 28, 30, 31, 32], maxlen=250000), 1.5: deque([0], maxlen=250000)}","{-1: deque([4, 7, 11, 18, 22, 25, 26, 29], maxlen=250000), 1.5: deque([0], maxlen=250000), 1: deque([33], maxlen=250000)}"
113,"{-1: deque([1, 2, 6, 9, 10, 11, 12, 13, 14, 15, 16, 17, 18, 19, 20, 21, 22, 23, 25, 26, 27, 28, 31, 32], maxlen=250000), 1.5: deque([0], maxlen=250000)}","{-1: deque([3, 4, 5, 7, 8, 24, 29, 30], maxlen=250000), 1.5: deque([0], maxlen=250000), 1: deque([33], maxlen=250000)}"
114,"{-1: deque([1, 2, 4, 5, 6, 10, 11, 12, 13, 14, 15, 16, 17, 18, 19, 22, 23, 24, 25, 28, 29, 30, 31, 32], maxlen=250000), 1.5: deque([0], maxlen=250000)}","{-1: deque([3, 7, 8, 9, 20, 21, 26, 27], maxlen=250000), 1.5: deque([0], maxlen=250000), 1: deque([33], maxlen=250000)}"
115,"{-1: deque([1, 2, 4, 5, 6, 8, 9, 10, 11, 13, 14, 16, 17, 18, 19, 21, 22, 23, 24, 26, 28, 29, 31, 32], maxlen=250000), 1.5: deque([0], maxlen=250000)}","{-1: deque([3, 7, 12, 15, 20, 25, 27, 30], maxlen=250000), 1.5: deque([0], maxlen=250000), 1: deque([33], maxlen=250000)}"
116,"{-1: deque([1, 2, 3, 4, 6, 7, 10, 11, 12, 13, 14, 15, 16, 18, 19, 20, 22, 23, 24, 25, 28, 29, 31, 32], maxlen=250000), 1.5: deque([0], maxlen=250000)}","{-1: deque([5, 8, 9, 17, 21, 26, 27, 30], maxlen=250000), 1.5: deque([0], maxlen=250000), 1: deque([33], maxlen=250000)}"
117,"{-1: deque([1, 3, 6, 7, 10, 11, 12, 13, 15, 16, 17, 19, 20, 21, 22, 23, 24, 25, 26, 27, 28, 29, 30, 32], maxlen=250000), 1.5: deque([0], maxlen=250000)}","{-1: deque([2, 4, 5, 8, 9, 14, 18, 31], maxlen=250000), 1.5: deque([0], maxlen=250000), 1: deque([33], maxlen=250000)}"
118,"{-1: deque([1, 2, 3, 6, 7, 8, 9, 10, 11, 12, 13, 15, 16, 17, 18, 19, 20, 21, 24, 26, 27, 28, 29, 32], maxlen=250000), 1.5: deque([0], maxlen=250000)}","{-1: deque([4, 5, 14, 22, 23, 25, 30, 31], maxlen=250000), 1.5: deque([0], maxlen=250000), 1: deque([33], maxlen=250000)}"
119,"{-1: deque([1, 2, 3, 5, 6, 8, 10, 11, 12, 13, 14, 15, 16, 17, 18, 19, 21, 24, 25, 26, 28, 30, 31, 32], maxlen=250000), 1.5: deque([0], maxlen=250000)}","{-1: deque([4, 7, 9, 20, 22, 23, 27, 29], maxlen=250000), 1.5: deque([0], maxlen=250000), 1: deque([33], maxlen=250000)}"
120,"{-1: deque([1, 2, 3, 5, 8, 9, 11, 13, 14, 15, 17, 18, 20, 21, 22, 23, 24, 25, 26, 27, 28, 29, 30, 32], maxlen=250000), 1.5: deque([0], maxlen=250000)}","{-1: deque([4, 6, 7, 10, 12, 16, 19, 31], maxlen=250000), 1.5: deque([0], maxlen=250000), 1: deque([33], maxlen=250000)}"
121,"{-1: deque([1, 2, 4, 5, 7, 8, 9, 10, 11, 12, 13, 14, 15, 16, 17, 18, 19, 22, 24, 25, 27, 29, 31, 32], maxlen=250000), 1.5: deque([0], maxlen=250000)}","{-1: deque([3, 6, 20, 21, 23, 26, 28, 30], maxlen=250000), 1.5: deque([0], maxlen=250000), 1: deque([33], maxlen=250000)}"
122,"{-1: deque([1, 4, 6, 8, 10, 11, 13, 14, 15, 17, 18, 19, 20, 21, 22, 23, 24, 25, 26, 27, 28, 30, 31, 32], maxlen=250000), 1.5: deque([0], maxlen=250000)}","{-1: deque([2, 3, 5, 7, 9, 12, 16, 29], maxlen=250000), 1.5: deque([0], maxlen=250000), 1: deque([33], maxlen=250000)}"
123,"{-1: deque([1, 2, 3, 7, 8, 9, 11, 12, 13, 14, 15, 16, 17, 18, 19, 22, 23, 24, 26, 27, 28, 29, 30, 31], maxlen=250000), 1.5: deque([0], maxlen=250000)}","{-1: deque([4, 5, 6, 10, 20, 21, 25, 32], maxlen=250000), 1.5: deque([0], maxlen=250000), 1: deque([33], maxlen=250000)}"
124,"{-1: deque([1, 3, 4, 5, 6, 7, 8, 10, 11, 12, 13, 14, 15, 16, 17, 18, 20, 21, 23, 24, 25, 27, 30, 32], maxlen=250000), 1.5: deque([0], maxlen=250000)}","{-1: deque([2, 9, 19, 22, 26, 28, 29, 31], maxlen=250000), 1.5: deque([0], maxlen=250000), 1: deque([33], maxlen=250000)}"
125,"{-1: deque([1, 2, 5, 6, 7, 8, 9, 10, 11, 12, 13, 14, 15, 16, 17, 18, 19, 20, 21, 22, 25, 26, 30, 32], maxlen=250000), 1.5: deque([0], maxlen=250000)}","{-1: deque([3, 4, 23, 24, 27, 28, 29, 31], maxlen=250000), 1.5: deque([0], maxlen=250000), 1: deque([33], maxlen=250000)}"
126,"{-1: deque([1, 2, 3, 5, 6, 9, 11, 13, 14, 15, 19, 20, 21, 22, 23, 24, 25, 26, 27, 28, 29, 30, 31, 32], maxlen=250000), 1.5: deque([0], maxlen=250000), 1: deque([33], maxlen=250000)}","{-1: deque([4, 7, 8, 10, 12, 16, 17, 18], maxlen=250000), 1.5: deque([0], maxlen=250000)}"
127,"{-1: deque([2, 4, 5, 6, 7, 8, 9, 10, 11, 12, 14, 16, 17, 18, 19, 21, 22, 23, 24, 25, 26, 28, 29, 32], maxlen=250000), 1.5: deque([0], maxlen=250000)}","{-1: deque([1, 3, 13, 15, 20, 27, 30, 31], maxlen=250000), 1.5: deque([0], maxlen=250000), 1: deque([33], maxlen=250000)}"
128,"{-1: deque([2, 3, 4, 5, 6, 9, 11, 12, 13, 15, 17, 18, 20, 21, 22, 23, 24, 25, 27, 28, 29, 30, 31, 32], maxlen=250000), 1.5: deque([0], maxlen=250000), 1: deque([33], maxlen=250000)}","{-1: deque([1, 7, 8, 10, 14, 16, 19, 26], maxlen=250000), 1.5: deque([0], maxlen=250000)}"
129,"{-1: deque([1, 2, 3, 5, 7, 8, 9, 11, 13, 14, 15, 16, 17, 18, 20, 21, 22, 23, 24, 25, 26, 28, 31, 32], maxlen=250000), 1.5: deque([0], maxlen=250000)}","{-1: deque([4, 6, 10, 12, 19, 27, 29, 30], maxlen=250000), 1.5: deque([0], maxlen=250000), 1: deque([33], maxlen=250000)}"
130,"{-1: deque([1, 3, 4, 5, 7, 8, 9, 10, 11, 12, 13, 14, 16, 17, 19, 22, 24, 25, 26, 27, 29, 30, 31, 32], maxlen=250000), 1.5: deque([0], maxlen=250000)}","{-1: deque([2, 6, 15, 18, 20, 21, 23, 28], maxlen=250000), 1.5: deque([0], maxlen=250000), 1: deque([33], maxlen=250000)}"
131,"{-1: deque([1, 3, 4, 6, 7, 8, 9, 10, 11, 15, 17, 18, 20, 21, 23, 24, 25, 26, 27, 28, 29, 30, 31, 32], maxlen=250000), 1.5: deque([0], maxlen=250000)}","{-1: deque([2, 5, 12, 13, 14, 16, 19, 22], maxlen=250000), 1.5: deque([0], maxlen=250000), 1: deque([33], maxlen=250000)}"
132,"{-1: deque([1, 2, 3, 4, 5, 9, 10, 11, 12, 13, 14, 15, 17, 19, 20, 21, 22, 23, 24, 25, 28, 29, 31, 32], maxlen=250000), 1.5: deque([0], maxlen=250000)}","{-1: deque([6, 7, 8, 16, 18, 26, 27, 30], maxlen=250000), 1.5: deque([0], maxlen=250000), 1: deque([33], maxlen=250000)}"
133,"{-1: deque([1, 2, 3, 4, 5, 6, 10, 11, 12, 15, 16, 18, 20, 21, 22, 23, 24, 25, 26, 27, 29, 30, 31, 32], maxlen=250000), 1.5: deque([0], maxlen=250000)}","{-1: deque([7, 8, 9, 13, 14, 17, 19, 28], maxlen=250000), 1.5: deque([0], maxlen=250000), 1: deque([33], maxlen=250000)}"
134,"{-1: deque([1, 2, 4, 5, 6, 7, 9, 10, 11, 12, 14, 16, 17, 18, 19, 21, 24, 25, 26, 27, 28, 30, 31, 32], maxlen=250000), 1.5: deque([0], maxlen=250000)}","{-1: deque([3, 8, 13, 15, 20, 22, 23, 29], maxlen=250000), 1.5: deque([0], maxlen=250000), 1: deque([33], maxlen=250000)}"
135,"{-1: deque([1, 2, 4, 5, 6, 8, 9, 10, 11, 13, 14, 15, 16, 17, 19, 20, 21, 22, 23, 24, 26, 27, 29, 30], maxlen=250000), 1.5: deque([0], maxlen=250000)}","{-1: deque([3, 7, 12, 18, 25, 28, 31, 32], maxlen=250000), 1.5: deque([0], maxlen=250000), 1: deque([33], maxlen=250000)}"
136,"{-1: deque([2, 3, 4, 5, 6, 7, 9, 11, 14, 15, 16, 17, 20, 21, 22, 23, 24, 26, 27, 28, 29, 30, 31, 32], maxlen=250000), 1.5: deque([0], maxlen=250000)}","{-1: deque([1, 8, 10, 12, 13, 18, 19, 25], maxlen=250000), 1.5: deque([0], maxlen=250000), 1: deque([33], maxlen=250000)}"
137,"{-1: deque([1, 2, 3, 4, 5, 7, 9, 10, 11, 12, 14, 16, 17, 18, 19, 20, 22, 24, 25, 28, 29, 30, 31, 32], maxlen=250000), 1.5: deque([0], maxlen=250000)}","{-1: deque([6, 8, 13, 15, 21, 23, 26, 27], maxlen=250000), 1.5: deque([0], maxlen=250000), 1: deque([33], maxlen=250000)}"
138,"{-1: deque([1, 3, 4, 5, 7, 8, 9, 10, 12, 13, 15, 16, 17, 19, 20, 21, 24, 25, 26, 27, 28, 29, 31, 32], maxlen=250000), 1.5: deque([0], maxlen=250000)}","{-1: deque([2, 6, 11, 14, 18, 22, 23, 30], maxlen=250000), 1.5: deque([0], maxlen=250000), 1: deque([33], maxlen=250000)}"
139,"{-1: deque([1, 3, 4, 7, 8, 9, 10, 12, 13, 14, 15, 16, 17, 18, 19, 20, 21, 22, 23, 24, 27, 29, 30, 31], maxlen=250000), 1.5: deque([0], maxlen=250000)}","{-1: deque([2, 5, 6, 11, 25, 26, 28, 32], maxlen=250000), 1.5: deque([0], maxlen=250000), 1: deque([33], maxlen=250000)}"
140,"{-1: deque([2, 3, 5, 6, 7, 8, 10, 11, 12, 13, 14, 15, 17, 18, 22, 23, 24, 25, 26, 27, 28, 30, 31, 32], maxlen=250000), 1.5: deque([0], maxlen=250000)}","{-1: deque([1, 4, 9, 16, 19, 20, 21, 29], maxlen=250000), 1.5: deque([0], maxlen=250000), 1: deque([33], maxlen=250000)}"
141,"{-1: deque([1, 4, 5, 6, 7, 8, 9, 10, 11, 12, 14, 15, 17, 18, 19, 20, 21, 22, 24, 25, 26, 29, 31, 32], maxlen=250000), 1.5: deque([0], maxlen=250000)}","{-1: deque([2, 3, 13, 16, 23, 27, 28, 30], maxlen=250000), 1.5: deque([0], maxlen=250000), 1: deque([33], maxlen=250000)}"
142,"{-1: deque([2, 5, 6, 7, 9, 10, 11, 12, 13, 14, 15, 16, 18, 19, 21, 23, 24, 25, 26, 27, 28, 30, 31, 32], maxlen=250000), 1.5: deque([0], maxlen=250000)}","{-1: deque([1, 3, 4, 8, 17, 20, 22, 29], maxlen=250000), 1.5: deque([0], maxlen=250000), 1: deque([33], maxlen=250000)}"
143,"{-1: deque([2, 3, 4, 5, 6, 7, 8, 9, 11, 14, 16, 18, 19, 20, 21, 22, 24, 26, 27, 28, 29, 30, 31, 32], maxlen=250000), 1.5: deque([0], maxlen=250000)}","{-1: deque([1, 10, 12, 13, 15, 17, 23, 25], maxlen=250000), 1.5: deque([0], maxlen=250000), 1: deque([33], maxlen=250000)}"
144,"{-1: deque([1, 2, 3, 4, 5, 6, 7, 8, 9, 11, 13, 15, 16, 17, 18, 19, 20, 22, 24, 25, 27, 28, 30, 31], maxlen=250000), 1.5: deque([0], maxlen=250000)}","{-1: deque([10, 12, 14, 21, 23, 26, 29, 32], maxlen=250000), 1.5: deque([0], maxlen=250000), 1: deque([33], maxlen=250000)}"
145,"{-1: deque([1, 2, 3, 4, 5, 6, 7, 8, 10, 11, 12, 14, 15, 16, 17, 18, 19, 21, 22, 25, 27, 28, 29, 30], maxlen=250000), 1.5: deque([0], maxlen=250000)}","{-1: deque([9, 13, 20, 23, 24, 26, 31, 32], maxlen=250000), 1.5: deque([0], maxlen=250000), 1: deque([33], maxlen=250000)}"
146,"{-1: deque([1, 2, 3, 4, 5, 6, 7, 8, 9, 10, 11, 12, 16, 17, 18, 20, 22, 23, 24, 26, 29, 30, 31, 32], maxlen=250000), 1.5: deque([0], maxlen=250000)}","{-1: deque([13, 14, 15, 19, 21, 25, 27, 28], maxlen=250000), 1.5: deque([0], maxlen=250000), 1: deque([33], maxlen=250000)}"
147,"{-1: deque([3, 4, 5, 7, 8, 9, 10, 12, 13, 14, 15, 16, 17, 18, 19, 20, 21, 22, 23, 25, 28, 29, 30, 31], maxlen=250000), 1.5: deque([0], maxlen=250000)}","{-1: deque([1, 2, 6, 11, 24, 26, 27, 32], maxlen=250000), 1.5: deque([0], maxlen=250000), 1: deque([33], maxlen=250000)}"
148,"{-1: deque([1, 2, 3, 4, 6, 7, 9, 10, 13, 14, 15, 16, 17, 18, 19, 20, 22, 24, 25, 27, 29, 30, 31, 32], maxlen=250000), 1.5: deque([0], maxlen=250000)}","{-1: deque([5, 8, 11, 12, 21, 23, 26, 28], maxlen=250000), 1.5: deque([0], maxlen=250000), 1: deque([33], maxlen=250000)}"
149,"{-1: deque([1, 2, 3, 5, 6, 7, 10, 12, 14, 15, 16, 18, 19, 20, 21, 22, 23, 24, 25, 26, 27, 28, 29, 30], maxlen=250000), 1.5: deque([0], maxlen=250000)}","{-1: deque([4, 8, 9, 11, 13, 17, 31, 32], maxlen=250000), 1.5: deque([0], maxlen=250000), 1: deque([33], maxlen=250000)}"
150,"{-1: deque([1, 3, 5, 6, 7, 8, 9, 10, 11, 12, 14, 15, 16, 17, 18, 21, 23, 24, 26, 28, 29, 30, 31, 32], maxlen=250000), 1.5: deque([0], maxlen=250000)}","{-1: deque([2, 4, 13, 19, 20, 22, 25, 27], maxlen=250000), 1.5: deque([0], maxlen=250000), 1: deque([33], maxlen=250000)}"
151,"{-1: deque([2, 3, 4, 5, 7, 9, 10, 11, 12, 13, 14, 15, 16, 18, 19, 20, 22, 23, 24, 26, 27, 28, 29, 32], maxlen=250000), 1.5: deque([0], maxlen=250000), 1: deque([33], maxlen=250000)}","{-1: deque([1, 6, 8, 17, 21, 25, 30, 31], maxlen=250000), 1.5: deque([0], maxlen=250000)}"
152,"{-1: deque([2, 3, 4, 5, 6, 7, 10, 11, 12, 13, 15, 17, 18, 19, 20, 21, 22, 23, 24, 26, 27, 28, 29, 32], maxlen=250000), 1.5: deque([0], maxlen=250000)}","{-1: deque([1, 8, 9, 14, 16, 25, 30, 31], maxlen=250000), 1.5: deque([0], maxlen=250000), 1: deque([33], maxlen=250000)}"
153,"{-1: deque([1, 2, 4, 5, 6, 7, 8, 9, 10, 11, 12, 13, 14, 15, 17, 18, 19, 20, 22, 27, 28, 29, 31, 32], maxlen=250000), 1.5: deque([0], maxlen=250000)}","{-1: deque([3, 16, 21, 23, 24, 25, 26, 30], maxlen=250000), 1.5: deque([0], maxlen=250000), 1: deque([33], maxlen=250000)}"
154,"{-1: deque([1, 2, 4, 5, 6, 7, 9, 12, 13, 14, 15, 17, 18, 19, 20, 21, 22, 23, 24, 25, 27, 29, 30, 32], maxlen=250000), 1.5: deque([0], maxlen=250000)}","{-1: deque([3, 8, 10, 11, 16, 26, 28, 31], maxlen=250000), 1.5: deque([0], maxlen=250000), 1: deque([33], maxlen=250000)}"
155,"{-1: deque([1, 2, 5, 6, 7, 9, 10, 12, 13, 14, 15, 16, 17, 18, 19, 20, 21, 22, 23, 24, 26, 27, 29, 32], maxlen=250000), 1.5: deque([0], maxlen=250000)}","{-1: deque([3, 4, 8, 11, 25, 28, 30, 31], maxlen=250000), 1.5: deque([0], maxlen=250000), 1: deque([33], maxlen=250000)}"
156,"{-1: deque([1, 2, 3, 4, 5, 6, 7, 8, 9, 10, 11, 12, 14, 15, 16, 17, 18, 19, 20, 24, 25, 27, 28, 29], maxlen=250000), 1.5: deque([0], maxlen=250000)}","{-1: deque([13, 21, 22, 23, 26, 30, 31, 32], maxlen=250000), 1.5: deque([0], maxlen=250000), 1: deque([33], maxlen=250000)}"
157,"{-1: deque([1, 2, 4, 6, 7, 8, 9, 10, 12, 13, 14, 15, 16, 17, 18, 19, 21, 25, 26, 27, 28, 30, 31, 32], maxlen=250000), 1.5: deque([0], maxlen=250000)}","{-1: deque([3, 5, 11, 20, 22, 23, 24, 29], maxlen=250000), 1.5: deque([0], maxlen=250000), 1: deque([33], maxlen=250000)}"
158,"{-1: deque([3, 4, 6, 7, 9, 11, 12, 13, 15, 16, 17, 18, 19, 21, 22, 23, 24, 26, 27, 28, 29, 30, 31, 32], maxlen=250000), 1.5: deque([0], maxlen=250000)}","{-1: deque([1, 2, 5, 8, 10, 14, 20, 25], maxlen=250000), 1.5: deque([0], maxlen=250000), 1: deque([33], maxlen=250000)}"
159,"{-1: deque([1, 2, 4, 6, 8, 9, 10, 12, 13, 14, 15, 16, 17, 18, 21, 22, 24, 25, 27, 28, 29, 30, 31, 32], maxlen=250000), 1.5: deque([0], maxlen=250000)}","{-1: deque([3, 5, 7, 11, 19, 20, 23, 26], maxlen=250000), 1.5: deque([0], maxlen=250000), 1: deque([33], maxlen=250000)}"
160,"{-1: deque([1, 2, 3, 6, 7, 8, 9, 10, 11, 12, 16, 17, 19, 20, 21, 22, 24, 25, 26, 27, 28, 30, 31, 32], maxlen=250000), 1.5: deque([0], maxlen=250000)}","{-1: deque([4, 5, 13, 14, 15, 18, 23, 29], maxlen=250000), 1.5: deque([0], maxlen=250000), 1: deque([33], maxlen=250000)}"
161,"{-1: deque([1, 2, 4, 6, 7, 8, 10, 11, 12, 13, 18, 19, 21, 22, 23, 24, 25, 26, 27, 28, 29, 30, 31, 32], maxlen=250000), 1.5: deque([0], maxlen=250000)}","{-1: deque([3, 5, 9, 14, 15, 16, 17, 20], maxlen=250000), 1.5: deque([0], maxlen=250000), 1: deque([33], maxlen=250000)}"
162,"{-1: deque([1, 2, 3, 4, 5, 6, 7, 8, 9, 10, 11, 13, 14, 15, 16, 17, 19, 20, 21, 22, 23, 28, 29, 31], maxlen=250000), 1.5: deque([0], maxlen=250000), 1: deque([33], maxlen=250000)}","{-1: deque([12, 18, 24, 25, 26, 27, 30, 32], maxlen=250000), 1.5: deque([0], maxlen=250000)}"
163,"{-1: deque([1, 2, 3, 4, 6, 7, 8, 10, 11, 12, 14, 16, 17, 18, 21, 22, 23, 25, 26, 27, 28, 29, 31, 32], maxlen=250000), 1.5: deque([0], maxlen=250000)}","{-1: deque([5, 9, 13, 15, 19, 20, 24, 30], maxlen=250000), 1.5: deque([0], maxlen=250000), 1: deque([33], maxlen=250000)}"
164,"{-1: deque([2, 3, 5, 6, 7, 8, 9, 10, 11, 12, 14, 18, 19, 21, 23, 24, 25, 26, 27, 28, 29, 30, 31, 32], maxlen=250000), 1.5: deque([0], maxlen=250000)}","{-1: deque([1, 4, 13, 15, 16, 17, 20, 22], maxlen=250000), 1.5: deque([0], maxlen=250000), 1: deque([33], maxlen=250000)}"
165,"{-1: deque([1, 3, 5, 6, 9, 10, 12, 13, 14, 15, 17, 18, 19, 20, 21, 22, 23, 24, 25, 26, 27, 29, 30, 31], maxlen=250000), 1.5: deque([0], maxlen=250000)}","{-1: deque([2, 4, 7, 8, 11, 16, 28, 32], maxlen=250000), 1.5: deque([0], maxlen=250000), 1: deque([33], maxlen=250000)}"
166,"{-1: deque([1, 2, 3, 5, 6, 7, 8, 9, 10, 11, 12, 14, 16, 17, 20, 21, 22, 23, 24, 25, 27, 28, 29, 32], maxlen=250000), 1.5: deque([0], maxlen=250000), 1: deque([33], maxlen=250000)}","{-1: deque([4, 13, 15, 18, 19, 26, 30, 31], maxlen=250000), 1.5: deque([0], maxlen=250000)}"
167,"{-1: deque([1, 2, 3, 4, 5, 7, 11, 12, 14, 15, 16, 17, 18, 22, 23, 24, 25, 26, 27, 28, 29, 30, 31, 32], maxlen=250000), 1.5: deque([0], maxlen=250000)}","{-1: deque([6, 8, 9, 10, 13, 19, 20, 21], maxlen=250000), 1.5: deque([0], maxlen=250000), 1: deque([33], maxlen=250000)}"
168,"{-1: deque([1, 3, 4, 5, 6, 7, 8, 9, 10, 11, 12, 15, 16, 17, 18, 20, 21, 23, 24, 26, 29, 30, 31, 32], maxlen=250000), 1.5: deque([0], maxlen=250000)}","{-1: deque([2, 13, 14, 19, 22, 25, 27, 28], maxlen=250000), 1.5: deque([0], maxlen=250000), 1: deque([33], maxlen=250000)}"
169,"{-1: deque([1, 2, 3, 5, 6, 9, 11, 12, 13, 14, 15, 16, 17, 18, 20, 22, 24, 26, 27, 28, 29, 30, 31, 32], maxlen=250000), 1.5: deque([0], maxlen=250000)}","{-1: deque([4, 7, 8, 10, 19, 21, 23, 25], maxlen=250000), 1.5: deque([0], maxlen=250000), 1: deque([33], maxlen=250000)}"
170,"{-1: deque([1, 2, 3, 4, 5, 6, 7, 10, 11, 12, 13, 15, 16, 17, 21, 22, 23, 24, 25, 26, 27, 28, 29, 32], maxlen=250000), 1.5: deque([0], maxlen=250000)}","{-1: deque([8, 9, 14, 18, 19, 20, 30, 31], maxlen=250000), 1.5: deque([0], maxlen=250000), 1: deque([33], maxlen=250000)}"
171,"{-1: deque([1, 2, 5, 6, 7, 8, 9, 10, 11, 12, 13, 15, 17, 18, 19, 21, 22, 24, 25, 26, 27, 28, 29, 30], maxlen=250000), 1.5: deque([0], maxlen=250000)}","{-1: deque([3, 4, 14, 16, 20, 23, 31, 32], maxlen=250000), 1.5: deque([0], maxlen=250000), 1: deque([33], maxlen=250000)}"
172,"{-1: deque([2, 3, 4, 5, 6, 7, 8, 9, 10, 11, 12, 13, 14, 15, 16, 18, 19, 20, 22, 27, 28, 30, 31, 32], maxlen=250000), 1.5: deque([0], maxlen=250000)}","{-1: deque([1, 17, 21, 23, 24, 25, 26, 29], maxlen=250000), 1.5: deque([0], maxlen=250000), 1: deque([33], maxlen=250000)}"
173,"{-1: deque([1, 2, 3, 5, 6, 8, 9, 10, 11, 12, 13, 14, 15, 16, 22, 23, 24, 25, 26, 27, 28, 29, 30, 31], maxlen=250000), 1.5: deque([0], maxlen=250000)}","{-1: deque([4, 7, 17, 18, 19, 20, 21, 32], maxlen=250000), 1.5: deque([0], maxlen=250000), 1: deque([33], maxlen=250000)}"
174,"{-1: deque([1, 2, 4, 5, 7, 8, 9, 10, 12, 13, 15, 18, 19, 21, 22, 23, 25, 26, 27, 28, 29, 30, 31, 32], maxlen=250000), 1.5: deque([0], maxlen=250000)}","{-1: deque([3, 6, 11, 14, 16, 17, 20, 24], maxlen=250000), 1.5: deque([0], maxlen=250000), 1: deque([33], maxlen=250000)}"
175,"{-1: deque([1, 2, 3, 4, 5, 6, 7, 8, 9, 11, 12, 13, 14, 15, 17, 18, 22, 23, 25, 26, 27, 29, 30, 31], maxlen=250000), 1.5: deque([0], maxlen=250000)}","{-1: deque([10, 16, 19, 20, 21, 24, 28, 32], maxlen=250000), 1.5: deque([0], maxlen=250000), 1: deque([33], maxlen=250000)}"
176,"{-1: deque([1, 2, 3, 4, 5, 6, 7, 8, 9, 10, 12, 13, 14, 16, 19, 20, 21, 22, 23, 24, 25, 27, 29, 30], maxlen=250000), 1.5: deque([0], maxlen=250000), 1: deque([33], maxlen=250000)}","{-1: deque([11, 15, 17, 18, 26, 28, 31, 32], maxlen=250000), 1.5: deque([0], maxlen=250000)}"
177,"{-1: deque([2, 3, 4, 5, 6, 7, 10, 11, 12, 13, 14, 15, 16, 17, 20, 21, 22, 23, 24, 25, 26, 28, 29, 31], maxlen=250000), 1.5: deque([0], maxlen=250000)}","{-1: deque([1, 8, 9, 18, 19, 27, 30, 32], maxlen=250000), 1.5: deque([0], maxlen=250000), 1: deque([33], maxlen=250000)}"
178,"{-1: deque([1, 2, 5, 6, 7, 8, 9, 11, 12, 14, 15, 16, 17, 18, 19, 21, 22, 23, 24, 26, 28, 29, 31, 32], maxlen=250000), 1.5: deque([0], maxlen=250000)}","{-1: deque([3, 4, 10, 13, 20, 25, 27, 30], maxlen=250000), 1.5: deque([0], maxlen=250000), 1: deque([33], maxlen=250000)}"
179,"{-1: deque([2, 3, 4, 6, 7, 9, 11, 14, 15, 16, 17, 18, 19, 20, 21, 22, 23, 24, 25, 26, 27, 28, 29, 30], maxlen=250000), 1.5: deque([0], maxlen=250000)}","{-1: deque([1, 5, 8, 10, 12, 13, 31, 32], maxlen=250000), 1.5: deque([0], maxlen=250000), 1: deque([33], maxlen=250000)}"
180,"{-1: deque([1, 3, 5, 6, 7, 8, 9, 10, 11, 12, 13, 15, 16, 17, 20, 22, 23, 24, 25, 26, 27, 28, 29, 30], maxlen=250000), 1.5: deque([0], maxlen=250000)}","{-1: deque([2, 4, 14, 18, 19, 21, 31, 32], maxlen=250000), 1.5: deque([0], maxlen=250000), 1: deque([33], maxlen=250000)}"
181,"{-1: deque([1, 2, 3, 4, 5, 6, 9, 12, 13, 14, 15, 17, 19, 20, 21, 22, 23, 24, 26, 27, 28, 29, 31, 32], maxlen=250000), 1.5: deque([0], maxlen=250000)}","{-1: deque([7, 8, 10, 11, 16, 18, 25, 30], maxlen=250000), 1.5: deque([0], maxlen=250000), 1: deque([33], maxlen=250000)}"
182,"{-1: deque([1, 2, 3, 4, 5, 6, 7, 8, 9, 11, 12, 13, 17, 18, 20, 21, 22, 23, 24, 25, 27, 28, 30, 31], maxlen=250000), 1.5: deque([0], maxlen=250000), 1: deque([33], maxlen=250000)}","{-1: deque([10, 14, 15, 16, 19, 26, 29, 32], maxlen=250000), 1.5: deque([0], maxlen=250000)}"
183,"{-1: deque([1, 2, 4, 5, 6, 7, 8, 9, 10, 11, 14, 15, 16, 17, 18, 19, 20, 21, 22, 25, 26, 29, 31, 32], maxlen=250000), 1.5: deque([0], maxlen=250000)}","{-1: deque([3, 12, 13, 23, 24, 27, 28, 30], maxlen=250000), 1.5: deque([0], maxlen=250000), 1: deque([33], maxlen=250000)}"
184,"{-1: deque([2, 3, 5, 6, 7, 8, 9, 10, 12, 14, 15, 16, 18, 19, 20, 21, 22, 24, 25, 26, 27, 28, 29, 30], maxlen=250000), 1.5: deque([0], maxlen=250000)}","{-1: deque([1, 4, 11, 13, 17, 23, 31, 32], maxlen=250000), 1.5: deque([0], maxlen=250000), 1: deque([33], maxlen=250000)}"
185,"{-1: deque([1, 2, 3, 4, 5, 7, 8, 9, 10, 11, 12, 13, 15, 17, 18, 19, 20, 21, 22, 24, 26, 28, 29, 32], maxlen=250000), 1.5: deque([0], maxlen=250000)}","{-1: deque([6, 14, 16, 23, 25, 27, 30, 31], maxlen=250000), 1.5: deque([0], maxlen=250000), 1: deque([33], maxlen=250000)}"
186,"{-1: deque([2, 3, 4, 5, 6, 8, 10, 11, 12, 13, 14, 16, 18, 19, 20, 21, 23, 24, 25, 27, 28, 29, 30, 32], maxlen=250000), 1.5: deque([0], maxlen=250000)}","{-1: deque([1, 7, 9, 15, 17, 22, 26, 31], maxlen=250000), 1.5: deque([0], maxlen=250000), 1: deque([33], maxlen=250000)}"
187,"{-1: deque([1, 2, 3, 4, 8, 9, 10, 11, 13, 14, 15, 16, 17, 18, 20, 21, 22, 23, 24, 25, 28, 29, 30, 31], maxlen=250000), 1.5: deque([0], maxlen=250000)}","{-1: deque([5, 6, 7, 12, 19, 26, 27, 32], maxlen=250000), 1.5: deque([0], maxlen=250000), 1: deque([33], maxlen=250000)}"
188,"{-1: deque([1, 3, 5, 6, 7, 8, 10, 11, 12, 13, 14, 15, 16, 17, 19, 21, 22, 23, 26, 27, 28, 29, 30, 32], maxlen=250000), 1.5: deque([0], maxlen=250000), 1: deque([33], maxlen=250000)}","{-1: deque([2, 4, 9, 18, 20, 24, 25, 31], maxlen=250000), 1.5: deque([0], maxlen=250000)}"
189,"{-1: deque([1, 2, 3, 7, 9, 11, 12, 13, 14, 15, 17, 18, 21, 22, 23, 24, 25, 26, 27, 28, 29, 30, 31, 32], maxlen=250000), 1.5: deque([0], maxlen=250000)}","{-1: deque([4, 5, 6, 8, 10, 16, 19, 20], maxlen=250000), 1.5: deque([0], maxlen=250000), 1: deque([33], maxlen=250000)}"
190,"{-1: deque([3, 4, 5, 6, 7, 8, 11, 14, 15, 16, 17, 18, 19, 20, 21, 22, 23, 24, 26, 27, 28, 30, 31, 32], maxlen=250000), 1.5: deque([0], maxlen=250000)}","{-1: deque([1, 2, 9, 10, 12, 13, 25, 29], maxlen=250000), 1.5: deque([0], maxlen=250000), 1: deque([33], maxlen=250000)}"
191,"{-1: deque([1, 2, 3, 4, 5, 7, 8, 10, 11, 13, 15, 16, 17, 20, 21, 22, 24, 25, 26, 27, 28, 29, 30, 31], maxlen=250000), 1.5: deque([0], maxlen=250000)}","{-1: deque([6, 9, 12, 14, 18, 19, 23, 32], maxlen=250000), 1.5: deque([0], maxlen=250000), 1: deque([33], maxlen=250000)}"
192,"{-1: deque([2, 3, 4, 5, 6, 7, 8, 9, 10, 12, 15, 16, 17, 19, 20, 21, 24, 26, 27, 28, 29, 30, 31, 32], maxlen=250000), 1.5: deque([0], maxlen=250000)}","{-1: deque([1, 11, 13, 14, 18, 22, 23, 25], maxlen=250000), 1.5: deque([0], maxlen=250000), 1: deque([33], maxlen=250000)}"
193,"{-1: deque([1, 2, 3, 4, 6, 7, 8, 9, 10, 12, 13, 14, 15, 16, 18, 19, 21, 22, 24, 25, 27, 28, 30, 32], maxlen=250000), 1.5: deque([0], maxlen=250000)}","{-1: deque([5, 11, 17, 20, 23, 26, 29, 31], maxlen=250000), 1.5: deque([0], maxlen=250000), 1: deque([33], maxlen=250000)}"
194,"{-1: deque([1, 2, 3, 4, 5, 6, 7, 8, 9, 11, 12, 13, 16, 17, 18, 21, 22, 23, 24, 25, 28, 29, 30, 32], maxlen=250000), 1.5: deque([0], maxlen=250000), 1: deque([33], maxlen=250000)}","{-1: deque([10, 14, 15, 19, 20, 26, 27, 31], maxlen=250000), 1.5: deque([0], maxlen=250000)}"
195,"{-1: deque([1, 2, 3, 4, 6, 7, 9, 10, 13, 14, 15, 16, 17, 18, 19, 20, 21, 22, 24, 28, 29, 30, 31, 32], maxlen=250000), 1.5: deque([0], maxlen=250000), 1: deque([33], maxlen=250000)}","{-1: deque([5, 8, 11, 12, 23, 25, 26, 27], maxlen=250000), 1.5: deque([0], maxlen=250000)}"
196,"{-1: deque([1, 3, 4, 8, 9, 10, 13, 14, 16, 17, 18, 19, 20, 21, 22, 23, 24, 25, 26, 27, 29, 30, 31, 32], maxlen=250000), 1.5: deque([0], maxlen=250000)}","{-1: deque([2, 5, 6, 7, 11, 12, 15, 28], maxlen=250000), 1.5: deque([0], maxlen=250000), 1: deque([33], maxlen=250000)}"
197,"{-1: deque([2, 5, 6, 7, 8, 9, 11, 13, 14, 15, 16, 17, 19, 21, 22, 24, 25, 26, 27, 28, 29, 30, 31, 32], maxlen=250000), 1.5: deque([0], maxlen=250000)}","{-1: deque([1, 3, 4, 10, 12, 18, 20, 23], maxlen=250000), 1.5: deque([0], maxlen=250000), 1: deque([33], maxlen=250000)}"
198,"{-1: deque([3, 4, 5, 6, 9, 10, 11, 12, 13, 14, 16, 17, 18, 19, 20, 21, 22, 24, 25, 26, 27, 28, 30, 32], maxlen=250000), 1.5: deque([0], maxlen=250000)}","{-1: deque([1, 2, 7, 8, 15, 23, 29, 31], maxlen=250000), 1.5: deque([0], maxlen=250000), 1: deque([33], maxlen=250000)}"
199,"{-1: deque([1, 5, 6, 7, 8, 9, 11, 12, 13, 14, 15, 16, 17, 18, 20, 21, 22, 24, 25, 26, 28, 29, 31, 32], maxlen=250000), 1.5: deque([0], maxlen=250000)}","{-1: deque([2, 3, 4, 10, 19, 23, 27, 30], maxlen=250000), 1.5: deque([0], maxlen=250000), 1: deque([33], maxlen=250000)}"
200,"{-1: deque([1, 2, 3, 4, 5, 6, 7, 9, 10, 11, 12, 13, 14, 16, 17, 18, 19, 20, 24, 25, 26, 28, 31, 32], maxlen=250000), 1.5: deque([0], maxlen=250000), 1: deque([33], maxlen=250000)}","{-1: deque([8, 15, 21, 22, 23, 27, 29, 30], maxlen=250000), 1.5: deque([0], maxlen=250000)}"
201,"{-1: deque([1, 4, 5, 6, 7, 8, 9, 10, 11, 13, 14, 15, 16, 17, 20, 22, 23, 25, 26, 27, 28, 29, 30, 32], maxlen=250000), 1.5: deque([0], maxlen=250000)}","{-1: deque([2, 3, 12, 18, 19, 21, 24, 31], maxlen=250000), 1.5: deque([0], maxlen=250000), 1: deque([33], maxlen=250000)}"
202,"{-1: deque([3, 4, 6, 7, 8, 9, 11, 12, 13, 15, 16, 17, 18, 19, 21, 22, 23, 24, 25, 26, 29, 30, 31, 32], maxlen=250000), 1.5: deque([0], maxlen=250000)}","{-1: deque([1, 2, 5, 10, 14, 20, 27, 28], maxlen=250000), 1.5: deque([0], maxlen=250000), 1: deque([33], maxlen=250000)}"
203,"{-1: deque([1, 2, 3, 4, 6, 7, 9, 11, 13, 15, 16, 17, 18, 19, 20, 21, 22, 23, 25, 26, 27, 28, 31, 32], maxlen=250000), 1.5: deque([0], maxlen=250000)}","{-1: deque([5, 8, 10, 12, 14, 24, 29, 30], maxlen=250000), 1.5: deque([0], maxlen=250000), 1: deque([33], maxlen=250000)}"
204,"{-1: deque([1, 4, 6, 7, 8, 9, 10, 11, 12, 14, 16, 17, 18, 19, 20, 23, 24, 25, 26, 27, 28, 30, 31, 32], maxlen=250000), 1.5: deque([0], maxlen=250000)}","{-1: deque([2, 3, 5, 13, 15, 21, 22, 29], maxlen=250000), 1.5: deque([0], maxlen=250000), 1: deque([33], maxlen=250000)}"
205,"{-1: deque([1, 2, 3, 4, 8, 9, 10, 11, 12, 14, 15, 16, 17, 18, 19, 20, 21, 22, 23, 24, 25, 26, 29, 30], maxlen=250000), 1.5: deque([0], maxlen=250000)}","{-1: deque([5, 6, 7, 13, 27, 28, 31, 32], maxlen=250000), 1.5: deque([0], maxlen=250000), 1: deque([33], maxlen=250000)}"
206,"{-1: deque([1, 3, 4, 5, 6, 7, 8, 9, 11, 12, 14, 15, 17, 19, 20, 22, 23, 24, 25, 27, 29, 30, 31, 32], maxlen=250000), 1.5: deque([0], maxlen=250000)}","{-1: deque([2, 10, 13, 16, 18, 21, 26, 28], maxlen=250000), 1.5: deque([0], maxlen=250000), 1: deque([33], maxlen=250000)}"
207,"{-1: deque([1, 2, 3, 4, 5, 6, 7, 8, 10, 11, 13, 14, 16, 17, 19, 21, 23, 24, 25, 27, 28, 29, 30, 32], maxlen=250000), 1.5: deque([0], maxlen=250000)}","{-1: deque([9, 12, 15, 18, 20, 22, 26, 31], maxlen=250000), 1.5: deque([0], maxlen=250000), 1: deque([33], maxlen=250000)}"
208,"{-1: deque([1, 2, 3, 5, 6, 7, 8, 9, 10, 12, 14, 15, 18, 19, 21, 22, 23, 24, 26, 27, 29, 30, 31, 32], maxlen=250000), 1.5: deque([0], maxlen=250000)}","{-1: deque([4, 11, 13, 16, 17, 20, 25, 28], maxlen=250000), 1.5: deque([0], maxlen=250000), 1: deque([33], maxlen=250000)}"
209,"{-1: deque([1, 3, 5, 6, 7, 8, 10, 11, 12, 14, 17, 19, 20, 21, 22, 23, 24, 25, 26, 27, 28, 30, 31, 32], maxlen=250000), 1.5: deque([0], maxlen=250000)}","{-1: deque([2, 4, 9, 13, 15, 16, 18, 29], maxlen=250000), 1.5: deque([0], maxlen=250000), 1: deque([33], maxlen=250000)}"
210,"{-1: deque([1, 2, 3, 4, 6, 7, 8, 10, 11, 12, 13, 15, 16, 17, 18, 19, 20, 22, 23, 24, 25, 27, 28, 31], maxlen=250000), 1.5: deque([0], maxlen=250000)}","{-1: deque([5, 9, 14, 21, 26, 29, 30, 32], maxlen=250000), 1.5: deque([0], maxlen=250000), 1: deque([33], maxlen=250000)}"
211,"{-1: deque([1, 3, 4, 5, 6, 7, 8, 9, 10, 12, 14, 15, 16, 17, 18, 19, 20, 21, 23, 25, 26, 28, 30, 32], maxlen=250000), 1.5: deque([0], maxlen=250000)}","{-1: deque([2, 11, 13, 22, 24, 27, 29, 31], maxlen=250000), 1.5: deque([0], maxlen=250000), 1: deque([33], maxlen=250000)}"
212,"{-1: deque([1, 2, 3, 5, 6, 7, 8, 11, 12, 14, 15, 16, 17, 18, 19, 20, 21, 24, 25, 26, 28, 29, 30, 31], maxlen=250000), 1.5: deque([0], maxlen=250000)}","{-1: deque([4, 9, 10, 13, 22, 23, 27, 32], maxlen=250000), 1.5: deque([0], maxlen=250000), 1: deque([33], maxlen=250000)}"
213,"{-1: deque([1, 2, 3, 4, 7, 8, 9, 13, 14, 15, 17, 18, 19, 20, 22, 24, 25, 26, 27, 28, 29, 30, 31, 32], maxlen=250000), 1.5: deque([0], maxlen=250000)}","{-1: deque([5, 6, 10, 11, 12, 16, 21, 23], maxlen=250000), 1.5: deque([0], maxlen=250000), 1: deque([33], maxlen=250000)}"
214,"{-1: deque([1, 2, 4, 6, 7, 8, 9, 12, 13, 15, 16, 17, 18, 19, 21, 22, 24, 26, 27, 28, 29, 30, 31, 32], maxlen=250000), 1.5: deque([0], maxlen=250000)}","{-1: deque([3, 5, 10, 11, 14, 20, 23, 25], maxlen=250000), 1.5: deque([0], maxlen=250000), 1: deque([33], maxlen=250000)}"
215,"{-1: deque([1, 2, 3, 4, 5, 6, 7, 10, 11, 12, 13, 16, 17, 19, 20, 21, 23, 24, 25, 27, 29, 30, 31, 32], maxlen=250000), 1.5: deque([0], maxlen=250000)}","{-1: deque([8, 9, 14, 15, 18, 22, 26, 28], maxlen=250000), 1.5: deque([0], maxlen=250000), 1: deque([33], maxlen=250000)}"
216,"{-1: deque([1, 2, 3, 4, 5, 7, 8, 10, 11, 12, 13, 14, 17, 18, 20, 21, 22, 23, 24, 26, 28, 30, 31, 32], maxlen=250000), 1.5: deque([0], maxlen=250000)}","{-1: deque([6, 9, 15, 16, 19, 25, 27, 29], maxlen=250000), 1.5: deque([0], maxlen=250000), 1: deque([33], maxlen=250000)}"
217,"{-1: deque([1, 2, 3, 4, 6, 7, 8, 9, 10, 14, 16, 18, 19, 20, 21, 22, 23, 24, 25, 26, 28, 29, 30, 31], maxlen=250000), 1.5: deque([0], maxlen=250000), 1: deque([33], maxlen=250000)}","{-1: deque([5, 11, 12, 13, 15, 17, 27, 32], maxlen=250000), 1.5: deque([0], maxlen=250000)}"
218,"{-1: deque([1, 2, 4, 5, 6, 7, 9, 10, 12, 13, 14, 15, 17, 18, 19, 21, 22, 23, 25, 26, 28, 29, 31, 32], maxlen=250000), 1.5: deque([0], maxlen=250000)}","{-1: deque([3, 8, 11, 16, 20, 24, 27, 30], maxlen=250000), 1.5: deque([0], maxlen=250000), 1: deque([33], maxlen=250000)}"
219,"{-1: deque([2, 3, 4, 5, 6, 7, 8, 9, 13, 14, 15, 16, 17, 18, 20, 21, 22, 24, 25, 26, 27, 30, 31, 32], maxlen=250000), 1.5: deque([0], maxlen=250000)}","{-1: deque([1, 10, 11, 12, 19, 23, 28, 29], maxlen=250000), 1.5: deque([0], maxlen=250000), 1: deque([33], maxlen=250000)}"
220,"{-1: deque([1, 2, 4, 5, 6, 7, 8, 10, 11, 12, 13, 14, 17, 18, 19, 20, 21, 23, 24, 26, 27, 29, 30, 31], maxlen=250000), 1.5: deque([0], maxlen=250000)}","{-1: deque([3, 9, 15, 16, 22, 25, 28, 32], maxlen=250000), 1.5: deque([0], maxlen=250000), 1: deque([33], maxlen=250000)}"
221,"{-1: deque([1, 3, 4, 5, 6, 7, 8, 9, 10, 11, 12, 14, 15, 16, 17, 19, 20, 21, 22, 24, 27, 28, 29, 31], maxlen=250000), 1.5: deque([0], maxlen=250000)}","{-1: deque([2, 13, 18, 23, 25, 26, 30, 32], maxlen=250000), 1.5: deque([0], maxlen=250000), 1: deque([33], maxlen=250000)}"
222,"{-1: deque([2, 3, 4, 5, 8, 9, 10, 12, 13, 14, 15, 16, 18, 19, 22, 23, 24, 25, 26, 27, 28, 29, 30, 32], maxlen=250000), 1.5: deque([0], maxlen=250000)}","{-1: deque([1, 6, 7, 11, 17, 20, 21, 31], maxlen=250000), 1.5: deque([0], maxlen=250000), 1: deque([33], maxlen=250000)}"
223,"{-1: deque([1, 2, 3, 5, 6, 7, 10, 11, 12, 13, 15, 18, 19, 20, 21, 22, 24, 25, 26, 27, 28, 29, 30, 32], maxlen=250000), 1.5: deque([0], maxlen=250000)}","{-1: deque([4, 8, 9, 14, 16, 17, 23, 31], maxlen=250000), 1.5: deque([0], maxlen=250000), 1: deque([33], maxlen=250000)}"
224,"{-1: deque([1, 3, 5, 7, 9, 11, 12, 14, 15, 16, 17, 18, 20, 21, 22, 23, 24, 25, 26, 27, 28, 29, 31, 32], maxlen=250000), 1.5: deque([0], maxlen=250000)}","{-1: deque([2, 4, 6, 8, 10, 13, 19, 30], maxlen=250000), 1.5: deque([0], maxlen=250000), 1: deque([33], maxlen=250000)}"
225,"{-1: deque([1, 2, 3, 4, 6, 7, 10, 12, 13, 14, 15, 16, 18, 19, 20, 21, 22, 23, 25, 26, 27, 28, 30, 32], maxlen=250000), 1.5: deque([0], maxlen=250000)}","{-1: deque([5, 8, 9, 11, 17, 24, 29, 31], maxlen=250000), 1.5: deque([0], maxlen=250000), 1: deque([33], maxlen=250000)}"
226,"{-1: deque([1, 2, 3, 5, 6, 7, 10, 11, 13, 14, 15, 16, 18, 19, 20, 21, 23, 24, 25, 26, 27, 28, 30, 31], maxlen=250000), 1.5: deque([0], maxlen=250000)}","{-1: deque([4, 8, 9, 12, 17, 22, 29, 32], maxlen=250000), 1.5: deque([0], maxlen=250000), 1: deque([33], maxlen=250000)}"
227,"{-1: deque([2, 3, 4, 5, 6, 9, 10, 11, 12, 13, 14, 15, 16, 17, 18, 19, 20, 21, 23, 25, 26, 28, 30, 31], maxlen=250000), 1.5: deque([0], maxlen=250000)}","{-1: deque([1, 7, 8, 22, 24, 27, 29, 32], maxlen=250000), 1.5: deque([0], maxlen=250000), 1: deque([33], maxlen=250000)}"
228,"{-1: deque([2, 3, 4, 5, 6, 8, 9, 10, 11, 12, 13, 14, 18, 20, 21, 23, 24, 25, 26, 27, 28, 29, 30, 31], maxlen=250000), 1.5: deque([0], maxlen=250000), 1: deque([33], maxlen=250000)}","{-1: deque([1, 7, 15, 16, 17, 19, 22, 32], maxlen=250000), 1.5: deque([0], maxlen=250000)}"
229,"{-1: deque([1, 2, 3, 5, 6, 8, 9, 11, 12, 13, 14, 15, 16, 17, 18, 19, 20, 21, 22, 25, 26, 27, 28, 32], maxlen=250000), 1.5: deque([0], maxlen=250000)}","{-1: deque([4, 7, 10, 23, 24, 29, 30, 31], maxlen=250000), 1.5: deque([0], maxlen=250000), 1: deque([33], maxlen=250000)}"
230,"{-1: deque([3, 4, 5, 6, 7, 8, 9, 10, 11, 12, 13, 14, 16, 17, 19, 20, 21, 23, 24, 25, 26, 27, 28, 30], maxlen=250000), 1.5: deque([0], maxlen=250000)}","{-1: deque([1, 2, 15, 18, 22, 29, 31, 32], maxlen=250000), 1.5: deque([0], maxlen=250000), 1: deque([33], maxlen=250000)}"
231,"{-1: deque([1, 2, 3, 4, 5, 6, 8, 9, 10, 11, 12, 13, 14, 15, 17, 19, 20, 21, 23, 24, 29, 30, 31, 32], maxlen=250000), 1.5: deque([0], maxlen=250000)}","{-1: deque([7, 16, 18, 22, 25, 26, 27, 28], maxlen=250000), 1.5: deque([0], maxlen=250000), 1: deque([33], maxlen=250000)}"
232,"{-1: deque([1, 2, 3, 4, 5, 7, 8, 11, 12, 13, 15, 16, 17, 19, 20, 21, 22, 24, 25, 27, 28, 29, 30, 31], maxlen=250000), 1.5: deque([0], maxlen=250000)}","{-1: deque([6, 9, 10, 14, 18, 23, 26, 32], maxlen=250000), 1.5: deque([0], maxlen=250000), 1: deque([33], maxlen=250000)}"
233,"{-1: deque([3, 4, 6, 7, 8, 9, 10, 11, 12, 14, 16, 17, 19, 20, 21, 22, 23, 24, 25, 27, 28, 29, 31, 32], maxlen=250000), 1.5: deque([0], maxlen=250000)}","{-1: deque([1, 2, 5, 13, 15, 18, 26, 30], maxlen=250000), 1.5: deque([0], maxlen=250000), 1: deque([33], maxlen=250000)}"
234,"{-1: deque([1, 2, 3, 4, 7, 9, 10, 11, 12, 13, 14, 15, 16, 17, 19, 20, 21, 22, 24, 27, 28, 29, 31, 32], maxlen=250000), 1.5: deque([0], maxlen=250000)}","{-1: deque([5, 6, 8, 18, 23, 25, 26, 30], maxlen=250000), 1.5: deque([0], maxlen=250000), 1: deque([33], maxlen=250000)}"
235,"{-1: deque([1, 2, 3, 5, 6, 7, 8, 9, 10, 12, 13, 15, 16, 17, 18, 19, 20, 22, 24, 25, 26, 27, 31, 32], maxlen=250000), 1.5: deque([0], maxlen=250000)}","{-1: deque([4, 11, 14, 21, 23, 28, 29, 30], maxlen=250000), 1.5: deque([0], maxlen=250000), 1: deque([33], maxlen=250000)}"
236,"{-1: deque([1, 2, 3, 4, 5, 6, 7, 8, 9, 10, 11, 12, 14, 16, 20, 21, 22, 23, 25, 27, 28, 30, 31, 32], maxlen=250000), 1.5: deque([0], maxlen=250000)}","{-1: deque([13, 15, 17, 18, 19, 24, 26, 29], maxlen=250000), 1.5: deque([0], maxlen=250000), 1: deque([33], maxlen=250000)}"
237,"{-1: deque([2, 3, 4, 5, 6, 8, 9, 10, 11, 13, 14, 15, 17, 18, 20, 22, 24, 25, 26, 27, 28, 30, 31, 32], maxlen=250000), 1.5: deque([0], maxlen=250000)}","{-1: deque([1, 7, 12, 16, 19, 21, 23, 29], maxlen=250000), 1.5: deque([0], maxlen=250000), 1: deque([33], maxlen=250000)}"
238,"{-1: deque([1, 2, 3, 5, 6, 7, 8, 9, 10, 11, 12, 13, 15, 16, 18, 20, 21, 25, 27, 28, 29, 30, 31, 32], maxlen=250000), 1.5: deque([0], maxlen=250000)}","{-1: deque([4, 14, 17, 19, 22, 23, 24, 26], maxlen=250000), 1.5: deque([0], maxlen=250000), 1: deque([33], maxlen=250000)}"
239,"{-1: deque([2, 3, 4, 5, 6, 7, 8, 9, 10, 17, 18, 19, 20, 21, 22, 23, 24, 25, 27, 28, 29, 30, 31, 32], maxlen=250000), 1.5: deque([0], maxlen=250000)}","{-1: deque([1, 11, 12, 13, 14, 15, 16, 26], maxlen=250000), 1.5: deque([0], maxlen=250000), 1: deque([33], maxlen=250000)}"
240,"{-1: deque([1, 3, 4, 5, 6, 7, 10, 11, 12, 14, 15, 16, 17, 18, 19, 20, 21, 23, 24, 27, 28, 29, 30, 31], maxlen=250000), 1.5: deque([0], maxlen=250000)}","{-1: deque([2, 8, 9, 13, 22, 25, 26, 32], maxlen=250000), 1.5: deque([0], maxlen=250000), 1: deque([33], maxlen=250000)}"
241,"{-1: deque([2, 3, 4, 5, 7, 8, 9, 10, 11, 12, 13, 14, 15, 18, 19, 22, 23, 25, 26, 27, 29, 30, 31, 32], maxlen=250000), 1.5: deque([0], maxlen=250000)}","{-1: deque([1, 6, 16, 17, 20, 21, 24, 28], maxlen=250000), 1.5: deque([0], maxlen=250000), 1: deque([33], maxlen=250000)}"
242,"{-1: deque([1, 2, 4, 5, 6, 7, 8, 10, 11, 12, 13, 14, 17, 18, 20, 21, 22, 23, 25, 27, 28, 30, 31, 32], maxlen=250000), 1.5: deque([0], maxlen=250000)}","{-1: deque([3, 9, 15, 16, 19, 24, 26, 29], maxlen=250000), 1.5: deque([0], maxlen=250000), 1: deque([33], maxlen=250000)}"
243,"{-1: deque([1, 3, 4, 5, 6, 7, 8, 10, 12, 13, 15, 16, 17, 19, 20, 21, 22, 23, 24, 25, 29, 30, 31, 32], maxlen=250000), 1.5: deque([0], maxlen=250000)}","{-1: deque([2, 9, 11, 14, 18, 26, 27, 28], maxlen=250000), 1.5: deque([0], maxlen=250000), 1: deque([33], maxlen=250000)}"
244,"{-1: deque([1, 4, 7, 8, 10, 12, 13, 14, 15, 16, 17, 21, 22, 23, 24, 25, 26, 27, 29, 31, 32], maxlen=250000), 1.5: deque([0], maxlen=250000), 1: deque([5, 9, 28], maxlen=250000)}","{1: deque([2, 33], maxlen=250000), 1.5: deque([0], maxlen=250000), -1: deque([3, 6, 11, 18, 19, 20, 30], maxlen=250000)}"
245,"{-1: deque([1, 2, 3, 4, 6, 8, 9, 11, 12, 16, 18, 19, 20, 22, 23, 25, 26, 28, 30, 31, 32], maxlen=250000), 1.5: deque([0], maxlen=250000), 1: deque([10, 17, 29], maxlen=250000)}","{-1: deque([5, 7, 13, 14, 21, 24, 27], maxlen=250000), 1.5: deque([0], maxlen=250000), 1: deque([15, 33], maxlen=250000)}"
246,"{-1: deque([2, 3, 5, 8, 9, 10, 11, 13, 14, 15, 18, 19, 20, 21, 22, 23, 24, 25, 26, 30, 31], maxlen=250000), 1.5: deque([0], maxlen=250000), 1: deque([12, 17, 28], maxlen=250000)}","{-1: deque([1, 4, 6, 16, 27, 29, 32], maxlen=250000), 1.5: deque([0], maxlen=250000), 1: deque([7, 33], maxlen=250000)}"
247,"{-1: deque([2, 4, 5, 6, 8, 9, 10, 12, 13, 15, 16, 17, 18, 20, 22, 23, 24, 26, 30, 31, 32], maxlen=250000), 1.5: deque([0], maxlen=250000), 1: deque([3, 25, 29], maxlen=250000)}","{-1: deque([1, 7, 11, 19, 21, 27, 28], maxlen=250000), 1.5: deque([0], maxlen=250000), 1: deque([14, 33], maxlen=250000)}"
248,"{-1: deque([1, 3, 6, 7, 8, 9, 10, 11, 12, 14, 16, 17, 18, 21, 22, 23, 25, 27, 29, 30, 31], maxlen=250000), 1.5: deque([0], maxlen=250000), 1: deque([20, 28, 32, 33], maxlen=250000)}","{1: deque([2], maxlen=250000), 1.5: deque([0], maxlen=250000), -1: deque([4, 5, 13, 15, 19, 24, 26], maxlen=250000)}"
249,"{-1: deque([1, 2, 3, 5, 6, 8, 10, 12, 13, 15, 18, 19, 21, 22, 23, 24, 26, 29, 30, 31, 32], maxlen=250000), 1.5: deque([0], maxlen=250000), 1: deque([9, 17, 25, 33], maxlen=250000)}","{-1: deque([4, 7, 11, 14, 16, 27, 28], maxlen=250000), 1.5: deque([0], maxlen=250000), 1: deque([20], maxlen=250000)}"
250,"{-1: deque([1, 2, 3, 4, 8, 10, 12, 13, 14, 15, 16, 17, 18, 20, 23, 25, 26, 29, 30, 31, 32], maxlen=250000), 1.5: deque([0], maxlen=250000), 1: deque([5, 7, 22], maxlen=250000)}","{-1: deque([6, 9, 19, 21, 24, 27, 28], maxlen=250000), 1.5: deque([0], maxlen=250000), 1: deque([11, 33], maxlen=250000)}"
251,"{-1: deque([1, 3, 4, 5, 6, 7, 8, 9, 15, 16, 17, 18, 19, 21, 23, 24, 25, 26, 28, 29, 32], maxlen=250000), 1.5: deque([0], maxlen=250000), 1: deque([13, 20, 30, 33], maxlen=250000)}","{-1: deque([2, 10, 11, 14, 22, 27, 31], maxlen=250000), 1.5: deque([0], maxlen=250000), 1: deque([12], maxlen=250000)}"
252,"{-1: deque([2, 3, 4, 6, 7, 8, 9, 10, 11, 12, 18, 19, 21, 22, 23, 24, 25, 26, 28, 30, 32], maxlen=250000), 1.5: deque([0], maxlen=250000), 1: deque([17, 29, 31, 33], maxlen=250000)}","{-1: deque([1, 5, 14, 15, 16, 20, 27], maxlen=250000), 1.5: deque([0], maxlen=250000), 1: deque([13], maxlen=250000)}"
253,"{1: deque([1, 2, 10], maxlen=250000), 1.5: deque([0], maxlen=250000), -1: deque([3, 4, 5, 7, 8, 9, 11, 13, 14, 17, 18, 19, 20, 21, 23, 24, 25, 28, 29, 30, 31], maxlen=250000)}","{-1: deque([6, 12, 15, 16, 22, 27, 32], maxlen=250000), 1.5: deque([0], maxlen=250000), 1: deque([26, 33], maxlen=250000)}"
254,"{-1: deque([1, 2, 3, 4, 5, 7, 8, 9, 10, 13, 14, 17, 19, 21, 23, 24, 25, 26, 27, 29, 30], maxlen=250000), 1.5: deque([0], maxlen=250000), 1: deque([12, 15, 22], maxlen=250000)}","{1: deque([6, 33], maxlen=250000), 1.5: deque([0], maxlen=250000), -1: deque([11, 16, 18, 20, 28, 31, 32], maxlen=250000)}"
255,"{1: deque([2, 24, 32, 33], maxlen=250000), 1.5: deque([0], maxlen=250000), -1: deque([3, 4, 7, 8, 10, 11, 12, 13, 14, 15, 16, 17, 19, 21, 22, 23, 25, 26, 27, 28, 31], maxlen=250000)}","{-1: deque([1, 5, 6, 9, 18, 20, 30], maxlen=250000), 1.5: deque([0], maxlen=250000), 1: deque([29], maxlen=250000)}"
256,"{1: deque([3, 26, 31], maxlen=250000), 1.5: deque([0], maxlen=250000), -1: deque([5, 7, 8, 9, 11, 12, 14, 16, 17, 18, 19, 20, 21, 22, 23, 24, 27, 28, 29, 30, 32], maxlen=250000)}","{-1: deque([1, 2, 6, 10, 13, 15, 25], maxlen=250000), 1.5: deque([0], maxlen=250000), 1: deque([4, 33], maxlen=250000)}"
257,"{-1: deque([1, 2, 3, 4, 6, 8, 9, 10, 11, 14, 15, 17, 19, 20, 21, 23, 24, 27, 30, 31, 32], maxlen=250000), 1.5: deque([0], maxlen=250000), 1: deque([13, 26, 29, 33], maxlen=250000)}","{-1: deque([5, 12, 16, 18, 22, 25, 28], maxlen=250000), 1.5: deque([0], maxlen=250000), 1: deque([7], maxlen=250000)}"
258,"{-1: deque([1, 4, 5, 7, 9, 11, 12, 14, 16, 17, 18, 19, 20, 22, 23, 24, 26, 28, 29, 30, 32], maxlen=250000), 1.5: deque([0], maxlen=250000), 1: deque([10, 15, 27], maxlen=250000)}","{-1: deque([2, 3, 6, 8, 13, 21, 25], maxlen=250000), 1.5: deque([0], maxlen=250000), 1: deque([31, 33], maxlen=250000)}"
259,"{-1: deque([1, 4, 5, 6, 8, 9, 10, 11, 12, 13, 14, 15, 16, 17, 18, 21, 22, 24, 26, 27, 30], maxlen=250000), 1.5: deque([0], maxlen=250000), 1: deque([2, 7, 28], maxlen=250000)}","{-1: deque([3, 19, 20, 23, 29, 31, 32], maxlen=250000), 1.5: deque([0], maxlen=250000), 1: deque([25, 33], maxlen=250000)}"
260,"{-1: deque([1, 4, 5, 6, 7, 8, 9, 11, 13, 16, 17, 18, 19, 20, 24, 25, 26, 28, 29, 30, 32], maxlen=250000), 1.5: deque([0], maxlen=250000), 1: deque([10, 14, 15], maxlen=250000)}","{-1: deque([2, 3, 21, 22, 23, 27, 31], maxlen=250000), 1.5: deque([0], maxlen=250000), 1: deque([12, 33], maxlen=250000)}"
261,"{-1: deque([1, 2, 4, 5, 6, 7, 8, 9, 10, 11, 13, 16, 18, 19, 21, 22, 24, 26, 27, 28, 30], maxlen=250000), 1.5: deque([0], maxlen=250000), 1: deque([20, 25, 31, 33], maxlen=250000)}","{-1: deque([3, 12, 14, 15, 17, 29, 32], maxlen=250000), 1.5: deque([0], maxlen=250000), 1: deque([23], maxlen=250000)}"
262,"{-1: deque([2, 3, 4, 7, 9, 10, 11, 14, 15, 16, 17, 18, 19, 20, 22, 24, 25, 26, 27, 30, 31], maxlen=250000), 1.5: deque([0], maxlen=250000), 1: deque([5, 21, 32], maxlen=250000)}","{1: deque([1, 33], maxlen=250000), 1.5: deque([0], maxlen=250000), -1: deque([6, 8, 12, 13, 23, 28, 29], maxlen=250000)}"
263,"{1: deque([1, 6, 23, 33], maxlen=250000), 1.5: deque([0], maxlen=250000), -1: deque([2, 3, 5, 8, 10, 11, 12, 13, 14, 15, 17, 18, 21, 22, 24, 25, 26, 27, 29, 31, 32], maxlen=250000)}","{-1: deque([4, 7, 9, 16, 19, 20, 28], maxlen=250000), 1.5: deque([0], maxlen=250000), 1: deque([30], maxlen=250000)}"
264,"{-1: deque([1, 2, 3, 5, 7, 9, 11, 12, 13, 14, 15, 17, 18, 20, 21, 22, 23, 24, 25, 29, 31], maxlen=250000), 1.5: deque([0], maxlen=250000), 1: deque([6, 27, 30], maxlen=250000)}","{-1: deque([4, 8, 10, 16, 19, 26, 32], maxlen=250000), 1.5: deque([0], maxlen=250000), 1: deque([28, 33], maxlen=250000)}"
265,"{1: deque([2, 3, 10, 33], maxlen=250000), 1.5: deque([0], maxlen=250000), -1: deque([4, 5, 6, 9, 11, 12, 13, 16, 17, 18, 19, 20, 22, 23, 25, 26, 27, 28, 29, 30, 31], maxlen=250000)}","{-1: deque([1, 7, 8, 14, 21, 24, 32], maxlen=250000), 1.5: deque([0], maxlen=250000), 1: deque([15], maxlen=250000)}"
266,"{-1: deque([1, 2, 4, 6, 7, 9, 10, 12, 13, 15, 16, 17, 18, 19, 22, 24, 25, 28, 29, 30, 31], maxlen=250000), 1.5: deque([0], maxlen=250000), 1: deque([8, 14, 32, 33], maxlen=250000)}","{-1: deque([3, 11, 20, 21, 23, 26, 27], maxlen=250000), 1.5: deque([0], maxlen=250000), 1: deque([5], maxlen=250000)}"
267,"{-1: deque([2, 3, 4, 5, 6, 9, 11, 12, 13, 16, 17, 18, 19, 23, 25, 26, 28, 29, 30, 31, 32], maxlen=250000), 1.5: deque([0], maxlen=250000), 1: deque([8, 14, 24], maxlen=250000)}","{-1: deque([1, 7, 15, 20, 21, 22, 27], maxlen=250000), 1.5: deque([0], maxlen=250000), 1: deque([10, 33], maxlen=250000)}"
268,"{-1: deque([1, 3, 6, 8, 9, 10, 12, 13, 14, 16, 17, 18, 21, 22, 23, 24, 25, 28, 29, 30, 31], maxlen=250000), 1.5: deque([0], maxlen=250000), 1: deque([5, 15, 26, 33], maxlen=250000)}","{-1: deque([2, 7, 11, 19, 20, 27, 32], maxlen=250000), 1.5: deque([0], maxlen=250000), 1: deque([4], maxlen=250000)}"
269,"{1: deque([1, 13, 24], maxlen=250000), 1.5: deque([0], maxlen=250000), -1: deque([2, 3, 5, 6, 7, 8, 9, 10, 11, 12, 14, 16, 20, 22, 23, 26, 27, 28, 30, 31, 32], maxlen=250000)}","{-1: deque([4, 15, 17, 19, 21, 25, 29], maxlen=250000), 1.5: deque([0], maxlen=250000), 1: deque([18, 33], maxlen=250000)}"
270,"{-1: deque([1, 2, 3, 5, 6, 8, 9, 10, 11, 15, 20, 22, 23, 24, 25, 26, 27, 29, 30, 31, 32], maxlen=250000), 1.5: deque([0], maxlen=250000), 1: deque([12, 16, 17, 33], maxlen=250000)}","{-1: deque([4, 7, 14, 18, 19, 21, 28], maxlen=250000), 1.5: deque([0], maxlen=250000), 1: deque([13], maxlen=250000)}"
271,"{-1: deque([1, 3, 4, 5, 8, 9, 10, 11, 12, 16, 18, 20, 22, 23, 24, 25, 26, 29, 30, 31, 32], maxlen=250000), 1.5: deque([0], maxlen=250000), 1: deque([2, 13, 17], maxlen=250000)}","{-1: deque([6, 7, 14, 15, 19, 21, 27], maxlen=250000), 1.5: deque([0], maxlen=250000), 1: deque([28, 33], maxlen=250000)}"
272,"{-1: deque([1, 4, 5, 6, 7, 8, 9, 11, 13, 14, 16, 19, 21, 22, 23, 24, 25, 26, 28, 29, 32], maxlen=250000), 1.5: deque([0], maxlen=250000), 1: deque([2, 12, 17], maxlen=250000)}","{1: deque([3, 33], maxlen=250000), 1.5: deque([0], maxlen=250000), -1: deque([10, 15, 18, 20, 27, 30, 31], maxlen=250000)}"
273,"{-1: deque([1, 2, 3, 4, 5, 6, 8, 10, 14, 16, 18, 19, 20, 21, 22, 23, 24, 26, 30, 31, 32], maxlen=250000), 1.5: deque([0], maxlen=250000), 1: deque([13, 15, 29], maxlen=250000)}","{-1: deque([7, 9, 11, 12, 17, 25, 28], maxlen=250000), 1.5: deque([0], maxlen=250000), 1: deque([27, 33], maxlen=250000)}"
274,"{-1: deque([1, 2, 3, 4, 6, 7, 8, 9, 13, 14, 15, 16, 17, 19, 20, 21, 22, 27, 28, 29, 32], maxlen=250000), 1.5: deque([0], maxlen=250000), 1: deque([12, 30, 31, 33], maxlen=250000)}","{-1: deque([5, 10, 18, 23, 24, 25, 26], maxlen=250000), 1.5: deque([0], maxlen=250000), 1: deque([11], maxlen=250000)}"
275,"{-1: deque([1, 3, 6, 8, 9, 10, 11, 12, 13, 14, 16, 17, 18, 20, 21, 22, 23, 24, 25, 26, 32], maxlen=250000), 1.5: deque([0], maxlen=250000), 1: deque([5, 30, 31, 33], maxlen=250000)}","{-1: deque([2, 4, 7, 15, 19, 27, 29], maxlen=250000), 1.5: deque([0], maxlen=250000), 1: deque([28], maxlen=250000)}"
276,"{-1: deque([1, 4, 7, 8, 9, 10, 13, 14, 15, 16, 17, 19, 20, 21, 23, 24, 25, 26, 27, 29, 30], maxlen=250000), 1.5: deque([0], maxlen=250000), 1: deque([3, 11, 31, 33], maxlen=250000)}","{-1: deque([2, 5, 6, 12, 22, 28, 32], maxlen=250000), 1.5: deque([0], maxlen=250000), 1: deque([18], maxlen=250000)}"
277,"{-1: deque([2, 5, 6, 8, 9, 10, 11, 16, 17, 18, 19, 20, 21, 22, 23, 24, 27, 29, 30, 31, 32], maxlen=250000), 1.5: deque([0], maxlen=250000), 1: deque([14, 15, 25], maxlen=250000)}","{-1: deque([1, 3, 4, 7, 12, 13, 28], maxlen=250000), 1.5: deque([0], maxlen=250000), 1: deque([26, 33], maxlen=250000)}"
278,"{1: deque([1, 26, 27], maxlen=250000), 1.5: deque([0], maxlen=250000), -1: deque([4, 6, 7, 8, 9, 10, 11, 12, 13, 14, 15, 17, 19, 21, 22, 23, 24, 28, 29, 30, 31], maxlen=250000)}","{-1: deque([2, 3, 5, 16, 18, 20, 32], maxlen=250000), 1.5: deque([0], maxlen=250000), 1: deque([25, 33], maxlen=250000)}"
279,"{-1: deque([2, 3, 5, 7, 8, 9, 10, 11, 12, 13, 15, 17, 18, 20, 21, 24, 27, 28, 29, 30, 32], maxlen=250000), 1.5: deque([0], maxlen=250000), 1: deque([16, 19, 26], maxlen=250000)}","{-1: deque([1, 4, 6, 14, 22, 23, 25], maxlen=250000), 1.5: deque([0], maxlen=250000), 1: deque([31, 33], maxlen=250000)}"
280,"{-1: deque([1, 4, 6, 7, 8, 9, 10, 11, 12, 13, 14, 16, 17, 21, 23, 24, 26, 27, 28, 30, 31], maxlen=250000), 1.5: deque([0], maxlen=250000), 1: deque([2, 5, 32, 33], maxlen=250000)}","{-1: deque([3, 15, 18, 19, 20, 22, 29], maxlen=250000), 1.5: deque([0], maxlen=250000), 1: deque([25], maxlen=250000)}"
281,"{-1: deque([1, 2, 4, 5, 7, 13, 15, 16, 17, 19, 20, 21, 22, 23, 24, 25, 26, 27, 29, 30, 31], maxlen=250000), 1.5: deque([0], maxlen=250000), 1: deque([9, 28, 32, 33], maxlen=250000)}","{1: deque([3], maxlen=250000), 1.5: deque([0], maxlen=250000), -1: deque([6, 8, 10, 11, 12, 14, 18], maxlen=250000)}"
282,"{-1: deque([1, 4, 5, 6, 9, 10, 11, 13, 15, 16, 17, 20, 22, 23, 24, 25, 26, 27, 28, 31, 32], maxlen=250000), 1.5: deque([0], maxlen=250000), 1: deque([2, 21, 30, 33], maxlen=250000)}","{-1: deque([3, 7, 8, 12, 18, 19, 29], maxlen=250000), 1.5: deque([0], maxlen=250000), 1: deque([14], maxlen=250000)}"
283,"{-1: deque([2, 4, 5, 7, 8, 10, 12, 13, 15, 16, 17, 18, 20, 21, 24, 26, 27, 28, 29, 30, 31], maxlen=250000), 1.5: deque([0], maxlen=250000), 1: deque([6, 14, 23, 33], maxlen=250000)}","{-1: deque([1, 3, 11, 19, 22, 25, 32], maxlen=250000), 1.5: deque([0], maxlen=250000), 1: deque([9], maxlen=250000)}"
284,"{1: deque([1, 5, 29], maxlen=250000), 1.5: deque([0], maxlen=250000), -1: deque([2, 3, 7, 8, 10, 11, 12, 16, 17, 18, 20, 21, 22, 23, 24, 26, 27, 28, 30, 31, 32], maxlen=250000)}","{-1: deque([4, 6, 9, 13, 14, 15, 19], maxlen=250000), 1.5: deque([0], maxlen=250000), 1: deque([25, 33], maxlen=250000)}"
285,"{-1: deque([1, 2, 4, 5, 8, 9, 10, 13, 14, 15, 16, 18, 19, 20, 21, 22, 26, 27, 29, 30, 32], maxlen=250000), 1.5: deque([0], maxlen=250000), 1: deque([3, 25, 31, 33], maxlen=250000)}","{-1: deque([6, 7, 11, 12, 17, 23, 24], maxlen=250000), 1.5: deque([0], maxlen=250000), 1: deque([28], maxlen=250000)}"
286,"{1: deque([1, 28, 31, 33], maxlen=250000), 1.5: deque([0], maxlen=250000), -1: deque([2, 3, 4, 7, 8, 10, 11, 12, 14, 15, 18, 19, 20, 21, 22, 23, 24, 25, 26, 27, 32], maxlen=250000)}","{-1: deque([5, 9, 13, 16, 17, 29, 30], maxlen=250000), 1.5: deque([0], maxlen=250000), 1: deque([6], maxlen=250000)}"
287,"{-1: deque([1, 2, 3, 7, 10, 11, 13, 14, 15, 16, 18, 19, 20, 21, 22, 23, 24, 25, 26, 28, 32], maxlen=250000), 1.5: deque([0], maxlen=250000), 1: deque([4, 8, 29], maxlen=250000)}","{-1: deque([5, 9, 12, 17, 27, 30, 31], maxlen=250000), 1.5: deque([0], maxlen=250000), 1: deque([6, 33], maxlen=250000)}"
288,"{-1: deque([1, 2, 3, 4, 6, 7, 8, 10, 12, 13, 16, 18, 19, 20, 22, 23, 24, 25, 26, 29, 30], maxlen=250000), 1.5: deque([0], maxlen=250000), 1: deque([27, 31, 32], maxlen=250000)}","{-1: deque([5, 9, 11, 15, 17, 21, 28], maxlen=250000), 1.5: deque([0], maxlen=250000), 1: deque([14, 33], maxlen=250000)}"
289,"{-1: deque([1, 2, 4, 5, 9, 10, 11, 12, 14, 15, 17, 18, 20, 21, 22, 24, 25, 26, 29, 30, 32], maxlen=250000), 1.5: deque([0], maxlen=250000), 1: deque([6, 7, 19], maxlen=250000)}","{-1: deque([3, 8, 13, 16, 23, 28, 31], maxlen=250000), 1.5: deque([0], maxlen=250000), 1: deque([27, 33], maxlen=250000)}"
290,"{-1: deque([1, 2, 4, 5, 6, 7, 8, 9, 12, 13, 15, 16, 17, 21, 22, 24, 25, 26, 27, 31, 32], maxlen=250000), 1.5: deque([0], maxlen=250000), 1: deque([14, 20, 28], maxlen=250000)}","{-1: deque([3, 11, 18, 19, 23, 29, 30], maxlen=250000), 1.5: deque([0], maxlen=250000), 1: deque([10, 33], maxlen=250000)}"
291,"{-1: deque([1, 4, 5, 6, 7, 10, 11, 12, 13, 14, 16, 20, 21, 22, 23, 24, 25, 26, 27, 29, 30], maxlen=250000), 1.5: deque([0], maxlen=250000), 1: deque([2, 18, 31, 33], maxlen=250000)}","{-1: deque([3, 8, 9, 15, 17, 28, 32], maxlen=250000), 1.5: deque([0], maxlen=250000), 1: deque([19], maxlen=250000)}"
292,"{-1: deque([1, 3, 4, 5, 6, 7, 8, 10, 14, 15, 17, 19, 20, 21, 24, 25, 27, 28, 30, 31, 32], maxlen=250000), 1.5: deque([0], maxlen=250000), 1: deque([2, 9, 26, 33], maxlen=250000)}","{-1: deque([11, 12, 13, 16, 18, 22, 23], maxlen=250000), 1.5: deque([0], maxlen=250000), 1: deque([29], maxlen=250000)}"
293,"{-1: deque([1, 2, 3, 5, 6, 7, 10, 12, 13, 15, 16, 17, 18, 19, 20, 23, 24, 25, 26, 28, 31], maxlen=250000), 1.5: deque([0], maxlen=250000), 1: deque([14, 21, 32, 33], maxlen=250000)}","{1: deque([4], maxlen=250000), 1.5: deque([0], maxlen=250000), -1: deque([8, 9, 11, 22, 27, 29, 30], maxlen=250000)}"
294,"{-1: deque([1, 2, 3, 4, 7, 8, 10, 11, 14, 15, 16, 17, 19, 20, 21, 23, 24, 25, 28, 30, 31], maxlen=250000), 1.5: deque([0], maxlen=250000), 1: deque([5, 13, 29], maxlen=250000)}","{-1: deque([6, 9, 12, 18, 26, 27, 32], maxlen=250000), 1.5: deque([0], maxlen=250000), 1: deque([22, 33], maxlen=250000)}"
295,"{-1: deque([1, 3, 4, 5, 6, 8, 9, 10, 11, 12, 15, 16, 17, 18, 24, 25, 26, 28, 29, 30, 31], maxlen=250000), 1.5: deque([0], maxlen=250000), 1: deque([2, 23, 32, 33], maxlen=250000)}","{-1: deque([7, 13, 19, 20, 21, 22, 27], maxlen=250000), 1.5: deque([0], maxlen=250000), 1: deque([14], maxlen=250000)}"
296,"{-1: deque([1, 2, 3, 4, 5, 7, 8, 10, 12, 14, 16, 17, 18, 20, 24, 25, 28, 29, 30, 31, 32], maxlen=250000), 1.5: deque([0], maxlen=250000), 1: deque([6, 11, 27, 33], maxlen=250000)}","{-1: deque([9, 15, 19, 21, 22, 23, 26], maxlen=250000), 1.5: deque([0], maxlen=250000), 1: deque([13], maxlen=250000)}"
297,"{1: deque([1, 4, 27], maxlen=250000), 1.5: deque([0], maxlen=250000), -1: deque([3, 5, 6, 7, 8, 9, 10, 11, 12, 13, 15, 18, 19, 20, 22, 23, 24, 25, 28, 29, 31], maxlen=250000)}","{-1: deque([2, 14, 16, 17, 21, 26, 32], maxlen=250000), 1.5: deque([0], maxlen=250000), 1: deque([30, 33], maxlen=250000)}"
298,"{-1: deque([1, 4, 5, 6, 8, 9, 10, 13, 14, 15, 16, 17, 19, 20, 22, 24, 25, 26, 29, 30, 32], maxlen=250000), 1.5: deque([0], maxlen=250000), 1: deque([2, 18, 23], maxlen=250000)}","{-1: deque([3, 7, 12, 21, 27, 28, 31], maxlen=250000), 1.5: deque([0], maxlen=250000), 1: deque([11, 33], maxlen=250000)}"
299,"{-1: deque([2, 4, 6, 8, 9, 10, 11, 13, 15, 17, 18, 19, 20, 21, 23, 24, 25, 26, 27, 30, 31], maxlen=250000), 1.5: deque([0], maxlen=250000), 1: deque([3, 7, 22], maxlen=250000)}","{-1: deque([1, 5, 12, 16, 28, 29, 32], maxlen=250000), 1.5: deque([0], maxlen=250000), 1: deque([14, 33], maxlen=250000)}"
300,"{-1: deque([1, 2, 4, 7, 8, 9, 10, 12, 14, 16, 17, 19, 20, 21, 22, 23, 25, 26, 28, 31, 32], maxlen=250000), 1.5: deque([0], maxlen=250000), 1: deque([5, 24, 27, 33], maxlen=250000)}","{-1: deque([3, 6, 11, 15, 18, 29, 30], maxlen=250000), 1.5: deque([0], maxlen=250000), 1: deque([13], maxlen=250000)}"
301,"{-1: deque([1, 2, 3, 4, 5, 6, 7, 8, 9, 12, 13, 14, 15, 19, 22, 23, 25, 26, 28, 30, 32], maxlen=250000), 1.5: deque([0], maxlen=250000), 1: deque([11, 16, 21, 33], maxlen=250000)}","{-1: deque([10, 17, 18, 20, 24, 27, 31], maxlen=250000), 1.5: deque([0], maxlen=250000), 1: deque([29], maxlen=250000)}"
302,"{-1: deque([1, 3, 4, 5, 6, 9, 11, 12, 13, 14, 17, 18, 19, 20, 22, 23, 24, 28, 30, 31, 32], maxlen=250000), 1.5: deque([0], maxlen=250000), 1: deque([10, 16, 21], maxlen=250000)}","{-1: deque([2, 7, 15, 25, 26, 27, 29], maxlen=250000), 1.5: deque([0], maxlen=250000), 1: deque([8, 33], maxlen=250000)}"
303,"{-1: deque([1, 2, 3, 5, 7, 8, 9, 12, 15, 16, 17, 18, 19, 20, 21, 22, 23, 25, 27, 28, 31], maxlen=250000), 1.5: deque([0], maxlen=250000), 1: deque([4, 26, 29, 33], maxlen=250000)}","{-1: deque([6, 10, 11, 14, 24, 30, 32], maxlen=250000), 1.5: deque([0], maxlen=250000), 1: deque([13], maxlen=250000)}"
304,"{-1: deque([3, 4, 5, 6, 8, 9, 10, 12, 14, 16, 17, 18, 19, 21, 22, 24, 26, 27, 29, 31, 32], maxlen=250000), 1.5: deque([0], maxlen=250000), 1: deque([7, 11, 23, 33], maxlen=250000)}","{-1: deque([1, 2, 15, 20, 25, 28, 30], maxlen=250000), 1.5: deque([0], maxlen=250000), 1: deque([13], maxlen=250000)}"
305,"{1: deque([1, 10, 15, 33], maxlen=250000), 1.5: deque([0], maxlen=250000), -1: deque([2, 3, 4, 6, 7, 8, 9, 11, 13, 14, 16, 17, 19, 21, 24, 25, 26, 27, 29, 30, 31], maxlen=250000)}","{1: deque([5], maxlen=250000), 1.5: deque([0], maxlen=250000), -1: deque([12, 18, 20, 22, 23, 28, 32], maxlen=250000)}"
306,"{1: deque([1, 17, 28], maxlen=250000), 1.5: deque([0], maxlen=250000), -1: deque([2, 3, 4, 5, 7, 8, 9, 10, 11, 12, 13, 16, 18, 19, 20, 21, 22, 23, 26, 29, 32], maxlen=250000)}","{-1: deque([6, 15, 24, 25, 27, 30, 31], maxlen=250000), 1.5: deque([0], maxlen=250000), 1: deque([14, 33], maxlen=250000)}"
307,"{-1: deque([1, 2, 5, 6, 8, 11, 12, 15, 16, 17, 18, 20, 21, 22, 24, 25, 27, 29, 30, 31, 32], maxlen=250000), 1.5: deque([0], maxlen=250000), 1: deque([4, 7, 9], maxlen=250000)}","{-1: deque([3, 10, 13, 14, 19, 23, 26], maxlen=250000), 1.5: deque([0], maxlen=250000), 1: deque([28, 33], maxlen=250000)}"
308,"{1: deque([1, 14, 32], maxlen=250000), 1.5: deque([0], maxlen=250000), -1: deque([2, 3, 4, 5, 6, 7, 8, 9, 10, 13, 15, 16, 18, 19, 23, 25, 26, 28, 29, 30, 31], maxlen=250000)}","{-1: deque([11, 12, 20, 21, 22, 24, 27], maxlen=250000), 1.5: deque([0], maxlen=250000), 1: deque([17, 33], maxlen=250000)}"
309,"{-1: deque([1, 2, 4, 5, 6, 7, 8, 10, 11, 12, 14, 16, 17, 18, 19, 22, 24, 25, 27, 29, 32], maxlen=250000), 1.5: deque([0], maxlen=250000), 1: deque([13, 15, 20], maxlen=250000)}","{-1: deque([3, 9, 23, 26, 28, 30, 31], maxlen=250000), 1.5: deque([0], maxlen=250000), 1: deque([21, 33], maxlen=250000)}"
310,"{1: deque([4, 18, 28], maxlen=250000), 1.5: deque([0], maxlen=250000), -1: deque([5, 6, 8, 9, 10, 11, 12, 13, 14, 15, 16, 19, 20, 21, 23, 24, 25, 26, 29, 30, 32], maxlen=250000)}","{-1: deque([1, 2, 3, 7, 17, 22, 27], maxlen=250000), 1.5: deque([0], maxlen=250000), 1: deque([31, 33], maxlen=250000)}"
311,"{-1: deque([2, 5, 6, 7, 8, 10, 12, 14, 16, 17, 18, 19, 20, 21, 22, 23, 25, 26, 27, 30, 31], maxlen=250000), 1.5: deque([0], maxlen=250000), 1: deque([9, 15, 32, 33], maxlen=250000)}","{1: deque([1], maxlen=250000), 1.5: deque([0], maxlen=250000), -1: deque([3, 4, 11, 13, 24, 28, 29], maxlen=250000)}"
312,"{-1: deque([2, 6, 7, 8, 9, 13, 14, 15, 16, 17, 20, 21, 22, 23, 25, 26, 27, 29, 30, 31, 32], maxlen=250000), 1.5: deque([0], maxlen=250000), 1: deque([4, 11, 28], maxlen=250000)}","{-1: deque([1, 3, 5, 10, 18, 19, 24], maxlen=250000), 1.5: deque([0], maxlen=250000), 1: deque([12, 33], maxlen=250000)}"
313,"{-1: deque([1, 4, 5, 7, 8, 9, 10, 12, 15, 16, 17, 18, 19, 21, 22, 25, 27, 28, 30, 31, 32], maxlen=250000), 1.5: deque([0], maxlen=250000), 1: deque([3, 11, 13, 33], maxlen=250000)}","{1: deque([2], maxlen=250000), 1.5: deque([0], maxlen=250000), -1: deque([6, 14, 20, 23, 24, 26, 29], maxlen=250000)}"
314,"{1: deque([1, 2, 31, 33], maxlen=250000), 1.5: deque([0], maxlen=250000), -1: deque([3, 4, 5, 6, 8, 11, 12, 13, 14, 16, 18, 20, 21, 22, 23, 24, 25, 26, 27, 28, 29], maxlen=250000)}","{-1: deque([7, 9, 10, 17, 19, 30, 32], maxlen=250000), 1.5: deque([0], maxlen=250000), 1: deque([15], maxlen=250000)}"
315,"{-1: deque([1, 2, 3, 6, 7, 9, 11, 12, 13, 14, 15, 18, 20, 23, 24, 25, 26, 27, 28, 30, 32], maxlen=250000), 1.5: deque([0], maxlen=250000), 1: deque([5, 19, 21], maxlen=250000)}","{-1: deque([4, 8, 10, 16, 17, 29, 31], maxlen=250000), 1.5: deque([0], maxlen=250000), 1: deque([22, 33], maxlen=250000)}"
316,"{-1: deque([1, 2, 3, 5, 6, 8, 9, 10, 11, 14, 15, 18, 19, 21, 22, 23, 24, 25, 27, 29, 31], maxlen=250000), 1.5: deque([0], maxlen=250000), 1: deque([7, 17, 32, 33], maxlen=250000)}","{-1: deque([4, 12, 13, 16, 26, 28, 30], maxlen=250000), 1.5: deque([0], maxlen=250000), 1: deque([20], maxlen=250000)}"
317,"{-1: deque([1, 5, 6, 8, 12, 13, 14, 15, 17, 18, 19, 20, 21, 22, 23, 25, 26, 27, 29, 31, 32], maxlen=250000), 1.5: deque([0], maxlen=250000), 1: deque([3, 4, 11], maxlen=250000)}","{-1: deque([2, 7, 9, 10, 24, 28, 30], maxlen=250000), 1.5: deque([0], maxlen=250000), 1: deque([16, 33], maxlen=250000)}"
318,"{-1: deque([1, 2, 4, 5, 7, 9, 11, 12, 13, 16, 17, 19, 20, 23, 25, 26, 27, 28, 29, 31, 32], maxlen=250000), 1.5: deque([0], maxlen=250000), 1: deque([15, 24, 30, 33], maxlen=250000)}","{-1: deque([3, 6, 8, 10, 18, 21, 22], maxlen=250000), 1.5: deque([0], maxlen=250000), 1: deque([14], maxlen=250000)}"
319,"{-1: deque([1, 4, 6, 7, 8, 9, 11, 12, 14, 16, 17, 20, 21, 22, 24, 26, 27, 28, 30, 31, 32], maxlen=250000), 1.5: deque([0], maxlen=250000), 1: deque([2, 5, 19], maxlen=250000)}","{-1: deque([3, 13, 15, 18, 23, 25, 29], maxlen=250000), 1.5: deque([0], maxlen=250000), 1: deque([10, 33], maxlen=250000)}"
320,"{-1: deque([3, 4, 5, 6, 7, 11, 12, 13, 15, 16, 17, 18, 19, 20, 22, 24, 25, 26, 28, 30, 32], maxlen=250000), 1.5: deque([0], maxlen=250000), 1: deque([8, 27, 31], maxlen=250000)}","{-1: deque([1, 9, 10, 14, 21, 23, 29], maxlen=250000), 1.5: deque([0], maxlen=250000), 1: deque([2, 33], maxlen=250000)}"
321,"{-1: deque([1, 3, 4, 5, 8, 9, 11, 12, 13, 15, 18, 19, 20, 21, 25, 27, 28, 29, 30, 31, 32], maxlen=250000), 1.5: deque([0], maxlen=250000), 1: deque([6, 14, 22], maxlen=250000)}","{-1: deque([2, 7, 10, 16, 23, 24, 26], maxlen=250000), 1.5: deque([0], maxlen=250000), 1: deque([17, 33], maxlen=250000)}"
322,"{-1: deque([1, 2, 4, 5, 6, 7, 8, 9, 10, 11, 13, 14, 16, 17, 18, 19, 22, 24, 25, 31, 32], maxlen=250000), 1.5: deque([0], maxlen=250000), 1: deque([12, 15, 30], maxlen=250000)}","{-1: deque([3, 21, 23, 26, 27, 28, 29], maxlen=250000), 1.5: deque([0], maxlen=250000), 1: deque([20, 33], maxlen=250000)}"
323,"{-1: deque([1, 4, 5, 6, 7, 8, 9, 11, 12, 14, 15, 18, 19, 20, 22, 25, 26, 28, 29, 31, 32], maxlen=250000), 1.5: deque([0], maxlen=250000), 1: deque([21, 27, 30], maxlen=250000)}","{1: deque([2, 33], maxlen=250000), 1.5: deque([0], maxlen=250000), -1: deque([3, 10, 13, 16, 17, 23, 24], maxlen=250000)}"
324,"{-1: deque([1, 2, 3, 5, 6, 7, 8, 13, 14, 15, 16, 18, 19, 22, 23, 25, 26, 27, 29, 30, 31], maxlen=250000), 1.5: deque([0], maxlen=250000), 1: deque([11, 12, 24], maxlen=250000)}","{-1: deque([4, 9, 10, 17, 20, 28, 32], maxlen=250000), 1.5: deque([0], maxlen=250000), 1: deque([21, 33], maxlen=250000)}"
325,"{-1: deque([3, 4, 5, 6, 8, 9, 10, 11, 12, 14, 17, 18, 19, 20, 21, 22, 26, 27, 28, 29, 31], maxlen=250000), 1.5: deque([0], maxlen=250000), 1: deque([23, 30, 32], maxlen=250000)}","{-1: deque([1, 2, 7, 13, 16, 24, 25], maxlen=250000), 1.5: deque([0], maxlen=250000), 1: deque([15, 33], maxlen=250000)}"
326,"{-1: deque([1, 2, 4, 6, 7, 8, 10, 11, 15, 16, 17, 18, 19, 20, 23, 24, 25, 26, 27, 29, 31], maxlen=250000), 1.5: deque([0], maxlen=250000), 1: deque([14, 30, 32, 33], maxlen=250000)}","{-1: deque([3, 5, 12, 13, 21, 22, 28], maxlen=250000), 1.5: deque([0], maxlen=250000), 1: deque([9], maxlen=250000)}"
327,"{-1: deque([3, 5, 6, 7, 8, 9, 11, 12, 13, 14, 15, 17, 18, 19, 22, 23, 24, 25, 27, 31, 32], maxlen=250000), 1.5: deque([0], maxlen=250000), 1: deque([10, 16, 21, 33], maxlen=250000)}","{-1: deque([1, 2, 4, 20, 28, 29, 30], maxlen=250000), 1.5: deque([0], maxlen=250000), 1: deque([26], maxlen=250000)}"
328,"{-1: deque([1, 2, 4, 5, 6, 7, 9, 10, 11, 14, 16, 18, 19, 21, 22, 24, 26, 28, 29, 30, 31], maxlen=250000), 1.5: deque([0], maxlen=250000), 1: deque([3, 8, 32, 33], maxlen=250000)}","{-1: deque([12, 13, 15, 17, 23, 25, 27], maxlen=250000), 1.5: deque([0], maxlen=250000), 1: deque([20], maxlen=250000)}"
329,"{-1: deque([1, 2, 3, 4, 5, 6, 7, 8, 9, 10, 12, 13, 14, 19, 20, 21, 23, 25, 29, 30, 32], maxlen=250000), 1.5: deque([0], maxlen=250000), 1: deque([15, 17, 24], maxlen=250000)}","{-1: deque([11, 16, 18, 22, 26, 27, 31], maxlen=250000), 1.5: deque([0], maxlen=250000), 1: deque([28, 33], maxlen=250000)}"
330,"{-1: deque([2, 3, 5, 6, 7, 9, 10, 11, 12, 14, 15, 16, 18, 19, 21, 22, 25, 28, 30, 31, 32], maxlen=250000), 1.5: deque([0], maxlen=250000), 1: deque([4, 13, 17, 33], maxlen=250000)}","{-1: deque([1, 8, 20, 23, 24, 26, 27], maxlen=250000), 1.5: deque([0], maxlen=250000), 1: deque([29], maxlen=250000)}"
331,"{-1: deque([1, 2, 4, 7, 8, 9, 10, 12, 13, 15, 16, 17, 18, 20, 22, 23, 27, 28, 30, 31, 32], maxlen=250000), 1.5: deque([0], maxlen=250000), 1: deque([3, 19, 26], maxlen=250000)}","{-1: deque([5, 6, 11, 14, 24, 25, 29], maxlen=250000), 1.5: deque([0], maxlen=250000), 1: deque([21, 33], maxlen=250000)}"
332,"{-1: deque([3, 5, 6, 7, 8, 10, 12, 13, 14, 16, 18, 19, 20, 21, 22, 23, 24, 27, 29, 30, 32], maxlen=250000), 1.5: deque([0], maxlen=250000), 1: deque([11, 17, 25, 33], maxlen=250000)}","{-1: deque([1, 2, 4, 9, 15, 28, 31], maxlen=250000), 1.5: deque([0], maxlen=250000), 1: deque([26], maxlen=250000)}"
333,"{-1: deque([1, 2, 3, 4, 5, 6, 7, 10, 11, 12, 13, 16, 19, 20, 21, 24, 26, 27, 29, 31, 32], maxlen=250000), 1.5: deque([0], maxlen=250000), 1: deque([14, 17, 23], maxlen=250000)}","{-1: deque([8, 9, 15, 18, 22, 28, 30], maxlen=250000), 1.5: deque([0], maxlen=250000), 1: deque([25, 33], maxlen=250000)}"
334,"{-1: deque([1, 4, 6, 7, 8, 9, 11, 13, 16, 17, 18, 19, 20, 21, 22, 23, 25, 26, 27, 28, 31], maxlen=250000), 1.5: deque([0], maxlen=250000), 1: deque([10, 14, 24, 33], maxlen=250000)}","{-1: deque([2, 3, 5, 12, 15, 29, 30], maxlen=250000), 1.5: deque([0], maxlen=250000), 1: deque([32], maxlen=250000)}"
335,"{-1: deque([1, 2, 3, 4, 5, 6, 7, 8, 9, 10, 11, 20, 21, 22, 23, 24, 26, 27, 28, 29, 32], maxlen=250000), 1.5: deque([0], maxlen=250000), 1: deque([13, 16, 30], maxlen=250000)}","{-1: deque([12, 14, 15, 17, 18, 19, 25], maxlen=250000), 1.5: deque([0], maxlen=250000), 1: deque([31, 33], maxlen=250000)}"
336,"{1: deque([1, 13, 24], maxlen=250000), 1.5: deque([0], maxlen=250000), -1: deque([2, 3, 5, 7, 8, 9, 14, 15, 16, 17, 18, 19, 21, 22, 23, 26, 27, 28, 29, 30, 31], maxlen=250000)}","{-1: deque([4, 10, 11, 12, 20, 25, 32], maxlen=250000), 1.5: deque([0], maxlen=250000), 1: deque([6, 33], maxlen=250000)}"
337,"{-1: deque([1, 2, 3, 4, 5, 6, 8, 10, 12, 13, 14, 16, 19, 20, 21, 22, 24, 27, 28, 29, 32], maxlen=250000), 1.5: deque([0], maxlen=250000), 1: deque([11, 23, 26, 33], maxlen=250000)}","{-1: deque([7, 9, 15, 18, 25, 30, 31], maxlen=250000), 1.5: deque([0], maxlen=250000), 1: deque([17], maxlen=250000)}"
338,"{-1: deque([2, 3, 5, 6, 8, 9, 11, 12, 13, 14, 15, 16, 19, 23, 24, 25, 26, 28, 29, 30, 31], maxlen=250000), 1.5: deque([0], maxlen=250000), 1: deque([10, 17, 20], maxlen=250000)}","{-1: deque([1, 4, 7, 21, 22, 27, 32], maxlen=250000), 1.5: deque([0], maxlen=250000), 1: deque([18, 33], maxlen=250000)}"
339,"{-1: deque([1, 2, 3, 4, 5, 6, 8, 9, 10, 11, 12, 13, 14, 16, 17, 19, 20, 24, 26, 28, 32], maxlen=250000), 1.5: deque([0], maxlen=250000), 1: deque([22, 23, 29, 33], maxlen=250000)}","{-1: deque([7, 15, 18, 25, 27, 30, 31], maxlen=250000), 1.5: deque([0], maxlen=250000), 1: deque([21], maxlen=250000)}"
340,"{1: deque([1, 26, 32], maxlen=250000), 1.5: deque([0], maxlen=250000), -1: deque([2, 3, 5, 6, 7, 8, 10, 11, 12, 13, 14, 16, 18, 19, 21, 22, 23, 25, 27, 28, 31], maxlen=250000)}","{-1: deque([4, 9, 17, 20, 24, 29, 30], maxlen=250000), 1.5: deque([0], maxlen=250000), 1: deque([15, 33], maxlen=250000)}"
341,"{1: deque([1, 7, 8], maxlen=250000), 1.5: deque([0], maxlen=250000), -1: deque([2, 3, 5, 6, 9, 10, 11, 12, 14, 16, 18, 20, 21, 22, 24, 26, 28, 29, 30, 31, 32], maxlen=250000)}","{-1: deque([4, 13, 15, 17, 19, 25, 27], maxlen=250000), 1.5: deque([0], maxlen=250000), 1: deque([23, 33], maxlen=250000)}"
342,"{-1: deque([2, 3, 4, 6, 7, 9, 10, 11, 12, 13, 14, 16, 17, 19, 20, 21, 24, 25, 27, 31, 32], maxlen=250000), 1.5: deque([0], maxlen=250000), 1: deque([22, 23, 28, 33], maxlen=250000)}","{-1: deque([1, 5, 8, 15, 18, 26, 30], maxlen=250000), 1.5: deque([0], maxlen=250000), 1: deque([29], maxlen=250000)}"
343,"{-1: deque([1, 2, 3, 4, 6, 7, 8, 9, 11, 12, 14, 16, 18, 20, 22, 26, 27, 28, 30, 31, 32], maxlen=250000), 1.5: deque([0], maxlen=250000), 1: deque([10, 15, 24], maxlen=250000)}","{-1: deque([5, 13, 19, 21, 23, 25, 29], maxlen=250000), 1.5: deque([0], maxlen=250000), 1: deque([17, 33], maxlen=250000)}"
344,"{-1: deque([4, 5, 6, 7, 9, 12, 13, 18, 20, 21, 22, 23, 24, 25, 26, 27, 28, 29, 30, 31, 32], maxlen=250000), 1.5: deque([0], maxlen=250000), 1: deque([8, 11, 17, 33], maxlen=250000)}","{-1: deque([1, 2, 3, 10, 14, 16, 19], maxlen=250000), 1.5: deque([0], maxlen=250000), 1: deque([15], maxlen=250000)}"
345,"{1: deque([1, 4, 29], maxlen=250000), 1.5: deque([0], maxlen=250000), -1: deque([2, 3, 5, 6, 7, 8, 9, 11, 12, 15, 16, 17, 18, 19, 20, 22, 23, 25, 27, 30, 32], maxlen=250000)}","{-1: deque([10, 13, 14, 21, 24, 26, 31], maxlen=250000), 1.5: deque([0], maxlen=250000), 1: deque([28, 33], maxlen=250000)}"
346,"{-1: deque([2, 3, 4, 5, 6, 7, 8, 9, 10, 11, 14, 16, 17, 19, 20, 22, 23, 24, 27, 28, 29], maxlen=250000), 1.5: deque([0], maxlen=250000), 1: deque([12, 13, 31, 33], maxlen=250000)}","{-1: deque([1, 15, 18, 21, 25, 30, 32], maxlen=250000), 1.5: deque([0], maxlen=250000), 1: deque([26], maxlen=250000)}"
347,"{-1: deque([3, 5, 6, 7, 8, 9, 10, 12, 14, 16, 17, 18, 19, 20, 23, 24, 25, 27, 29, 30, 32], maxlen=250000), 1.5: deque([0], maxlen=250000), 1: deque([21, 22, 28, 33], maxlen=250000)}","{-1: deque([1, 2, 4, 11, 13, 26, 31], maxlen=250000), 1.5: deque([0], maxlen=250000), 1: deque([15], maxlen=250000)}"
348,"{-1: deque([1, 4, 5, 6, 7, 9, 10, 11, 12, 14, 16, 19, 20, 21, 23, 24, 25, 26, 29, 30, 31], maxlen=250000), 1.5: deque([0], maxlen=250000), 1: deque([15, 17, 32], maxlen=250000)}","{-1: deque([2, 3, 8, 13, 18, 22, 28], maxlen=250000), 1.5: deque([0], maxlen=250000), 1: deque([27, 33], maxlen=250000)}"
349,"{-1: deque([2, 4, 5, 7, 8, 9, 13, 14, 15, 17, 18, 19, 20, 21, 23, 24, 26, 28, 29, 30, 31], maxlen=250000), 1.5: deque([0], maxlen=250000), 1: deque([3, 12, 16, 33], maxlen=250000)}","{-1: deque([1, 6, 10, 11, 22, 27, 32], maxlen=250000), 1.5: deque([0], maxlen=250000), 1: deque([25], maxlen=250000)}"
350,"{-1: deque([1, 2, 4, 6, 8, 9, 10, 12, 13, 14, 15, 16, 17, 18, 19, 20, 21, 22, 26, 27, 32], maxlen=250000), 1.5: deque([0], maxlen=250000), 1: deque([11, 28, 29], maxlen=250000)}","{-1: deque([3, 5, 7, 23, 24, 25, 30], maxlen=250000), 1.5: deque([0], maxlen=250000), 1: deque([31, 33], maxlen=250000)}"
351,"{1: deque([2, 12, 16, 33], maxlen=250000), 1.5: deque([0], maxlen=250000), -1: deque([3, 4, 5, 7, 11, 13, 14, 15, 17, 18, 20, 21, 22, 24, 25, 26, 28, 29, 30, 31, 32], maxlen=250000)}","{-1: deque([1, 6, 8, 9, 10, 19, 23], maxlen=250000), 1.5: deque([0], maxlen=250000), 1: deque([27], maxlen=250000)}"
352,"{-1: deque([1, 2, 6, 7, 8, 10, 11, 14, 15, 16, 17, 18, 19, 20, 23, 24, 26, 27, 28, 29, 30], maxlen=250000), 1.5: deque([0], maxlen=250000), 1: deque([3, 13, 21], maxlen=250000)}","{-1: deque([4, 5, 9, 12, 22, 25, 31], maxlen=250000), 1.5: deque([0], maxlen=250000), 1: deque([32, 33], maxlen=250000)}"
353,"{-1: deque([2, 4, 5, 6, 7, 8, 10, 11, 14, 15, 17, 18, 19, 20, 21, 22, 24, 25, 30, 31, 32], maxlen=250000), 1.5: deque([0], maxlen=250000), 1: deque([3, 23, 27], maxlen=250000)}","{-1: deque([1, 9, 12, 13, 16, 26, 29], maxlen=250000), 1.5: deque([0], maxlen=250000), 1: deque([28, 33], maxlen=250000)}"
354,"{-1: deque([1, 2, 5, 7, 8, 9, 10, 12, 13, 14, 15, 16, 18, 19, 21, 22, 24, 26, 28, 29, 30], maxlen=250000), 1.5: deque([0], maxlen=250000), 1: deque([6, 17, 32, 33], maxlen=250000)}","{-1: deque([3, 4, 11, 23, 25, 27, 31], maxlen=250000), 1.5: deque([0], maxlen=250000), 1: deque([20], maxlen=250000)}"
355,"{-1: deque([1, 2, 4, 6, 9, 12, 15, 16, 17, 19, 20, 21, 22, 23, 24, 27, 28, 29, 30, 31, 32], maxlen=250000), 1.5: deque([0], maxlen=250000), 1: deque([3, 10, 26], maxlen=250000)}","{-1: deque([5, 7, 8, 13, 14, 18, 25], maxlen=250000), 1.5: deque([0], maxlen=250000), 1: deque([11, 33], maxlen=250000)}"
356,"{-1: deque([1, 2, 3, 4, 5, 6, 9, 10, 11, 12, 13, 14, 18, 19, 20, 22, 23, 25, 28, 29, 32], maxlen=250000), 1.5: deque([0], maxlen=250000), 1: deque([7, 15, 26, 33], maxlen=250000)}","{-1: deque([8, 17, 21, 24, 27, 30, 31], maxlen=250000), 1.5: deque([0], maxlen=250000), 1: deque([16], maxlen=250000)}"
357,"{1: deque([1, 2, 25], maxlen=250000), 1.5: deque([0], maxlen=250000), -1: deque([3, 5, 6, 7, 8, 9, 10, 12, 13, 14, 15, 16, 19, 20, 22, 23, 26, 28, 29, 31, 32], maxlen=250000)}","{-1: deque([4, 11, 17, 18, 21, 27, 30], maxlen=250000), 1.5: deque([0], maxlen=250000), 1: deque([24, 33], maxlen=250000)}"
358,"{-1: deque([3, 4, 5, 6, 8, 12, 14, 16, 17, 18, 20, 21, 22, 23, 24, 25, 27, 28, 30, 31, 32], maxlen=250000), 1.5: deque([0], maxlen=250000), 1: deque([7, 13, 15, 33], maxlen=250000)}","{-1: deque([1, 2, 9, 10, 11, 26, 29], maxlen=250000), 1.5: deque([0], maxlen=250000), 1: deque([19], maxlen=250000)}"
359,"{-1: deque([2, 3, 8, 9, 10, 11, 12, 14, 15, 17, 18, 20, 22, 23, 24, 25, 26, 27, 29, 31, 32], maxlen=250000), 1.5: deque([0], maxlen=250000), 1: deque([16, 21, 28], maxlen=250000)}","{1: deque([1, 33], maxlen=250000), 1.5: deque([0], maxlen=250000), -1: deque([4, 5, 6, 7, 13, 19, 30], maxlen=250000)}"
360,"{-1: deque([1, 2, 3, 6, 9, 10, 11, 13, 15, 21, 22, 23, 24, 25, 26, 27, 28, 29, 30, 31, 32], maxlen=250000), 1.5: deque([0], maxlen=250000), 1: deque([7, 8, 16], maxlen=250000)}","{-1: deque([4, 5, 12, 17, 18, 19, 20], maxlen=250000), 1.5: deque([0], maxlen=250000), 1: deque([14, 33], maxlen=250000)}"
361,"{1: deque([1, 25, 27, 33], maxlen=250000), 1.5: deque([0], maxlen=250000), -1: deque([3, 4, 5, 7, 8, 9, 10, 11, 12, 13, 16, 17, 19, 21, 23, 24, 28, 29, 30, 31, 32], maxlen=250000)}","{-1: deque([2, 6, 15, 18, 20, 22, 26], maxlen=250000), 1.5: deque([0], maxlen=250000), 1: deque([14], maxlen=250000)}"
362,"{-1: deque([2, 3, 4, 5, 6, 7, 9, 10, 12, 14, 15, 16, 17, 18, 19, 20, 24, 25, 26, 31, 32], maxlen=250000), 1.5: deque([0], maxlen=250000), 1: deque([8, 13, 30], maxlen=250000)}","{-1: deque([1, 11, 21, 22, 23, 27, 28], maxlen=250000), 1.5: deque([0], maxlen=250000), 1: deque([29, 33], maxlen=250000)}"
363,"{-1: deque([2, 3, 4, 7, 9, 10, 11, 12, 13, 14, 15, 16, 17, 19, 21, 22, 25, 26, 27, 31, 32], maxlen=250000), 1.5: deque([0], maxlen=250000), 1: deque([8, 24, 30, 33], maxlen=250000)}","{-1: deque([1, 5, 6, 20, 23, 28, 29], maxlen=250000), 1.5: deque([0], maxlen=250000), 1: deque([18], maxlen=250000)}"
364,"{-1: deque([1, 2, 4, 7, 9, 11, 13, 14, 16, 17, 19, 21, 22, 23, 25, 27, 28, 29, 30, 31, 32], maxlen=250000), 1.5: deque([0], maxlen=250000), 1: deque([15, 18, 26], maxlen=250000)}","{-1: deque([3, 5, 6, 10, 12, 20, 24], maxlen=250000), 1.5: deque([0], maxlen=250000), 1: deque([8, 33], maxlen=250000)}"
365,"{-1: deque([1, 2, 4, 6, 8, 11, 12, 14, 15, 17, 18, 20, 21, 22, 23, 25, 27, 28, 29, 31, 32], maxlen=250000), 1.5: deque([0], maxlen=250000), 1: deque([9, 19, 26], maxlen=250000)}","{-1: deque([3, 5, 7, 13, 16, 24, 30], maxlen=250000), 1.5: deque([0], maxlen=250000), 1: deque([10, 33], maxlen=250000)}"
366,"{-1: deque([2, 3, 5, 6, 7, 8, 9, 10, 11, 14, 18, 19, 21, 23, 26, 27, 28, 29, 30, 31, 32], maxlen=250000), 1.5: deque([0], maxlen=250000), 1: deque([13, 16, 25], maxlen=250000)}","{-1: deque([1, 4, 15, 17, 20, 22, 24], maxlen=250000), 1.5: deque([0], maxlen=250000), 1: deque([12, 33], maxlen=250000)}"
367,"{-1: deque([1, 3, 4, 5, 6, 7, 8, 10, 13, 14, 15, 16, 17, 19, 22, 23, 25, 26, 29, 30, 31], maxlen=250000), 1.5: deque([0], maxlen=250000), 1: deque([24, 27, 28], maxlen=250000)}","{-1: deque([2, 9, 12, 18, 20, 21, 32], maxlen=250000), 1.5: deque([0], maxlen=250000), 1: deque([11, 33], maxlen=250000)}"
368,"{-1: deque([2, 3, 4, 8, 9, 10, 11, 12, 13, 15, 17, 18, 19, 20, 21, 22, 26, 27, 28, 30, 32], maxlen=250000), 1.5: deque([0], maxlen=250000), 1: deque([14, 25, 31, 33], maxlen=250000)}","{1: deque([1], maxlen=250000), 1.5: deque([0], maxlen=250000), -1: deque([5, 6, 7, 16, 23, 24, 29], maxlen=250000)}"
369,"{-1: deque([3, 4, 5, 7, 8, 9, 10, 11, 12, 13, 14, 16, 18, 19, 20, 22, 24, 25, 27, 30, 32], maxlen=250000), 1.5: deque([0], maxlen=250000), 1: deque([15, 23, 28, 33], maxlen=250000)}","{-1: deque([1, 2, 17, 21, 26, 29, 31], maxlen=250000), 1.5: deque([0], maxlen=250000), 1: deque([6], maxlen=250000)}"
370,"{-1: deque([1, 2, 3, 4, 10, 11, 12, 13, 14, 15, 16, 17, 18, 19, 21, 24, 25, 27, 28, 29, 31], maxlen=250000), 1.5: deque([0], maxlen=250000), 1: deque([8, 26, 30, 33], maxlen=250000)}","{-1: deque([5, 6, 7, 9, 20, 22, 32], maxlen=250000), 1.5: deque([0], maxlen=250000), 1: deque([23], maxlen=250000)}"
371,"{-1: deque([1, 2, 3, 5, 6, 7, 8, 9, 10, 11, 12, 13, 15, 16, 21, 22, 23, 24, 26, 28, 29], maxlen=250000), 1.5: deque([0], maxlen=250000), 1: deque([17, 18, 30, 33], maxlen=250000)}","{-1: deque([4, 14, 19, 25, 27, 31, 32], maxlen=250000), 1.5: deque([0], maxlen=250000), 1: deque([20], maxlen=250000)}"
372,"{-1: deque([1, 2, 3, 4, 8, 10, 11, 12, 13, 16, 17, 18, 19, 20, 22, 23, 24, 25, 27, 28, 32], maxlen=250000), 1.5: deque([0], maxlen=250000), 1: deque([6, 14, 21, 33], maxlen=250000)}","{-1: deque([5, 7, 9, 15, 26, 29, 31], maxlen=250000), 1.5: deque([0], maxlen=250000), 1: deque([30], maxlen=250000)}"
373,"{-1: deque([1, 4, 5, 8, 9, 11, 13, 14, 15, 16, 17, 18, 20, 21, 23, 24, 25, 28, 29, 30, 31], maxlen=250000), 1.5: deque([0], maxlen=250000), 1: deque([2, 6, 12], maxlen=250000)}","{-1: deque([3, 7, 10, 19, 26, 27, 32], maxlen=250000), 1.5: deque([0], maxlen=250000), 1: deque([22, 33], maxlen=250000)}"
374,"{-1: deque([1, 4, 5, 7, 8, 11, 13, 15, 16, 17, 18, 19, 20, 21, 22, 24, 26, 27, 29, 31, 32], maxlen=250000), 1.5: deque([0], maxlen=250000), 1: deque([6, 14, 23], maxlen=250000)}","{-1: deque([2, 3, 10, 12, 25, 28, 30], maxlen=250000), 1.5: deque([0], maxlen=250000), 1: deque([9, 33], maxlen=250000)}"
375,"{-1: deque([1, 3, 5, 7, 11, 12, 14, 15, 16, 18, 20, 21, 22, 23, 24, 25, 26, 27, 29, 31, 32], maxlen=250000), 1.5: deque([0], maxlen=250000), 1: deque([2, 9, 10], maxlen=250000)}","{-1: deque([4, 6, 8, 13, 17, 28, 30], maxlen=250000), 1.5: deque([0], maxlen=250000), 1: deque([19, 33], maxlen=250000)}"
376,"{-1: deque([2, 3, 4, 5, 6, 8, 11, 13, 14, 15, 16, 17, 19, 20, 22, 23, 24, 27, 28, 31, 32], maxlen=250000), 1.5: deque([0], maxlen=250000), 1: deque([10, 18, 30], maxlen=250000)}","{-1: deque([1, 7, 9, 12, 21, 25, 26], maxlen=250000), 1.5: deque([0], maxlen=250000), 1: deque([29, 33], maxlen=250000)}"
377,"{-1: deque([2, 3, 4, 5, 7, 8, 9, 10, 11, 12, 17, 18, 19, 21, 22, 26, 27, 28, 29, 30, 31], maxlen=250000), 1.5: deque([0], maxlen=250000), 1: deque([13, 15, 24, 33], maxlen=250000)}","{-1: deque([1, 6, 16, 20, 23, 25, 32], maxlen=250000), 1.5: deque([0], maxlen=250000), 1: deque([14], maxlen=250000)}"
378,"{1: deque([2, 15, 31, 33], maxlen=250000), 1.5: deque([0], maxlen=250000), -1: deque([4, 6, 7, 9, 10, 11, 14, 16, 17, 18, 20, 21, 22, 23, 24, 26, 27, 28, 29, 30, 32], maxlen=250000)}","{-1: deque([1, 3, 5, 8, 12, 13, 19], maxlen=250000), 1.5: deque([0], maxlen=250000), 1: deque([25], maxlen=250000)}"
379,"{-1: deque([1, 3, 5, 6, 7, 8, 9, 13, 14, 16, 18, 20, 21, 22, 24, 25, 27, 29, 30, 31, 32], maxlen=250000), 1.5: deque([0], maxlen=250000), 1: deque([2, 4, 10], maxlen=250000)}","{-1: deque([11, 12, 15, 17, 19, 23, 28], maxlen=250000), 1.5: deque([0], maxlen=250000), 1: deque([26, 33], maxlen=250000)}"
380,"{-1: deque([1, 2, 3, 4, 5, 6, 9, 11, 13, 14, 15, 16, 21, 22, 24, 25, 26, 27, 28, 29, 31], maxlen=250000), 1.5: deque([0], maxlen=250000), 1: deque([7, 20, 32, 33], maxlen=250000)}","{-1: deque([8, 10, 12, 18, 19, 23, 30], maxlen=250000), 1.5: deque([0], maxlen=250000), 1: deque([17], maxlen=250000)}"
381,"{-1: deque([1, 3, 4, 5, 8, 9, 11, 12, 13, 14, 15, 17, 18, 19, 20, 21, 22, 24, 25, 28, 31], maxlen=250000), 1.5: deque([0], maxlen=250000), 1: deque([10, 23, 30], maxlen=250000)}","{-1: deque([2, 6, 7, 16, 26, 27, 32], maxlen=250000), 1.5: deque([0], maxlen=250000), 1: deque([29, 33], maxlen=250000)}"
382,"{-1: deque([2, 4, 5, 7, 8, 10, 12, 13, 14, 15, 17, 18, 19, 21, 23, 24, 25, 26, 29, 30, 31], maxlen=250000), 1.5: deque([0], maxlen=250000), 1: deque([3, 16, 27], maxlen=250000)}","{-1: deque([1, 6, 9, 20, 22, 28, 32], maxlen=250000), 1.5: deque([0], maxlen=250000), 1: deque([11, 33], maxlen=250000)}"
383,"{-1: deque([1, 2, 4, 5, 6, 8, 9, 10, 14, 15, 16, 21, 22, 23, 24, 25, 26, 27, 28, 30, 31], maxlen=250000), 1.5: deque([0], maxlen=250000), 1: deque([3, 19, 20, 33], maxlen=250000)}","{-1: deque([7, 11, 12, 17, 18, 29, 32], maxlen=250000), 1.5: deque([0], maxlen=250000), 1: deque([13], maxlen=250000)}"
384,"{-1: deque([1, 2, 3, 5, 7, 8, 9, 10, 11, 12, 13, 14, 15, 16, 17, 18, 20, 25, 26, 28, 32], maxlen=250000), 1.5: deque([0], maxlen=250000), 1: deque([23, 27, 31], maxlen=250000)}","{-1: deque([4, 6, 19, 21, 22, 24, 30], maxlen=250000), 1.5: deque([0], maxlen=250000), 1: deque([29, 33], maxlen=250000)}"
385,"{-1: deque([1, 2, 3, 4, 5, 8, 9, 10, 14, 15, 16, 18, 20, 21, 22, 24, 27, 28, 29, 30, 31], maxlen=250000), 1.5: deque([0], maxlen=250000), 1: deque([12, 19, 32], maxlen=250000)}","{-1: deque([6, 7, 11, 17, 23, 25, 26], maxlen=250000), 1.5: deque([0], maxlen=250000), 1: deque([13, 33], maxlen=250000)}"
386,"{-1: deque([1, 4, 5, 7, 9, 10, 11, 12, 14, 15, 16, 18, 19, 21, 22, 24, 25, 26, 30, 31, 32], maxlen=250000), 1.5: deque([0], maxlen=250000), 1: deque([8, 17, 29], maxlen=250000)}","{-1: deque([2, 3, 6, 13, 20, 23, 27], maxlen=250000), 1.5: deque([0], maxlen=250000), 1: deque([28, 33], maxlen=250000)}"
387,"{-1: deque([3, 4, 5, 6, 7, 8, 11, 16, 17, 19, 20, 22, 23, 24, 25, 26, 27, 29, 30, 31, 32], maxlen=250000), 1.5: deque([0], maxlen=250000), 1: deque([9, 12, 21, 33], maxlen=250000)}","{-1: deque([1, 2, 10, 14, 15, 18, 28], maxlen=250000), 1.5: deque([0], maxlen=250000), 1: deque([13], maxlen=250000)}"
388,"{-1: deque([2, 3, 4, 7, 8, 9, 10, 12, 13, 14, 15, 16, 17, 18, 19, 23, 24, 25, 26, 31, 32], maxlen=250000), 1.5: deque([0], maxlen=250000), 1: deque([5, 6, 20], maxlen=250000)}","{-1: deque([1, 11, 22, 27, 28, 29, 30], maxlen=250000), 1.5: deque([0], maxlen=250000), 1: deque([21, 33], maxlen=250000)}"
389,"{-1: deque([1, 3, 4, 7, 8, 9, 10, 12, 14, 15, 18, 19, 21, 22, 23, 24, 25, 26, 27, 28, 29], maxlen=250000), 1.5: deque([0], maxlen=250000), 1: deque([2, 11, 32, 33], maxlen=250000)}","{1: deque([5], maxlen=250000), 1.5: deque([0], maxlen=250000), -1: deque([6, 13, 16, 17, 20, 30, 31], maxlen=250000)}"
390,"{-1: deque([1, 2, 4, 6, 10, 11, 12, 14, 15, 17, 18, 20, 21, 22, 23, 25, 27, 29, 30, 31, 32], maxlen=250000), 1.5: deque([0], maxlen=250000), 1: deque([7, 9, 28, 33], maxlen=250000)}","{-1: deque([3, 5, 13, 16, 19, 24, 26], maxlen=250000), 1.5: deque([0], maxlen=250000), 1: deque([8], maxlen=250000)}"
391,"{-1: deque([1, 5, 6, 7, 8, 10, 11, 12, 13, 15, 16, 17, 18, 19, 20, 21, 22, 24, 25, 28, 29], maxlen=250000), 1.5: deque([0], maxlen=250000), 1: deque([3, 26, 31, 33], maxlen=250000)}","{1: deque([2], maxlen=250000), 1.5: deque([0], maxlen=250000), -1: deque([4, 9, 14, 23, 27, 30, 32], maxlen=250000)}"
392,"{-1: deque([1, 2, 3, 5, 6, 7, 13, 14, 15, 18, 19, 20, 21, 23, 24, 25, 27, 29, 30, 31, 32], maxlen=250000), 1.5: deque([0], maxlen=250000), 1: deque([12, 22, 26, 33], maxlen=250000)}","{-1: deque([4, 8, 9, 10, 16, 17, 28], maxlen=250000), 1.5: deque([0], maxlen=250000), 1: deque([11], maxlen=250000)}"
393,"{-1: deque([2, 6, 7, 8, 12, 13, 14, 17, 18, 19, 20, 22, 24, 25, 26, 27, 28, 29, 30, 31, 32], maxlen=250000), 1.5: deque([0], maxlen=250000), 1: deque([3, 11, 21], maxlen=250000)}","{-1: deque([1, 4, 9, 10, 15, 16, 23], maxlen=250000), 1.5: deque([0], maxlen=250000), 1: deque([5, 33], maxlen=250000)}"
394,"{-1: deque([1, 3, 4, 6, 7, 8, 9, 11, 12, 13, 17, 19, 21, 24, 25, 27, 28, 29, 30, 31, 32], maxlen=250000), 1.5: deque([0], maxlen=250000), 1: deque([5, 22, 26, 33], maxlen=250000)}","{-1: deque([2, 10, 14, 15, 16, 18, 20], maxlen=250000), 1.5: deque([0], maxlen=250000), 1: deque([23], maxlen=250000)}"
395,"{-1: deque([1, 2, 6, 7, 10, 11, 12, 13, 14, 15, 17, 18, 19, 20, 24, 25, 26, 27, 28, 29, 32], maxlen=250000), 1.5: deque([0], maxlen=250000), 1: deque([5, 16, 23], maxlen=250000)}","{-1: deque([3, 4, 8, 9, 22, 30, 31], maxlen=250000), 1.5: deque([0], maxlen=250000), 1: deque([21, 33], maxlen=250000)}"
396,"{-1: deque([1, 2, 3, 4, 6, 10, 11, 13, 14, 16, 18, 19, 20, 21, 22, 23, 24, 25, 26, 30, 31], maxlen=250000), 1.5: deque([0], maxlen=250000), 1: deque([5, 15, 29], maxlen=250000)}","{-1: deque([7, 8, 9, 12, 17, 28, 32], maxlen=250000), 1.5: deque([0], maxlen=250000), 1: deque([27, 33], maxlen=250000)}"
397,"{-1: deque([1, 3, 4, 6, 8, 10, 11, 12, 13, 14, 15, 16, 17, 19, 20, 22, 26, 29, 30, 31, 32], maxlen=250000), 1.5: deque([0], maxlen=250000), 1: deque([7, 18, 23, 33], maxlen=250000)}","{1: deque([2], maxlen=250000), 1.5: deque([0], maxlen=250000), -1: deque([5, 9, 21, 24, 25, 27, 28], maxlen=250000)}"
398,"{-1: deque([2, 3, 5, 9, 10, 12, 13, 15, 16, 18, 19, 20, 22, 23, 24, 26, 27, 28, 29, 30, 31], maxlen=250000), 1.5: deque([0], maxlen=250000), 1: deque([8, 11, 14], maxlen=250000)}","{-1: deque([1, 6, 7, 17, 21, 25, 32], maxlen=250000), 1.5: deque([0], maxlen=250000), 1: deque([4, 33], maxlen=250000)}"
399,"{-1: deque([1, 2, 3, 4, 5, 8, 9, 14, 15, 16, 17, 19, 21, 22, 24, 26, 28, 29, 30, 31, 32], maxlen=250000), 1.5: deque([0], maxlen=250000), 1: deque([6, 13, 27], maxlen=250000)}","{-1: deque([7, 10, 11, 12, 20, 23, 25], maxlen=250000), 1.5: deque([0], maxlen=250000), 1: deque([18, 33], maxlen=250000)}"
400,"{-1: deque([1, 3, 4, 5, 6, 7, 10, 14, 16, 17, 19, 20, 21, 23, 24, 25, 27, 28, 29, 30, 31], maxlen=250000), 1.5: deque([0], maxlen=250000), 1: deque([8, 11, 26], maxlen=250000)}","{-1: deque([2, 9, 12, 13, 15, 18, 32], maxlen=250000), 1.5: deque([0], maxlen=250000), 1: deque([22, 33], maxlen=250000)}"
401,"{-1: deque([1, 4, 5, 6, 7, 9, 13, 14, 15, 16, 17, 18, 20, 21, 23, 25, 26, 27, 30, 31, 32], maxlen=250000), 1.5: deque([0], maxlen=250000), 1: deque([2, 3, 19, 33], maxlen=250000)}","{-1: deque([8, 10, 11, 12, 22, 24, 28], maxlen=250000), 1.5: deque([0], maxlen=250000), 1: deque([29], maxlen=250000)}"
402,"{-1: deque([1, 3, 4, 6, 7, 8, 9, 10, 12, 15, 16, 18, 19, 20, 22, 23, 26, 27, 28, 29, 32], maxlen=250000), 1.5: deque([0], maxlen=250000), 1: deque([11, 17, 31], maxlen=250000)}","{-1: deque([2, 13, 14, 21, 24, 25, 30], maxlen=250000), 1.5: deque([0], maxlen=250000), 1: deque([5, 33], maxlen=250000)}"
403,"{-1: deque([1, 2, 3, 4, 5, 7, 8, 9, 10, 12, 13, 16, 17, 19, 21, 22, 23, 28, 29, 30, 32], maxlen=250000), 1.5: deque([0], maxlen=250000), 1: deque([6, 20, 27], maxlen=250000)}","{-1: deque([11, 14, 15, 18, 24, 25, 31], maxlen=250000), 1.5: deque([0], maxlen=250000), 1: deque([26, 33], maxlen=250000)}"
404,"{-1: deque([1, 4, 5, 7, 8, 10, 12, 16, 17, 18, 19, 20, 21, 22, 23, 27, 28, 29, 30, 31, 32], maxlen=250000), 1.5: deque([0], maxlen=250000), 1: deque([6, 15, 25], maxlen=250000)}","{-1: deque([2, 3, 9, 13, 14, 24, 26], maxlen=250000), 1.5: deque([0], maxlen=250000), 1: deque([11, 33], maxlen=250000)}"
405,"{-1: deque([2, 3, 5, 7, 10, 11, 12, 13, 14, 16, 19, 21, 22, 23, 24, 26, 27, 28, 30, 31, 32], maxlen=250000), 1.5: deque([0], maxlen=250000), 1: deque([9, 20, 29], maxlen=250000)}","{-1: deque([1, 4, 6, 8, 15, 18, 25], maxlen=250000), 1.5: deque([0], maxlen=250000), 1: deque([17, 33], maxlen=250000)}"
406,"{-1: deque([2, 3, 5, 6, 7, 10, 11, 13, 15, 16, 18, 19, 21, 22, 23, 24, 25, 27, 29, 30, 32], maxlen=250000), 1.5: deque([0], maxlen=250000), 1: deque([9, 17, 26, 33], maxlen=250000)}","{-1: deque([1, 4, 8, 12, 20, 28, 31], maxlen=250000), 1.5: deque([0], maxlen=250000), 1: deque([14], maxlen=250000)}"
407,"{-1: deque([1, 2, 4, 5, 6, 7, 9, 10, 11, 12, 14, 15, 17, 18, 19, 20, 22, 24, 25, 30, 31], maxlen=250000), 1.5: deque([0], maxlen=250000), 1: deque([26, 27, 28], maxlen=250000)}","{-1: deque([3, 8, 16, 21, 23, 29, 32], maxlen=250000), 1.5: deque([0], maxlen=250000), 1: deque([13, 33], maxlen=250000)}"
408,"{-1: deque([1, 2, 3, 4, 5, 7, 13, 14, 15, 16, 18, 19, 21, 22, 23, 24, 26, 27, 28, 30, 31], maxlen=250000), 1.5: deque([0], maxlen=250000), 1: deque([10, 20, 25, 33], maxlen=250000)}","{-1: deque([6, 8, 9, 12, 17, 29, 32], maxlen=250000), 1.5: deque([0], maxlen=250000), 1: deque([11], maxlen=250000)}"
409,"{-1: deque([1, 5, 6, 7, 8, 9, 10, 12, 13, 16, 19, 20, 21, 22, 24, 25, 27, 29, 30, 31, 32], maxlen=250000), 1.5: deque([0], maxlen=250000), 1: deque([2, 15, 17, 33], maxlen=250000)}","{-1: deque([3, 4, 11, 14, 18, 23, 26], maxlen=250000), 1.5: deque([0], maxlen=250000), 1: deque([28], maxlen=250000)}"
410,"{1: deque([1, 20, 25], maxlen=250000), 1.5: deque([0], maxlen=250000), -1: deque([2, 3, 5, 6, 8, 10, 11, 12, 13, 16, 17, 19, 21, 22, 23, 26, 27, 28, 29, 30, 32], maxlen=250000)}","{-1: deque([4, 7, 9, 15, 18, 24, 31], maxlen=250000), 1.5: deque([0], maxlen=250000), 1: deque([14, 33], maxlen=250000)}"
411,"{-1: deque([1, 3, 4, 6, 7, 8, 10, 11, 12, 13, 15, 17, 18, 19, 20, 21, 25, 26, 27, 28, 32], maxlen=250000), 1.5: deque([0], maxlen=250000), 1: deque([2, 14, 24, 33], maxlen=250000)}","{-1: deque([5, 9, 22, 23, 29, 30, 31], maxlen=250000), 1.5: deque([0], maxlen=250000), 1: deque([16], maxlen=250000)}"
412,"{-1: deque([1, 5, 6, 9, 10, 11, 12, 13, 14, 17, 18, 21, 22, 24, 25, 26, 27, 28, 29, 30, 31], maxlen=250000), 1.5: deque([0], maxlen=250000), 1: deque([4, 16, 20], maxlen=250000)}","{1: deque([2, 33], maxlen=250000), 1.5: deque([0], maxlen=250000), -1: deque([3, 7, 8, 15, 19, 23, 32], maxlen=250000)}"
413,"{-1: deque([1, 2, 3, 4, 6, 9, 10, 11, 14, 16, 18, 19, 20, 21, 22, 23, 25, 28, 29, 30, 31], maxlen=250000), 1.5: deque([0], maxlen=250000), 1: deque([7, 13, 26], maxlen=250000)}","{-1: deque([5, 8, 12, 15, 17, 24, 27], maxlen=250000), 1.5: deque([0], maxlen=250000), 1: deque([32, 33], maxlen=250000)}"
414,"{-1: deque([2, 3, 4, 6, 8, 10, 12, 13, 17, 19, 20, 22, 23, 24, 25, 26, 27, 28, 29, 30, 31], maxlen=250000), 1.5: deque([0], maxlen=250000), 1: deque([11, 16, 18], maxlen=250000)}","{-1: deque([1, 5, 7, 14, 15, 21, 32], maxlen=250000), 1.5: deque([0], maxlen=250000), 1: deque([9, 33], maxlen=250000)}"
415,"{-1: deque([2, 3, 5, 6, 7, 9, 10, 11, 12, 14, 15, 18, 19, 20, 22, 23, 25, 26, 27, 28, 30], maxlen=250000), 1.5: deque([0], maxlen=250000), 1: deque([13, 17, 21, 33], maxlen=250000)}","{-1: deque([1, 4, 8, 16, 29, 31, 32], maxlen=250000), 1.5: deque([0], maxlen=250000), 1: deque([24], maxlen=250000)}"
416,"{-1: deque([2, 3, 4, 5, 8, 9, 10, 11, 12, 13, 14, 16, 18, 19, 20, 22, 26, 27, 28, 30, 31], maxlen=250000), 1.5: deque([0], maxlen=250000), 1: deque([21, 23, 24, 33], maxlen=250000)}","{-1: deque([1, 7, 15, 17, 25, 29, 32], maxlen=250000), 1.5: deque([0], maxlen=250000), 1: deque([6], maxlen=250000)}"
417,"{1: deque([1, 23, 30, 33], maxlen=250000), 1.5: deque([0], maxlen=250000), -1: deque([2, 3, 7, 8, 9, 11, 12, 13, 14, 15, 16, 17, 18, 19, 20, 21, 22, 24, 26, 27, 31], maxlen=250000)}","{-1: deque([4, 5, 6, 10, 25, 29, 32], maxlen=250000), 1.5: deque([0], maxlen=250000), 1: deque([28], maxlen=250000)}"
418,"{-1: deque([3, 4, 5, 6, 7, 9, 11, 13, 14, 16, 19, 20, 22, 23, 24, 25, 26, 27, 29, 30, 32], maxlen=250000), 1.5: deque([0], maxlen=250000), 1: deque([8, 12, 15, 33], maxlen=250000)}","{-1: deque([1, 2, 10, 17, 18, 28, 31], maxlen=250000), 1.5: deque([0], maxlen=250000), 1: deque([21], maxlen=250000)}"
419,"{-1: deque([1, 3, 4, 5, 6, 7, 8, 9, 10, 11, 12, 13, 14, 15, 18, 21, 23, 24, 27, 29, 31], maxlen=250000), 1.5: deque([0], maxlen=250000), 1: deque([28, 30, 32, 33], maxlen=250000)}","{-1: deque([2, 16, 17, 20, 22, 25, 26], maxlen=250000), 1.5: deque([0], maxlen=250000), 1: deque([19], maxlen=250000)}"
420,"{-1: deque([1, 2, 3, 5, 6, 7, 8, 9, 11, 13, 14, 15, 18, 19, 20, 23, 24, 26, 27, 28, 32], maxlen=250000), 1.5: deque([0], maxlen=250000), 1: deque([10, 17, 29, 33], maxlen=250000)}","{-1: deque([4, 12, 16, 21, 22, 25, 30], maxlen=250000), 1.5: deque([0], maxlen=250000), 1: deque([31], maxlen=250000)}"
421,"{-1: deque([1, 2, 3, 5, 6, 7, 9, 12, 14, 15, 16, 17, 19, 20, 21, 22, 23, 24, 27, 29, 31], maxlen=250000), 1.5: deque([0], maxlen=250000), 1: deque([26, 30, 32, 33], maxlen=250000)}","{-1: deque([4, 8, 10, 11, 13, 18, 25], maxlen=250000), 1.5: deque([0], maxlen=250000), 1: deque([28], maxlen=250000)}"
422,"{-1: deque([1, 3, 7, 9, 11, 12, 13, 14, 15, 16, 18, 20, 22, 23, 24, 25, 26, 29, 30, 31, 32], maxlen=250000), 1.5: deque([0], maxlen=250000), 1: deque([2, 17, 28], maxlen=250000)}","{1: deque([4, 33], maxlen=250000), 1.5: deque([0], maxlen=250000), -1: deque([5, 6, 8, 10, 19, 21, 27], maxlen=250000)}"
423,"{-1: deque([1, 2, 3, 5, 6, 9, 10, 12, 13, 14, 16, 17, 19, 20, 21, 23, 26, 27, 28, 29, 30], maxlen=250000), 1.5: deque([0], maxlen=250000), 1: deque([8, 22, 32, 33], maxlen=250000)}","{-1: deque([4, 7, 11, 18, 24, 25, 31], maxlen=250000), 1.5: deque([0], maxlen=250000), 1: deque([15], maxlen=250000)}"
424,"{-1: deque([1, 3, 4, 5, 7, 8, 9, 10, 13, 16, 18, 19, 20, 22, 23, 25, 26, 27, 28, 29, 31], maxlen=250000), 1.5: deque([0], maxlen=250000), 1: deque([2, 12, 14], maxlen=250000)}","{-1: deque([6, 11, 15, 17, 21, 24, 32], maxlen=250000), 1.5: deque([0], maxlen=250000), 1: deque([30, 33], maxlen=250000)}"
425,"{-1: deque([3, 5, 6, 8, 11, 12, 13, 14, 15, 16, 17, 20, 23, 24, 25, 26, 28, 29, 30, 31, 32], maxlen=250000), 1.5: deque([0], maxlen=250000), 1: deque([4, 7, 18, 33], maxlen=250000)}","{1: deque([1], maxlen=250000), 1.5: deque([0], maxlen=250000), -1: deque([2, 9, 10, 19, 21, 22, 27], maxlen=250000)}"
426,"{-1: deque([1, 2, 6, 8, 9, 10, 11, 12, 15, 16, 17, 18, 19, 21, 22, 23, 24, 25, 26, 30, 32], maxlen=250000), 1.5: deque([0], maxlen=250000), 1: deque([3, 4, 31], maxlen=250000)}","{-1: deque([5, 7, 14, 20, 27, 28, 29], maxlen=250000), 1.5: deque([0], maxlen=250000), 1: deque([13, 33], maxlen=250000)}"
427,"{-1: deque([2, 5, 7, 8, 9, 10, 11, 12, 13, 16, 17, 19, 20, 21, 23, 24, 26, 27, 30, 31, 32], maxlen=250000), 1.5: deque([0], maxlen=250000), 1: deque([14, 15, 28], maxlen=250000)}","{-1: deque([1, 3, 4, 6, 18, 22, 29], maxlen=250000), 1.5: deque([0], maxlen=250000), 1: deque([25, 33], maxlen=250000)}"
428,"{-1: deque([1, 2, 3, 4, 5, 10, 11, 12, 13, 14, 15, 17, 18, 20, 22, 23, 25, 26, 27, 30, 32], maxlen=250000), 1.5: deque([0], maxlen=250000), 1: deque([8, 28, 29, 33], maxlen=250000)}","{-1: deque([6, 7, 9, 16, 19, 21, 31], maxlen=250000), 1.5: deque([0], maxlen=250000), 1: deque([24], maxlen=250000)}"
429,"{-1: deque([1, 2, 3, 4, 6, 7, 8, 10, 11, 12, 14, 16, 17, 19, 20, 25, 26, 27, 28, 29, 30], maxlen=250000), 1.5: deque([0], maxlen=250000), 1: deque([5, 9, 24, 33], maxlen=250000)}","{-1: deque([13, 15, 18, 21, 23, 31, 32], maxlen=250000), 1.5: deque([0], maxlen=250000), 1: deque([22], maxlen=250000)}"
430,"{-1: deque([1, 2, 6, 7, 8, 10, 11, 13, 14, 16, 18, 19, 21, 22, 23, 24, 26, 27, 28, 29, 30], maxlen=250000), 1.5: deque([0], maxlen=250000), 1: deque([4, 9, 31], maxlen=250000)}","{-1: deque([3, 5, 12, 15, 17, 20, 25], maxlen=250000), 1.5: deque([0], maxlen=250000), 1: deque([32, 33], maxlen=250000)}"
431,"{1: deque([1, 19, 31, 33], maxlen=250000), 1.5: deque([0], maxlen=250000), -1: deque([2, 3, 4, 5, 7, 8, 10, 11, 12, 15, 16, 17, 18, 20, 23, 24, 26, 27, 28, 29, 32], maxlen=250000)}","{-1: deque([6, 9, 13, 14, 21, 22, 30], maxlen=250000), 1.5: deque([0], maxlen=250000), 1: deque([25], maxlen=250000)}"
432,"{-1: deque([1, 2, 3, 4, 5, 6, 7, 8, 9, 12, 15, 18, 19, 24, 25, 26, 27, 28, 29, 30, 31], maxlen=250000), 1.5: deque([0], maxlen=250000), 1: deque([10, 13, 14], maxlen=250000)}","{-1: deque([11, 16, 17, 21, 22, 23, 32], maxlen=250000), 1.5: deque([0], maxlen=250000), 1: deque([20, 33], maxlen=250000)}"
433,"{-1: deque([1, 2, 3, 5, 6, 7, 8, 9, 10, 12, 14, 17, 18, 20, 21, 23, 25, 28, 29, 30, 32], maxlen=250000), 1.5: deque([0], maxlen=250000), 1: deque([15, 27, 31, 33], maxlen=250000)}","{-1: deque([4, 11, 13, 16, 19, 22, 26], maxlen=250000), 1.5: deque([0], maxlen=250000), 1: deque([24], maxlen=250000)}"
434,"{-1: deque([1, 2, 3, 7, 9, 11, 12, 14, 15, 16, 17, 18, 20, 21, 22, 23, 24, 26, 27, 29, 30], maxlen=250000), 1.5: deque([0], maxlen=250000), 1: deque([5, 19, 31], maxlen=250000)}","{-1: deque([4, 6, 8, 10, 25, 28, 32], maxlen=250000), 1.5: deque([0], maxlen=250000), 1: deque([13, 33], maxlen=250000)}"
435,"{-1: deque([1, 2, 3, 6, 7, 8, 9, 10, 11, 13, 15, 16, 17, 18, 23, 25, 26, 28, 29, 30, 32], maxlen=250000), 1.5: deque([0], maxlen=250000), 1: deque([24, 27, 31], maxlen=250000)}","{-1: deque([4, 5, 14, 19, 20, 21, 22], maxlen=250000), 1.5: deque([0], maxlen=250000), 1: deque([12, 33], maxlen=250000)}"
436,"{1: deque([1, 4, 18], maxlen=250000), 1.5: deque([0], maxlen=250000), -1: deque([5, 7, 8, 9, 10, 11, 12, 13, 15, 16, 17, 19, 20, 21, 23, 24, 26, 27, 28, 31, 32], maxlen=250000)}","{-1: deque([2, 3, 14, 22, 25, 29, 30], maxlen=250000), 1.5: deque([0], maxlen=250000), 1: deque([6, 33], maxlen=250000)}"
437,"{1: deque([2, 10, 14, 33], maxlen=250000), 1.5: deque([0], maxlen=250000), -1: deque([3, 4, 5, 7, 9, 11, 12, 15, 16, 18, 19, 20, 21, 22, 23, 25, 27, 29, 30, 31, 32], maxlen=250000)}","{1: deque([1], maxlen=250000), 1.5: deque([0], maxlen=250000), -1: deque([6, 8, 13, 17, 24, 26, 28], maxlen=250000)}"
438,"{-1: deque([1, 2, 4, 7, 8, 10, 11, 13, 15, 16, 17, 18, 20, 21, 23, 27, 28, 29, 30, 31, 32], maxlen=250000), 1.5: deque([0], maxlen=250000), 1: deque([6, 19, 26], maxlen=250000)}","{1: deque([3, 33], maxlen=250000), 1.5: deque([0], maxlen=250000), -1: deque([5, 9, 12, 14, 22, 24, 25], maxlen=250000)}"
439,"{-1: deque([3, 4, 7, 9, 10, 12, 13, 14, 15, 16, 17, 18, 20, 21, 22, 26, 27, 28, 29, 31, 32], maxlen=250000), 1.5: deque([0], maxlen=250000), 1: deque([8, 25, 30, 33], maxlen=250000)}","{-1: deque([1, 2, 5, 11, 19, 23, 24], maxlen=250000), 1.5: deque([0], maxlen=250000), 1: deque([6], maxlen=250000)}"
440,"{1: deque([2, 6, 25], maxlen=250000), 1.5: deque([0], maxlen=250000), -1: deque([4, 5, 7, 8, 9, 10, 11, 12, 13, 14, 15, 16, 17, 19, 20, 22, 23, 24, 27, 28, 30], maxlen=250000)}","{-1: deque([1, 3, 18, 26, 29, 31, 32], maxlen=250000), 1.5: deque([0], maxlen=250000), 1: deque([21, 33], maxlen=250000)}"
441,"{-1: deque([1, 2, 3, 4, 7, 9, 14, 15, 16, 18, 19, 20, 21, 23, 24, 25, 28, 29, 30, 31, 32], maxlen=250000), 1.5: deque([0], maxlen=250000), 1: deque([11, 22, 27], maxlen=250000)}","{-1: deque([5, 6, 8, 10, 12, 13, 17], maxlen=250000), 1.5: deque([0], maxlen=250000), 1: deque([26, 33], maxlen=250000)}"
442,"{-1: deque([2, 3, 5, 6, 7, 8, 10, 11, 12, 14, 17, 20, 22, 25, 26, 27, 28, 29, 30, 31, 32], maxlen=250000), 1.5: deque([0], maxlen=250000), 1: deque([16, 21, 24, 33], maxlen=250000)}","{-1: deque([1, 4, 9, 13, 18, 19, 23], maxlen=250000), 1.5: deque([0], maxlen=250000), 1: deque([15], maxlen=250000)}"
443,"{-1: deque([1, 2, 3, 4, 7, 9, 11, 12, 13, 15, 16, 17, 18, 19, 20, 21, 22, 24, 25, 26, 31], maxlen=250000), 1.5: deque([0], maxlen=250000), 1: deque([8, 23, 32], maxlen=250000)}","{-1: deque([5, 10, 14, 27, 28, 29, 30], maxlen=250000), 1.5: deque([0], maxlen=250000), 1: deque([6, 33], maxlen=250000)}"
444,"{-1: deque([1, 2, 4, 5, 6, 7, 8, 15, 16, 17, 18, 19, 20, 23, 24, 25, 26, 27, 28, 29, 30], maxlen=250000), 1.5: deque([0], maxlen=250000), 1: deque([3, 22, 32], maxlen=250000)}","{1: deque([9, 33], maxlen=250000), 1.5: deque([0], maxlen=250000), -1: deque([10, 11, 12, 13, 14, 21, 31], maxlen=250000)}"
445,"{-1: deque([1, 2, 3, 6, 7, 10, 12, 14, 15, 16, 17, 19, 21, 22, 23, 24, 26, 28, 30, 31, 32], maxlen=250000), 1.5: deque([0], maxlen=250000), 1: deque([4, 13, 25, 33], maxlen=250000)}","{-1: deque([5, 9, 11, 18, 20, 27, 29], maxlen=250000), 1.5: deque([0], maxlen=250000), 1: deque([8], maxlen=250000)}"
446,"{-1: deque([1, 2, 3, 4, 5, 6, 8, 10, 13, 14, 15, 18, 21, 22, 23, 25, 26, 29, 30, 31, 32], maxlen=250000), 1.5: deque([0], maxlen=250000), 1: deque([12, 17, 24, 33], maxlen=250000)}","{-1: deque([7, 11, 16, 19, 20, 27, 28], maxlen=250000), 1.5: deque([0], maxlen=250000), 1: deque([9], maxlen=250000)}"
447,"{1: deque([3, 6, 9], maxlen=250000), 1.5: deque([0], maxlen=250000), -1: deque([4, 5, 7, 8, 10, 11, 12, 13, 14, 15, 16, 18, 20, 23, 24, 25, 26, 28, 30, 31, 32], maxlen=250000)}","{-1: deque([1, 2, 17, 21, 22, 27, 29], maxlen=250000), 1.5: deque([0], maxlen=250000), 1: deque([19, 33], maxlen=250000)}"
448,"{-1: deque([1, 3, 4, 7, 8, 9, 10, 11, 13, 14, 15, 16, 17, 19, 24, 26, 27, 29, 30, 31, 32], maxlen=250000), 1.5: deque([0], maxlen=250000), 1: deque([12, 20, 23], maxlen=250000)}","{-1: deque([2, 5, 6, 18, 21, 25, 28], maxlen=250000), 1.5: deque([0], maxlen=250000), 1: deque([22, 33], maxlen=250000)}"
449,"{-1: deque([1, 2, 4, 6, 9, 10, 12, 14, 15, 16, 17, 19, 21, 22, 23, 24, 25, 26, 28, 29, 31], maxlen=250000), 1.5: deque([0], maxlen=250000), 1: deque([8, 27, 30, 33], maxlen=250000)}","{-1: deque([3, 5, 7, 13, 18, 20, 32], maxlen=250000), 1.5: deque([0], maxlen=250000), 1: deque([11], maxlen=250000)}"
450,"{-1: deque([2, 3, 4, 5, 6, 7, 8, 13, 16, 19, 20, 21, 22, 25, 26, 27, 28, 29, 30, 31, 32], maxlen=250000), 1.5: deque([0], maxlen=250000), 1: deque([12, 15, 24], maxlen=250000)}","{-1: deque([1, 9, 11, 14, 17, 18, 23], maxlen=250000), 1.5: deque([0], maxlen=250000), 1: deque([10, 33], maxlen=250000)}"
451,"{-1: deque([1, 2, 3, 4, 5, 6, 8, 10, 13, 17, 18, 19, 20, 22, 24, 25, 26, 27, 28, 31, 32], maxlen=250000), 1.5: deque([0], maxlen=250000), 1: deque([9, 14, 23, 33], maxlen=250000)}","{-1: deque([7, 11, 12, 15, 16, 29, 30], maxlen=250000), 1.5: deque([0], maxlen=250000), 1: deque([21], maxlen=250000)}"
452,"{-1: deque([1, 2, 3, 4, 5, 6, 7, 8, 12, 13, 16, 19, 21, 22, 23, 25, 26, 27, 28, 29, 30], maxlen=250000), 1.5: deque([0], maxlen=250000), 1: deque([9, 17, 20], maxlen=250000)}","{-1: deque([10, 11, 14, 15, 18, 24, 31], maxlen=250000), 1.5: deque([0], maxlen=250000), 1: deque([32, 33], maxlen=250000)}"
453,"{-1: deque([1, 2, 3, 4, 5, 7, 8, 9, 10, 11, 16, 18, 19, 21, 22, 24, 26, 27, 28, 30, 31], maxlen=250000), 1.5: deque([0], maxlen=250000), 1: deque([14, 17, 23, 33], maxlen=250000)}","{-1: deque([6, 13, 15, 20, 25, 29, 32], maxlen=250000), 1.5: deque([0], maxlen=250000), 1: deque([12], maxlen=250000)}"
454,"{-1: deque([1, 2, 5, 6, 7, 8, 10, 12, 13, 14, 16, 18, 19, 23, 24, 26, 27, 28, 29, 31, 32], maxlen=250000), 1.5: deque([0], maxlen=250000), 1: deque([3, 25, 30], maxlen=250000)}","{-1: deque([4, 9, 11, 17, 20, 21, 22], maxlen=250000), 1.5: deque([0], maxlen=250000), 1: deque([15, 33], maxlen=250000)}"
455,"{-1: deque([1, 2, 3, 4, 5, 8, 9, 10, 11, 13, 14, 17, 18, 22, 24, 25, 26, 27, 28, 29, 30], maxlen=250000), 1.5: deque([0], maxlen=250000), 1: deque([19, 20, 23], maxlen=250000)}","{-1: deque([6, 7, 12, 15, 16, 21, 32], maxlen=250000), 1.5: deque([0], maxlen=250000), 1: deque([31, 33], maxlen=250000)}"
456,"{-1: deque([2, 3, 5, 6, 7, 8, 9, 10, 13, 14, 15, 16, 19, 21, 22, 23, 24, 26, 28, 29, 31], maxlen=250000), 1.5: deque([0], maxlen=250000), 1: deque([12, 17, 32, 33], maxlen=250000)}","{-1: deque([1, 4, 11, 20, 25, 27, 30], maxlen=250000), 1.5: deque([0], maxlen=250000), 1: deque([18], maxlen=250000)}"
457,"{-1: deque([1, 2, 3, 5, 7, 8, 9, 10, 12, 13, 15, 16, 18, 19, 20, 21, 22, 23, 27, 30, 32], maxlen=250000), 1.5: deque([0], maxlen=250000), 1: deque([4, 17, 25], maxlen=250000)}","{-1: deque([6, 11, 14, 24, 26, 28, 31], maxlen=250000), 1.5: deque([0], maxlen=250000), 1: deque([29, 33], maxlen=250000)}"
458,"{-1: deque([1, 7, 8, 9, 10, 11, 13, 14, 16, 17, 18, 19, 21, 22, 24, 25, 26, 27, 28, 30, 31], maxlen=250000), 1.5: deque([0], maxlen=250000), 1: deque([3, 12, 23], maxlen=250000)}","{-1: deque([2, 4, 5, 6, 15, 29, 32], maxlen=250000), 1.5: deque([0], maxlen=250000), 1: deque([20, 33], maxlen=250000)}"
459,"{-1: deque([3, 4, 6, 7, 8, 9, 10, 16, 17, 19, 20, 21, 22, 23, 24, 25, 26, 27, 28, 29, 31], maxlen=250000), 1.5: deque([0], maxlen=250000), 1: deque([11, 12, 30], maxlen=250000)}","{-1: deque([1, 2, 5, 13, 14, 15, 32], maxlen=250000), 1.5: deque([0], maxlen=250000), 1: deque([18, 33], maxlen=250000)}"
460,"{-1: deque([1, 2, 4, 5, 6, 8, 9, 10, 12, 13, 14, 15, 17, 18, 19, 22, 25, 27, 28, 29, 32], maxlen=250000), 1.5: deque([0], maxlen=250000), 1: deque([3, 26, 30, 33], maxlen=250000)}","{-1: deque([7, 11, 16, 20, 21, 23, 24], maxlen=250000), 1.5: deque([0], maxlen=250000), 1: deque([31], maxlen=250000)}"
461,"{-1: deque([2, 3, 5, 6, 11, 12, 14, 15, 16, 17, 18, 19, 20, 21, 22, 23, 24, 26, 28, 29, 30], maxlen=250000), 1.5: deque([0], maxlen=250000), 1: deque([7, 10, 27], maxlen=250000)}","{-1: deque([1, 4, 8, 9, 13, 31, 32], maxlen=250000), 1.5: deque([0], maxlen=250000), 1: deque([25, 33], maxlen=250000)}"
462,"{1: deque([1, 2, 18], maxlen=250000), 1.5: deque([0], maxlen=250000), -1: deque([3, 4, 6, 9, 10, 11, 12, 13, 15, 17, 19, 20, 21, 23, 24, 25, 26, 27, 28, 30, 31], maxlen=250000)}","{-1: deque([5, 7, 14, 16, 22, 29, 32], maxlen=250000), 1.5: deque([0], maxlen=250000), 1: deque([8, 33], maxlen=250000)}"
463,"{-1: deque([2, 3, 4, 6, 8, 10, 12, 13, 14, 15, 16, 17, 20, 21, 22, 23, 24, 26, 27, 28, 32], maxlen=250000), 1.5: deque([0], maxlen=250000), 1: deque([7, 25, 29], maxlen=250000)}","{-1: deque([1, 5, 9, 11, 18, 19, 30], maxlen=250000), 1.5: deque([0], maxlen=250000), 1: deque([31, 33], maxlen=250000)}"
464,"{1: deque([3, 17, 28, 33], maxlen=250000), 1.5: deque([0], maxlen=250000), -1: deque([4, 6, 8, 9, 10, 11, 12, 13, 14, 15, 18, 19, 20, 21, 22, 23, 25, 26, 27, 30, 32], maxlen=250000)}","{-1: deque([1, 2, 5, 16, 24, 29, 31], maxlen=250000), 1.5: deque([0], maxlen=250000), 1: deque([7], maxlen=250000)}"
465,"{1: deque([1, 3, 31], maxlen=250000), 1.5: deque([0], maxlen=250000), -1: deque([2, 4, 6, 8, 9, 10, 11, 12, 13, 14, 16, 17, 18, 20, 21, 22, 23, 26, 27, 30, 32], maxlen=250000)}","{-1: deque([5, 7, 15, 19, 24, 25, 29], maxlen=250000), 1.5: deque([0], maxlen=250000), 1: deque([28, 33], maxlen=250000)}"
466,"{-1: deque([1, 2, 3, 4, 5, 6, 8, 10, 11, 12, 13, 14, 15, 19, 20, 21, 23, 24, 27, 28, 31], maxlen=250000), 1.5: deque([0], maxlen=250000), 1: deque([26, 29, 32], maxlen=250000)}","{-1: deque([7, 9, 16, 17, 22, 25, 30], maxlen=250000), 1.5: deque([0], maxlen=250000), 1: deque([18, 33], maxlen=250000)}"
467,"{-1: deque([1, 3, 4, 6, 8, 11, 13, 14, 17, 18, 19, 20, 21, 23, 24, 26, 27, 29, 30, 31, 32], maxlen=250000), 1.5: deque([0], maxlen=250000), 1: deque([2, 5, 10], maxlen=250000)}","{-1: deque([7, 12, 15, 16, 22, 25, 28], maxlen=250000), 1.5: deque([0], maxlen=250000), 1: deque([9, 33], maxlen=250000)}"
468,"{-1: deque([1, 2, 3, 4, 6, 7, 10, 11, 13, 14, 16, 19, 20, 22, 23, 25, 26, 27, 29, 31, 32], maxlen=250000), 1.5: deque([0], maxlen=250000), 1: deque([5, 8, 24, 33], maxlen=250000)}","{-1: deque([9, 15, 17, 18, 21, 28, 30], maxlen=250000), 1.5: deque([0], maxlen=250000), 1: deque([12], maxlen=250000)}"
469,"{-1: deque([1, 3, 6, 7, 9, 10, 12, 14, 15, 20, 21, 22, 23, 24, 25, 26, 27, 29, 30, 31, 32], maxlen=250000), 1.5: deque([0], maxlen=250000), 1: deque([2, 4, 8], maxlen=250000)}","{-1: deque([5, 11, 13, 16, 17, 18, 28], maxlen=250000), 1.5: deque([0], maxlen=250000), 1: deque([19, 33], maxlen=250000)}"
470,"{-1: deque([1, 3, 4, 5, 6, 7, 8, 10, 12, 13, 15, 18, 19, 21, 22, 24, 25, 28, 30, 31, 32], maxlen=250000), 1.5: deque([0], maxlen=250000), 1: deque([14, 23, 26, 33], maxlen=250000)}","{-1: deque([2, 9, 16, 17, 20, 27, 29], maxlen=250000), 1.5: deque([0], maxlen=250000), 1: deque([11], maxlen=250000)}"
471,"{-1: deque([1, 4, 5, 6, 8, 12, 13, 14, 15, 17, 19, 20, 22, 23, 24, 25, 26, 28, 29, 30, 32], maxlen=250000), 1.5: deque([0], maxlen=250000), 1: deque([2, 16, 27], maxlen=250000)}","{-1: deque([3, 7, 9, 10, 11, 21, 31], maxlen=250000), 1.5: deque([0], maxlen=250000), 1: deque([18, 33], maxlen=250000)}"
472,"{-1: deque([1, 3, 5, 7, 8, 9, 11, 12, 13, 17, 18, 20, 21, 22, 23, 24, 27, 28, 29, 31, 32], maxlen=250000), 1.5: deque([0], maxlen=250000), 1: deque([14, 16, 30], maxlen=250000)}","{-1: deque([2, 6, 10, 15, 19, 25, 26], maxlen=250000), 1.5: deque([0], maxlen=250000), 1: deque([4, 33], maxlen=250000)}"
473,"{1: deque([1, 19, 31], maxlen=250000), 1.5: deque([0], maxlen=250000), -1: deque([2, 3, 4, 5, 6, 8, 9, 10, 11, 12, 13, 14, 15, 18, 20, 24, 26, 28, 29, 30, 32], maxlen=250000)}","{-1: deque([7, 16, 17, 22, 23, 25, 27], maxlen=250000), 1.5: deque([0], maxlen=250000), 1: deque([21, 33], maxlen=250000)}"
474,"{-1: deque([1, 2, 3, 6, 8, 9, 10, 11, 12, 13, 14, 16, 17, 20, 21, 25, 26, 27, 28, 30, 31], maxlen=250000), 1.5: deque([0], maxlen=250000), 1: deque([22, 29, 32, 33], maxlen=250000)}","{-1: deque([4, 5, 15, 18, 19, 23, 24], maxlen=250000), 1.5: deque([0], maxlen=250000), 1: deque([7], maxlen=250000)}"
475,"{-1: deque([1, 2, 3, 4, 5, 6, 8, 9, 11, 12, 15, 16, 18, 20, 21, 22, 24, 26, 27, 30, 31], maxlen=250000), 1.5: deque([0], maxlen=250000), 1: deque([14, 25, 29], maxlen=250000)}","{-1: deque([7, 10, 13, 17, 19, 23, 32], maxlen=250000), 1.5: deque([0], maxlen=250000), 1: deque([28, 33], maxlen=250000)}"
476,"{-1: deque([1, 2, 3, 4, 6, 9, 11, 12, 13, 15, 16, 17, 18, 20, 21, 22, 24, 26, 29, 30, 31], maxlen=250000), 1.5: deque([0], maxlen=250000), 1: deque([7, 19, 32, 33], maxlen=250000)}","{-1: deque([5, 8, 10, 14, 23, 25, 28], maxlen=250000), 1.5: deque([0], maxlen=250000), 1: deque([27], maxlen=250000)}"
477,"{-1: deque([2, 4, 5, 6, 7, 9, 11, 12, 14, 15, 19, 21, 22, 23, 25, 26, 27, 29, 30, 31, 32], maxlen=250000), 1.5: deque([0], maxlen=250000), 1: deque([10, 20, 24], maxlen=250000)}","{-1: deque([1, 3, 8, 13, 16, 17, 28], maxlen=250000), 1.5: deque([0], maxlen=250000), 1: deque([18, 33], maxlen=250000)}"
478,"{-1: deque([1, 4, 5, 7, 8, 10, 11, 12, 16, 17, 18, 19, 20, 21, 23, 26, 27, 28, 29, 31, 32], maxlen=250000), 1.5: deque([0], maxlen=250000), 1: deque([6, 15, 25], maxlen=250000)}","{-1: deque([2, 3, 9, 13, 14, 22, 24], maxlen=250000), 1.5: deque([0], maxlen=250000), 1: deque([30, 33], maxlen=250000)}"
479,"{-1: deque([1, 2, 4, 5, 6, 9, 10, 11, 12, 13, 15, 16, 17, 18, 22, 23, 24, 26, 27, 28, 32], maxlen=250000), 1.5: deque([0], maxlen=250000), 1: deque([19, 21, 30], maxlen=250000)}","{-1: deque([3, 7, 8, 20, 25, 29, 31], maxlen=250000), 1.5: deque([0], maxlen=250000), 1: deque([14, 33], maxlen=250000)}"
480,"{-1: deque([1, 2, 3, 4, 5, 7, 9, 10, 11, 12, 13, 20, 21, 23, 24, 25, 26, 27, 28, 30, 31], maxlen=250000), 1.5: deque([0], maxlen=250000), 1: deque([8, 17, 22], maxlen=250000)}","{-1: deque([6, 14, 15, 16, 18, 29, 32], maxlen=250000), 1.5: deque([0], maxlen=250000), 1: deque([19, 33], maxlen=250000)}"
481,"{-1: deque([1, 2, 4, 5, 6, 7, 8, 10, 11, 12, 13, 14, 16, 17, 22, 24, 25, 26, 27, 29, 31], maxlen=250000), 1.5: deque([0], maxlen=250000), 1: deque([3, 18, 21], maxlen=250000)}","{-1: deque([9, 15, 20, 23, 28, 30, 32], maxlen=250000), 1.5: deque([0], maxlen=250000), 1: deque([19, 33], maxlen=250000)}"
482,"{-1: deque([1, 4, 6, 7, 8, 9, 10, 13, 14, 16, 17, 18, 19, 20, 21, 22, 24, 26, 27, 28, 29], maxlen=250000), 1.5: deque([0], maxlen=250000), 1: deque([2, 3, 15], maxlen=250000)}","{-1: deque([5, 11, 23, 25, 30, 31, 32], maxlen=250000), 1.5: deque([0], maxlen=250000), 1: deque([12, 33], maxlen=250000)}"
483,"{-1: deque([1, 5, 6, 7, 8, 9, 12, 13, 15, 16, 17, 18, 19, 20, 21, 22, 24, 25, 27, 30, 31], maxlen=250000), 1.5: deque([0], maxlen=250000), 1: deque([11, 14, 26], maxlen=250000)}","{-1: deque([2, 4, 10, 23, 28, 29, 32], maxlen=250000), 1.5: deque([0], maxlen=250000), 1: deque([3, 33], maxlen=250000)}"
484,"{-1: deque([1, 2, 3, 4, 5, 11, 12, 15, 16, 17, 18, 20, 23, 24, 25, 27, 28, 29, 30, 31, 32], maxlen=250000), 1.5: deque([0], maxlen=250000), 1: deque([13, 21, 26], maxlen=250000)}","{-1: deque([6, 7, 8, 9, 10, 19, 22], maxlen=250000), 1.5: deque([0], maxlen=250000), 1: deque([14, 33], maxlen=250000)}"
485,"{-1: deque([1, 2, 3, 4, 5, 6, 10, 12, 13, 16, 17, 18, 19, 20, 21, 22, 23, 24, 27, 28, 31], maxlen=250000), 1.5: deque([0], maxlen=250000), 1: deque([11, 26, 29, 33], maxlen=250000)}","{-1: deque([7, 8, 14, 15, 25, 30, 32], maxlen=250000), 1.5: deque([0], maxlen=250000), 1: deque([9], maxlen=250000)}"
486,"{-1: deque([1, 2, 3, 4, 6, 7, 8, 11, 13, 16, 19, 20, 21, 22, 23, 24, 27, 28, 29, 30, 31], maxlen=250000), 1.5: deque([0], maxlen=250000), 1: deque([10, 14, 17, 33], maxlen=250000)}","{-1: deque([5, 9, 12, 15, 25, 26, 32], maxlen=250000), 1.5: deque([0], maxlen=250000), 1: deque([18], maxlen=250000)}"
487,"{-1: deque([1, 2, 4, 5, 7, 9, 10, 12, 15, 16, 18, 19, 20, 22, 23, 26, 27, 29, 30, 31, 32], maxlen=250000), 1.5: deque([0], maxlen=250000), 1: deque([14, 17, 28], maxlen=250000)}","{1: deque([3, 33], maxlen=250000), 1.5: deque([0], maxlen=250000), -1: deque([6, 8, 11, 13, 21, 24, 25], maxlen=250000)}"
488,"{-1: deque([1, 2, 3, 4, 5, 7, 8, 9, 11, 14, 17, 18, 20, 23, 24, 25, 28, 31], maxlen=250000), 1.5: deque([0], maxlen=250000), 1: deque([6, 12, 15, 19, 22, 32], maxlen=250000)}","{-1: deque([10, 13, 21, 26, 29, 30], maxlen=250000), 1.5: deque([0], maxlen=250000), 1: deque([16, 27, 33], maxlen=250000)}"
489,"{-1: deque([1, 5, 6, 9, 10, 12, 13, 15, 16, 20, 23, 24, 25, 26, 27, 30, 31, 32], maxlen=250000), 1.5: deque([0], maxlen=250000), 1: deque([8, 11, 17, 18, 19, 21, 33], maxlen=250000)}","{-1: deque([2, 4, 7, 14, 22, 29], maxlen=250000), 1.5: deque([0], maxlen=250000), 1: deque([3, 28], maxlen=250000)}"
490,"{-1: deque([1, 2, 3, 4, 6, 7, 12, 13, 14, 15, 18, 19, 21, 25, 26, 27, 29, 30], maxlen=250000), 1.5: deque([0], maxlen=250000), 1: deque([5, 9, 10, 16, 17, 32, 33], maxlen=250000)}","{-1: deque([8, 11, 20, 22, 24, 31], maxlen=250000), 1.5: deque([0], maxlen=250000), 1: deque([23, 28], maxlen=250000)}"
491,"{-1: deque([1, 2, 3, 5, 6, 8, 9, 10, 11, 14, 18, 20, 21, 24, 27, 28, 30, 31], maxlen=250000), 1.5: deque([0], maxlen=250000), 1: deque([4, 7, 12, 19, 25, 26], maxlen=250000)}","{-1: deque([13, 15, 17, 22, 23, 32], maxlen=250000), 1.5: deque([0], maxlen=250000), 1: deque([16, 29, 33], maxlen=250000)}"
492,"{-1: deque([1, 3, 4, 8, 9, 10, 11, 12, 13, 14, 15, 16, 17, 18, 19, 24, 26, 31], maxlen=250000), 1.5: deque([0], maxlen=250000), 1: deque([5, 6, 7, 28, 29, 32, 33], maxlen=250000)}","{-1: deque([2, 22, 23, 25, 27, 30], maxlen=250000), 1.5: deque([0], maxlen=250000), 1: deque([20, 21], maxlen=250000)}"
493,"{1: deque([1, 3, 4, 7, 8, 20], maxlen=250000), 1.5: deque([0], maxlen=250000), -1: deque([2, 5, 6, 10, 11, 14, 15, 16, 18, 19, 21, 22, 23, 24, 25, 26, 29, 32], maxlen=250000)}","{-1: deque([9, 13, 17, 28, 30, 31], maxlen=250000), 1.5: deque([0], maxlen=250000), 1: deque([12, 27, 33], maxlen=250000)}"
494,"{-1: deque([2, 3, 4, 5, 10, 11, 12, 15, 16, 21, 22, 23, 24, 25, 27, 28, 30, 32], maxlen=250000), 1.5: deque([0], maxlen=250000), 1: deque([6, 7, 17, 18, 20, 31], maxlen=250000)}","{1: deque([1, 14, 33], maxlen=250000), 1.5: deque([0], maxlen=250000), -1: deque([8, 9, 13, 19, 26, 29], maxlen=250000)}"
495,"{1: deque([1, 2, 12, 15, 16, 28], maxlen=250000), 1.5: deque([0], maxlen=250000), -1: deque([4, 5, 7, 9, 10, 11, 13, 17, 18, 19, 20, 23, 24, 25, 26, 27, 30, 31], maxlen=250000)}","{1: deque([3, 29, 33], maxlen=250000), 1.5: deque([0], maxlen=250000), -1: deque([6, 8, 14, 21, 22, 32], maxlen=250000)}"
496,"{1: deque([2, 4, 9, 10, 21, 22], maxlen=250000), 1.5: deque([0], maxlen=250000), -1: deque([3, 6, 8, 11, 12, 14, 15, 18, 19, 20, 23, 24, 26, 27, 28, 29, 30, 31], maxlen=250000)}","{1: deque([1, 13, 33], maxlen=250000), 1.5: deque([0], maxlen=250000), -1: deque([5, 7, 16, 17, 25, 32], maxlen=250000)}"
497,"{1: deque([1, 4, 7, 13, 20, 31], maxlen=250000), 1.5: deque([0], maxlen=250000), -1: deque([2, 3, 6, 8, 9, 10, 12, 14, 15, 16, 17, 19, 26, 27, 28, 29, 30, 32], maxlen=250000)}","{-1: deque([5, 18, 21, 22, 23, 25], maxlen=250000), 1.5: deque([0], maxlen=250000), 1: deque([11, 24, 33], maxlen=250000)}"
498,"{-1: deque([1, 3, 4, 5, 6, 10, 11, 12, 13, 16, 17, 18, 19, 21, 24, 27, 28, 31], maxlen=250000), 1.5: deque([0], maxlen=250000), 1: deque([7, 9, 20, 23, 26, 30], maxlen=250000)}","{-1: deque([2, 8, 15, 22, 25, 29], maxlen=250000), 1.5: deque([0], maxlen=250000), 1: deque([14, 32, 33], maxlen=250000)}"
499,"{-1: deque([1, 3, 4, 5, 6, 8, 9, 10, 12, 13, 14, 16, 21, 23, 24, 27, 28, 29], maxlen=250000), 1.5: deque([0], maxlen=250000), 1: deque([7, 15, 18, 20, 26, 32], maxlen=250000)}","{-1: deque([2, 11, 19, 22, 25, 30], maxlen=250000), 1.5: deque([0], maxlen=250000), 1: deque([17, 31, 33], maxlen=250000)}"
500,"{1: deque([3, 4, 5, 6, 7, 27, 33], maxlen=250000), 1.5: deque([0], maxlen=250000), -1: deque([8, 9, 10, 12, 13, 14, 15, 17, 18, 20, 23, 24, 25, 28, 29, 30, 31, 32], maxlen=250000)}","{-1: deque([1, 2, 16, 19, 21, 26], maxlen=250000), 1.5: deque([0], maxlen=250000), 1: deque([11, 22], maxlen=250000)}"
501,"{-1: deque([1, 2, 3, 5, 6, 8, 9, 11, 16, 17, 19, 23, 25, 26, 27, 29, 30, 31], maxlen=250000), 1.5: deque([0], maxlen=250000), 1: deque([12, 13, 15, 22, 28, 32, 33], maxlen=250000)}","{-1: deque([4, 7, 10, 14, 20, 24], maxlen=250000), 1.5: deque([0], maxlen=250000), 1: deque([18, 21], maxlen=250000)}"
502,"{1: deque([2, 3, 4, 12, 15, 25], maxlen=250000), 1.5: deque([0], maxlen=250000), -1: deque([5, 6, 7, 8, 9, 10, 11, 13, 17, 18, 19, 21, 24, 26, 28, 29, 31, 32], maxlen=250000)}","{-1: deque([1, 16, 20, 22, 23, 30], maxlen=250000), 1.5: deque([0], maxlen=250000), 1: deque([14, 27, 33], maxlen=250000)}"
503,"{-1: deque([1, 3, 4, 6, 8, 11, 13, 14, 15, 16, 17, 18, 20, 22, 23, 27, 30, 32], maxlen=250000), 1.5: deque([0], maxlen=250000), 1: deque([2, 5, 7, 10, 19, 26, 33], maxlen=250000)}","{-1: deque([9, 12, 21, 25, 29, 31], maxlen=250000), 1.5: deque([0], maxlen=250000), 1: deque([24, 28], maxlen=250000)}"
504,"{-1: deque([1, 2, 5, 8, 9, 12, 13, 14, 15, 16, 24, 25, 26, 27, 28, 30, 31, 32], maxlen=250000), 1.5: deque([0], maxlen=250000), 1: deque([3, 6, 10, 19, 21, 29], maxlen=250000)}","{-1: deque([4, 7, 11, 17, 18, 23], maxlen=250000), 1.5: deque([0], maxlen=250000), 1: deque([20, 22, 33], maxlen=250000)}"
505,"{-1: deque([1, 4, 7, 8, 9, 11, 12, 13, 16, 17, 18, 19, 22, 24, 26, 27, 29, 31], maxlen=250000), 1.5: deque([0], maxlen=250000), 1: deque([3, 5, 6, 21, 23, 30], maxlen=250000)}","{-1: deque([2, 10, 14, 15, 20, 28], maxlen=250000), 1.5: deque([0], maxlen=250000), 1: deque([25, 32, 33], maxlen=250000)}"
506,"{-1: deque([1, 2, 6, 8, 9, 11, 15, 16, 17, 18, 19, 21, 22, 24, 26, 29, 30, 32], maxlen=250000), 1.5: deque([0], maxlen=250000), 1: deque([4, 5, 10, 23, 25, 31], maxlen=250000)}","{-1: deque([3, 7, 12, 14, 20, 28], maxlen=250000), 1.5: deque([0], maxlen=250000), 1: deque([13, 27, 33], maxlen=250000)}"
507,"{1: deque([2, 4, 6, 8, 13, 15], maxlen=250000), 1.5: deque([0], maxlen=250000), -1: deque([3, 5, 7, 9, 10, 11, 12, 14, 16, 17, 18, 21, 22, 24, 25, 30, 31, 32], maxlen=250000)}","{1: deque([1, 29, 33], maxlen=250000), 1.5: deque([0], maxlen=250000), -1: deque([19, 20, 23, 26, 27, 28], maxlen=250000)}"
508,"{-1: deque([1, 4, 9, 14, 15, 17, 18, 19, 21, 22, 24, 25, 26, 27, 28, 29, 30, 32], maxlen=250000), 1.5: deque([0], maxlen=250000), 1: deque([3, 11, 13, 16, 20, 23, 33], maxlen=250000)}","{-1: deque([2, 6, 7, 10, 12, 31], maxlen=250000), 1.5: deque([0], maxlen=250000), 1: deque([5, 8], maxlen=250000)}"
509,"{-1: deque([1, 2, 3, 5, 9, 10, 11, 13, 14, 16, 21, 22, 25, 26, 27, 29, 31, 32], maxlen=250000), 1.5: deque([0], maxlen=250000), 1: deque([4, 7, 12, 18, 19, 24], maxlen=250000)}","{1: deque([6, 30, 33], maxlen=250000), 1.5: deque([0], maxlen=250000), -1: deque([8, 15, 17, 20, 23, 28], maxlen=250000)}"
510,"{-1: deque([1, 4, 6, 8, 12, 14, 16, 18, 20, 21, 25, 26, 27, 28, 29, 30, 31, 32], maxlen=250000), 1.5: deque([0], maxlen=250000), 1: deque([2, 5, 7, 10, 17, 19], maxlen=250000)}","{-1: deque([3, 9, 11, 22, 23, 24], maxlen=250000), 1.5: deque([0], maxlen=250000), 1: deque([13, 15, 33], maxlen=250000)}"
511,"{1: deque([3, 11, 15, 24, 28, 32], maxlen=250000), 1.5: deque([0], maxlen=250000), -1: deque([5, 6, 9, 10, 12, 13, 16, 17, 19, 20, 22, 23, 25, 26, 27, 29, 30, 31], maxlen=250000)}","{1: deque([1, 18, 33], maxlen=250000), 1.5: deque([0], maxlen=250000), -1: deque([2, 4, 7, 8, 14, 21], maxlen=250000)}"
512,"{-1: deque([1, 2, 3, 4, 6, 8, 11, 12, 14, 15, 20, 21, 24, 25, 26, 27, 28, 32], maxlen=250000), 1.5: deque([0], maxlen=250000), 1: deque([5, 9, 13, 17, 19, 23], maxlen=250000)}","{-1: deque([7, 10, 16, 18, 22, 30], maxlen=250000), 1.5: deque([0], maxlen=250000), 1: deque([29, 31, 33], maxlen=250000)}"
513,"{-1: deque([1, 3, 4, 7, 8, 9, 10, 12, 19, 21, 22, 23, 24, 28, 29, 30, 31, 32], maxlen=250000), 1.5: deque([0], maxlen=250000), 1: deque([5, 14, 15, 17, 18, 25, 33], maxlen=250000)}","{-1: deque([2, 6, 13, 16, 20, 26], maxlen=250000), 1.5: deque([0], maxlen=250000), 1: deque([11, 27], maxlen=250000)}"
514,"{1: deque([1, 2, 19, 22, 30, 32], maxlen=250000), 1.5: deque([0], maxlen=250000), -1: deque([3, 5, 6, 8, 10, 12, 15, 16, 17, 18, 20, 21, 23, 24, 25, 26, 28, 31], maxlen=250000)}","{-1: deque([4, 7, 9, 11, 14, 27], maxlen=250000), 1.5: deque([0], maxlen=250000), 1: deque([13, 29, 33], maxlen=250000)}"
515,"{1: deque([3, 6, 11, 20, 24, 29], maxlen=250000), 1.5: deque([0], maxlen=250000), -1: deque([5, 7, 8, 9, 10, 12, 16, 17, 18, 19, 21, 23, 25, 27, 28, 30, 31, 32], maxlen=250000)}","{1: deque([1, 13, 33], maxlen=250000), 1.5: deque([0], maxlen=250000), -1: deque([2, 4, 14, 15, 22, 26], maxlen=250000)}"
516,"{-1: deque([1, 3, 4, 5, 6, 9, 12, 13, 15, 17, 20, 23, 24, 25, 26, 27, 30, 31], maxlen=250000), 1.5: deque([0], maxlen=250000), 1: deque([7, 8, 10, 11, 19, 28, 33], maxlen=250000)}","{-1: deque([2, 14, 21, 22, 29, 32], maxlen=250000), 1.5: deque([0], maxlen=250000), 1: deque([16, 18], maxlen=250000)}"
517,"{-1: deque([1, 4, 6, 9, 10, 11, 12, 13, 18, 19, 23, 24, 26, 27, 28, 29, 31, 32], maxlen=250000), 1.5: deque([0], maxlen=250000), 1: deque([2, 7, 14, 16, 17, 21, 33], maxlen=250000)}","{1: deque([3, 15], maxlen=250000), 1.5: deque([0], maxlen=250000), -1: deque([5, 8, 20, 22, 25, 30], maxlen=250000)}"
518,"{-1: deque([1, 3, 4, 6, 7, 8, 10, 12, 13, 15, 17, 19, 23, 25, 26, 28, 29, 32], maxlen=250000), 1.5: deque([0], maxlen=250000), 1: deque([11, 16, 20, 22, 27, 31, 33], maxlen=250000)}","{1: deque([2, 18], maxlen=250000), 1.5: deque([0], maxlen=250000), -1: deque([5, 9, 14, 21, 24, 30], maxlen=250000)}"
519,"{-1: deque([1, 2, 3, 6, 12, 13, 14, 15, 16, 18, 19, 20, 21, 25, 26, 29, 31, 32], maxlen=250000), 1.5: deque([0], maxlen=250000), 1: deque([7, 8, 10, 22, 24, 27], maxlen=250000)}","{1: deque([4, 11, 33], maxlen=250000), 1.5: deque([0], maxlen=250000), -1: deque([5, 9, 17, 23, 28, 30], maxlen=250000)}"
520,"{-1: deque([1, 8, 11, 13, 14, 15, 16, 17, 18, 19, 21, 22, 24, 25, 27, 28, 30, 32], maxlen=250000), 1.5: deque([0], maxlen=250000), 1: deque([3, 5, 9, 10, 20, 29], maxlen=250000)}","{-1: deque([2, 4, 6, 7, 12, 23], maxlen=250000), 1.5: deque([0], maxlen=250000), 1: deque([26, 31, 33], maxlen=250000)}"
521,"{-1: deque([1, 4, 5, 8, 9, 10, 12, 14, 16, 18, 19, 20, 23, 25, 28, 30, 31, 32], maxlen=250000), 1.5: deque([0], maxlen=250000), 1: deque([3, 15, 17, 21, 26, 27, 33], maxlen=250000)}","{-1: deque([2, 6, 7, 11, 24, 29], maxlen=250000), 1.5: deque([0], maxlen=250000), 1: deque([13, 22], maxlen=250000)}"
522,"{-1: deque([1, 3, 5, 6, 7, 9, 11, 12, 14, 15, 16, 19, 22, 23, 25, 26, 27, 32], maxlen=250000), 1.5: deque([0], maxlen=250000), 1: deque([2, 13, 18, 21, 24, 30], maxlen=250000)}","{-1: deque([4, 8, 10, 20, 28, 29], maxlen=250000), 1.5: deque([0], maxlen=250000), 1: deque([17, 31, 33], maxlen=250000)}"
523,"{-1: deque([1, 2, 4, 5, 9, 11, 12, 15, 16, 18, 19, 21, 22, 23, 25, 26, 28, 30], maxlen=250000), 1.5: deque([0], maxlen=250000), 1: deque([6, 14, 20, 29, 31, 32, 33], maxlen=250000)}","{1: deque([3, 13], maxlen=250000), 1.5: deque([0], maxlen=250000), -1: deque([7, 8, 10, 17, 24, 27], maxlen=250000)}"
524,"{1: deque([1, 6, 9, 15, 22, 26, 33], maxlen=250000), 1.5: deque([0], maxlen=250000), -1: deque([2, 3, 7, 10, 11, 12, 13, 14, 17, 18, 19, 20, 25, 28, 29, 30, 31, 32], maxlen=250000)}","{1: deque([4, 5], maxlen=250000), 1.5: deque([0], maxlen=250000), -1: deque([8, 16, 21, 23, 24, 27], maxlen=250000)}"
525,"{-1: deque([3, 5, 7, 9, 11, 13, 14, 15, 16, 19, 20, 21, 22, 25, 26, 27, 29, 31], maxlen=250000), 1.5: deque([0], maxlen=250000), 1: deque([4, 6, 12, 23, 24, 28, 33], maxlen=250000)}","{1: deque([1, 18], maxlen=250000), 1.5: deque([0], maxlen=250000), -1: deque([2, 8, 10, 17, 30, 32], maxlen=250000)}"
526,"{-1: deque([1, 5, 8, 11, 13, 14, 15, 17, 18, 19, 22, 23, 24, 25, 26, 29, 31, 32], maxlen=250000), 1.5: deque([0], maxlen=250000), 1: deque([3, 4, 10, 12, 16, 30], maxlen=250000)}","{-1: deque([2, 6, 7, 20, 21, 28], maxlen=250000), 1.5: deque([0], maxlen=250000), 1: deque([9, 27, 33], maxlen=250000)}"
527,"{-1: deque([1, 3, 7, 8, 9, 11, 12, 15, 16, 18, 19, 24, 25, 26, 27, 29, 30, 31], maxlen=250000), 1.5: deque([0], maxlen=250000), 1: deque([2, 4, 6, 17, 20, 32, 33], maxlen=250000)}","{-1: deque([5, 14, 21, 22, 23, 28], maxlen=250000), 1.5: deque([0], maxlen=250000), 1: deque([10, 13], maxlen=250000)}"
528,"{-1: deque([1, 2, 4, 5, 7, 10, 12, 13, 16, 17, 21, 24, 26, 27, 28, 29, 30, 32], maxlen=250000), 1.5: deque([0], maxlen=250000), 1: deque([3, 9, 11, 18, 22, 23], maxlen=250000)}","{1: deque([6, 8, 33], maxlen=250000), 1.5: deque([0], maxlen=250000), -1: deque([14, 15, 19, 20, 25, 31], maxlen=250000)}"
529,"{-1: deque([2, 3, 7, 8, 12, 16, 17, 18, 20, 21, 22, 23, 24, 25, 27, 28, 29, 31], maxlen=250000), 1.5: deque([0], maxlen=250000), 1: deque([6, 9, 13, 15, 26, 32, 33], maxlen=250000)}","{-1: deque([1, 4, 11, 14, 19, 30], maxlen=250000), 1.5: deque([0], maxlen=250000), 1: deque([5, 10], maxlen=250000)}"
530,"{1: deque([1, 9, 13, 15, 16, 30], maxlen=250000), 1.5: deque([0], maxlen=250000), -1: deque([3, 5, 6, 7, 8, 10, 12, 14, 18, 19, 20, 21, 22, 25, 26, 28, 29, 31], maxlen=250000)}","{1: deque([2, 11, 33], maxlen=250000), 1.5: deque([0], maxlen=250000), -1: deque([4, 17, 23, 24, 27, 32], maxlen=250000)}"
531,"{-1: deque([1, 2, 4, 5, 6, 7, 8, 9, 11, 14, 15, 17, 20, 21, 22, 28, 31, 32], maxlen=250000), 1.5: deque([0], maxlen=250000), 1: deque([10, 12, 13, 23, 26, 27, 33], maxlen=250000)}","{1: deque([3, 16], maxlen=250000), 1.5: deque([0], maxlen=250000), -1: deque([18, 19, 24, 25, 29, 30], maxlen=250000)}"
532,"{1: deque([1, 3, 4, 25, 28, 30, 33], maxlen=250000), 1.5: deque([0], maxlen=250000), -1: deque([2, 5, 9, 11, 12, 13, 15, 16, 17, 19, 20, 21, 22, 23, 24, 29, 31, 32], maxlen=250000)}","{-1: deque([6, 10, 14, 18, 26, 27], maxlen=250000), 1.5: deque([0], maxlen=250000), 1: deque([7, 8], maxlen=250000)}"
533,"{-1: deque([1, 2, 3, 6, 7, 9, 10, 11, 12, 16, 17, 19, 22, 25, 26, 27, 28, 29], maxlen=250000), 1.5: deque([0], maxlen=250000), 1: deque([14, 15, 21, 23, 30, 31], maxlen=250000)}","{-1: deque([4, 5, 8, 13, 20, 24], maxlen=250000), 1.5: deque([0], maxlen=250000), 1: deque([18, 32, 33], maxlen=250000)}"
534,"{-1: deque([3, 4, 6, 7, 8, 12, 13, 14, 15, 19, 20, 21, 24, 25, 26, 29, 30, 32], maxlen=250000), 1.5: deque([0], maxlen=250000), 1: deque([9, 10, 11, 22, 28, 31, 33], maxlen=250000)}","{-1: deque([1, 2, 5, 17, 23, 27], maxlen=250000), 1.5: deque([0], maxlen=250000), 1: deque([16, 18], maxlen=250000)}"
535,"{-1: deque([1, 4, 6, 8, 9, 10, 11, 12, 13, 14, 17, 18, 19, 23, 24, 25, 26, 29], maxlen=250000), 1.5: deque([0], maxlen=250000), 1: deque([2, 3, 7, 22, 30, 31, 33], maxlen=250000)}","{1: deque([5, 16], maxlen=250000), 1.5: deque([0], maxlen=250000), -1: deque([15, 20, 21, 27, 28, 32], maxlen=250000)}"
536,"{-1: deque([2, 4, 6, 7, 8, 9, 10, 13, 15, 16, 17, 19, 20, 23, 24, 25, 26, 29], maxlen=250000), 1.5: deque([0], maxlen=250000), 1: deque([5, 18, 21, 22, 28, 31, 33], maxlen=250000)}","{-1: deque([1, 11, 12, 14, 30, 32], maxlen=250000), 1.5: deque([0], maxlen=250000), 1: deque([3, 27], maxlen=250000)}"
537,"{-1: deque([1, 3, 6, 8, 10, 12, 14, 15, 16, 17, 20, 22, 23, 26, 27, 28, 31, 32], maxlen=250000), 1.5: deque([0], maxlen=250000), 1: deque([2, 9, 13, 18, 19, 30], maxlen=250000)}","{-1: deque([4, 7, 11, 21, 25, 29], maxlen=250000), 1.5: deque([0], maxlen=250000), 1: deque([5, 24, 33], maxlen=250000)}"
538,"{1: deque([1, 8, 9, 19, 22, 25, 33], maxlen=250000), 1.5: deque([0], maxlen=250000), -1: deque([4, 5, 6, 11, 12, 13, 15, 16, 17, 18, 20, 21, 26, 27, 28, 29, 30, 32], maxlen=250000)}","{-1: deque([2, 3, 7, 10, 14, 31], maxlen=250000), 1.5: deque([0], maxlen=250000), 1: deque([23, 24], maxlen=250000)}"
539,"{-1: deque([1, 2, 3, 4, 8, 10, 12, 15, 16, 17, 18, 21, 23, 26, 27, 28, 30, 32], maxlen=250000), 1.5: deque([0], maxlen=250000), 1: deque([11, 20, 22, 24, 25, 29, 33], maxlen=250000)}","{-1: deque([5, 7, 9, 13, 14, 19], maxlen=250000), 1.5: deque([0], maxlen=250000), 1: deque([6, 31], maxlen=250000)}"
540,"{-1: deque([1, 4, 5, 8, 10, 12, 13, 16, 17, 18, 21, 24, 26, 27, 28, 29, 31, 32], maxlen=250000), 1.5: deque([0], maxlen=250000), 1: deque([3, 7, 14, 15, 23, 25], maxlen=250000)}","{1: deque([2, 19, 33], maxlen=250000), 1.5: deque([0], maxlen=250000), -1: deque([6, 9, 11, 20, 22, 30], maxlen=250000)}"
541,"{-1: deque([1, 3, 7, 9, 12, 13, 14, 15, 16, 17, 18, 22, 23, 25, 26, 27, 29, 30], maxlen=250000), 1.5: deque([0], maxlen=250000), 1: deque([2, 5, 6, 8, 28, 31, 33], maxlen=250000)}","{-1: deque([4, 11, 20, 21, 24, 32], maxlen=250000), 1.5: deque([0], maxlen=250000), 1: deque([10, 19], maxlen=250000)}"
542,"{-1: deque([1, 3, 4, 5, 6, 7, 9, 10, 12, 14, 15, 16, 17, 21, 22, 23, 24, 29], maxlen=250000), 1.5: deque([0], maxlen=250000), 1: deque([11, 19, 20, 25, 30, 32, 33], maxlen=250000)}","{-1: deque([2, 8, 13, 18, 26, 27], maxlen=250000), 1.5: deque([0], maxlen=250000), 1: deque([28, 31], maxlen=250000)}"
543,"{-1: deque([2, 5, 6, 8, 9, 10, 11, 12, 13, 14, 16, 17, 21, 24, 25, 26, 31, 32], maxlen=250000), 1.5: deque([0], maxlen=250000), 1: deque([4, 18, 19, 27, 29, 30, 33], maxlen=250000)}","{-1: deque([1, 3, 7, 22, 23, 28], maxlen=250000), 1.5: deque([0], maxlen=250000), 1: deque([15, 20], maxlen=250000)}"
544,"{-1: deque([2, 4, 6, 7, 9, 15, 16, 17, 18, 21, 22, 23, 25, 26, 29, 30, 31, 32], maxlen=250000), 1.5: deque([0], maxlen=250000), 1: deque([3, 5, 10, 19, 24, 28], maxlen=250000)}","{-1: deque([1, 8, 11, 12, 13, 14], maxlen=250000), 1.5: deque([0], maxlen=250000), 1: deque([20, 27, 33], maxlen=250000)}"
545,"{1: deque([1, 2, 13, 21, 24, 26], maxlen=250000), 1.5: deque([0], maxlen=250000), -1: deque([3, 4, 8, 10, 12, 14, 15, 16, 17, 18, 19, 22, 23, 25, 28, 29, 31, 32], maxlen=250000)}","{1: deque([5, 7, 33], maxlen=250000), 1.5: deque([0], maxlen=250000), -1: deque([6, 9, 11, 20, 27, 30], maxlen=250000)}"
546,"{-1: deque([1, 3, 4, 6, 7, 8, 11, 14, 15, 16, 17, 19, 20, 23, 25, 28, 29, 31], maxlen=250000), 1.5: deque([0], maxlen=250000), 1: deque([2, 12, 13, 18, 21, 26, 33], maxlen=250000)}","{-1: deque([5, 9, 10, 27, 30, 32], maxlen=250000), 1.5: deque([0], maxlen=250000), 1: deque([22, 24], maxlen=250000)}"
547,"{-1: deque([1, 2, 3, 4, 6, 7, 8, 9, 10, 11, 14, 16, 19, 20, 24, 25, 28, 30], maxlen=250000), 1.5: deque([0], maxlen=250000), 1: deque([12, 13, 17, 18, 26, 32], maxlen=250000)}","{-1: deque([5, 21, 22, 23, 27, 31], maxlen=250000), 1.5: deque([0], maxlen=250000), 1: deque([15, 29, 33], maxlen=250000)}"
548,"{-1: deque([1, 2, 3, 4, 6, 9, 11, 12, 13, 15, 17, 18, 21, 24, 25, 26, 29, 32], maxlen=250000), 1.5: deque([0], maxlen=250000), 1: deque([14, 20, 23, 27, 30, 31, 33], maxlen=250000)}","{1: deque([5, 8], maxlen=250000), 1.5: deque([0], maxlen=250000), -1: deque([7, 10, 16, 19, 22, 28], maxlen=250000)}"
549,"{-1: deque([1, 4, 5, 6, 8, 9, 12, 14, 15, 16, 17, 21, 22, 24, 25, 28, 29, 30], maxlen=250000), 1.5: deque([0], maxlen=250000), 1: deque([7, 10, 11, 13, 18, 26, 33], maxlen=250000)}","{-1: deque([2, 3, 19, 20, 31, 32], maxlen=250000), 1.5: deque([0], maxlen=250000), 1: deque([23, 27], maxlen=250000)}"
550,"{-1: deque([1, 2, 3, 4, 6, 7, 9, 12, 13, 14, 15, 17, 18, 24, 25, 27, 28, 29], maxlen=250000), 1.5: deque([0], maxlen=250000), 1: deque([5, 11, 16, 19, 26, 31, 33], maxlen=250000)}","{-1: deque([8, 10, 21, 22, 23, 32], maxlen=250000), 1.5: deque([0], maxlen=250000), 1: deque([20, 30], maxlen=250000)}"
551,"{-1: deque([1, 4, 5, 6, 7, 9, 11, 12, 14, 15, 16, 22, 24, 27, 28, 30, 31, 32], maxlen=250000), 1.5: deque([0], maxlen=250000), 1: deque([8, 17, 21, 23, 25, 26], maxlen=250000)}","{1: deque([2, 19, 33], maxlen=250000), 1.5: deque([0], maxlen=250000), -1: deque([3, 10, 13, 18, 20, 29], maxlen=250000)}"
552,"{1: deque([1, 8, 9, 18, 20, 26], maxlen=250000), 1.5: deque([0], maxlen=250000), -1: deque([2, 5, 6, 10, 11, 12, 15, 16, 17, 22, 23, 24, 25, 27, 28, 29, 30, 32], maxlen=250000)}","{-1: deque([3, 7, 14, 19, 21, 31], maxlen=250000), 1.5: deque([0], maxlen=250000), 1: deque([4, 13, 33], maxlen=250000)}"
553,"{-1: deque([1, 2, 5, 6, 8, 10, 11, 12, 13, 14, 15, 17, 18, 22, 25, 27, 28, 29], maxlen=250000), 1.5: deque([0], maxlen=250000), 1: deque([4, 7, 19, 21, 24, 31, 33], maxlen=250000)}","{-1: deque([3, 16, 23, 26, 30, 32], maxlen=250000), 1.5: deque([0], maxlen=250000), 1: deque([9, 20], maxlen=250000)}"
554,"{-1: deque([1, 2, 5, 6, 7, 9, 11, 12, 13, 17, 19, 20, 24, 26, 27, 28, 30, 31], maxlen=250000), 1.5: deque([0], maxlen=250000), 1: deque([3, 14, 15, 18, 21, 25, 33], maxlen=250000)}","{-1: deque([4, 8, 10, 16, 23, 32], maxlen=250000), 1.5: deque([0], maxlen=250000), 1: deque([22, 29], maxlen=250000)}"
555,"{1: deque([2, 3, 11, 20, 23, 32, 33], maxlen=250000), 1.5: deque([0], maxlen=250000), -1: deque([5, 6, 7, 9, 12, 13, 14, 15, 16, 18, 22, 24, 25, 26, 27, 29, 30, 31], maxlen=250000)}","{-1: deque([1, 8, 10, 17, 21, 28], maxlen=250000), 1.5: deque([0], maxlen=250000), 1: deque([4, 19], maxlen=250000)}"
556,"{1: deque([2, 7, 10, 13, 14, 29, 33], maxlen=250000), 1.5: deque([0], maxlen=250000), -1: deque([3, 4, 6, 8, 9, 11, 15, 16, 17, 20, 21, 24, 25, 26, 27, 30, 31, 32], maxlen=250000)}","{-1: deque([1, 5, 18, 19, 22, 23], maxlen=250000), 1.5: deque([0], maxlen=250000), 1: deque([12, 28], maxlen=250000)}"
557,"{-1: deque([1, 2, 3, 4, 5, 8, 10, 11, 12, 19, 21, 23, 24, 26, 28, 29, 31, 32], maxlen=250000), 1.5: deque([0], maxlen=250000), 1: deque([16, 17, 18, 20, 22, 25], maxlen=250000)}","{-1: deque([6, 9, 13, 14, 15, 30], maxlen=250000), 1.5: deque([0], maxlen=250000), 1: deque([7, 27, 33], maxlen=250000)}"
558,"{-1: deque([1, 2, 3, 5, 6, 7, 10, 11, 12, 14, 15, 17, 18, 19, 25, 28, 29, 31], maxlen=250000), 1.5: deque([0], maxlen=250000), 1: deque([8, 20, 23, 26, 27, 32], maxlen=250000)}","{-1: deque([4, 9, 13, 16, 21, 24], maxlen=250000), 1.5: deque([0], maxlen=250000), 1: deque([22, 30, 33], maxlen=250000)}"
559,"{1: deque([2, 4, 10, 20, 28, 32], maxlen=250000), 1.5: deque([0], maxlen=250000), -1: deque([3, 5, 6, 7, 9, 11, 12, 13, 14, 17, 19, 21, 22, 23, 25, 27, 29, 30], maxlen=250000)}","{-1: deque([1, 8, 15, 16, 18, 24], maxlen=250000), 1.5: deque([0], maxlen=250000), 1: deque([26, 31, 33], maxlen=250000)}"
560,"{-1: deque([1, 2, 4, 6, 7, 8, 9, 10, 11, 14, 18, 19, 20, 22, 23, 26, 30, 31], maxlen=250000), 1.5: deque([0], maxlen=250000), 1: deque([5, 13, 16, 17, 25, 27, 33], maxlen=250000)}","{-1: deque([3, 12, 15, 24, 29, 32], maxlen=250000), 1.5: deque([0], maxlen=250000), 1: deque([21, 28], maxlen=250000)}"
561,"{-1: deque([1, 2, 3, 5, 9, 10, 11, 12, 13, 16, 17, 18, 19, 21, 24, 26, 31, 32], maxlen=250000), 1.5: deque([0], maxlen=250000), 1: deque([8, 14, 20, 23, 27, 29], maxlen=250000)}","{1: deque([4, 6, 33], maxlen=250000), 1.5: deque([0], maxlen=250000), -1: deque([7, 15, 22, 25, 28, 30], maxlen=250000)}"
562,"{-1: deque([1, 2, 3, 7, 9, 10, 11, 14, 17, 19, 20, 21, 22, 24, 25, 30, 31, 32], maxlen=250000), 1.5: deque([0], maxlen=250000), 1: deque([4, 12, 13, 15, 23, 26, 33], maxlen=250000)}","{1: deque([5, 8], maxlen=250000), 1.5: deque([0], maxlen=250000), -1: deque([6, 16, 18, 27, 28, 29], maxlen=250000)}"
563,"{-1: deque([1, 2, 3, 5, 6, 7, 9, 10, 12, 13, 14, 15, 17, 20, 23, 28, 29, 32], maxlen=250000), 1.5: deque([0], maxlen=250000), 1: deque([4, 8, 18, 19, 26, 27], maxlen=250000)}","{1: deque([11, 24, 33], maxlen=250000), 1.5: deque([0], maxlen=250000), -1: deque([16, 21, 22, 25, 30, 31], maxlen=250000)}"
564,"{-1: deque([1, 2, 3, 4, 7, 9, 10, 11, 12, 15, 16, 17, 22, 24, 25, 28, 29, 32], maxlen=250000), 1.5: deque([0], maxlen=250000), 1: deque([13, 14, 19, 21, 27, 31], maxlen=250000)}","{-1: deque([5, 6, 8, 18, 20, 23], maxlen=250000), 1.5: deque([0], maxlen=250000), 1: deque([26, 30, 33], maxlen=250000)}"
565,"{-1: deque([3, 4, 6, 7, 9, 13, 14, 15, 16, 18, 20, 23, 24, 25, 27, 28, 29, 30], maxlen=250000), 1.5: deque([0], maxlen=250000), 1: deque([8, 17, 21, 26, 31, 32], maxlen=250000)}","{1: deque([1, 11, 33], maxlen=250000), 1.5: deque([0], maxlen=250000), -1: deque([2, 5, 10, 12, 19, 22], maxlen=250000)}"
566,"{1: deque([1, 2, 21, 25, 29, 32, 33], maxlen=250000), 1.5: deque([0], maxlen=250000), -1: deque([4, 5, 6, 8, 10, 11, 12, 13, 14, 15, 19, 22, 23, 24, 26, 27, 30, 31], maxlen=250000)}","{-1: deque([3, 7, 16, 18, 20, 28], maxlen=250000), 1.5: deque([0], maxlen=250000), 1: deque([9, 17], maxlen=250000)}"
567,"{1: deque([1, 5, 11, 20, 24, 31], maxlen=250000), 1.5: deque([0], maxlen=250000), -1: deque([2, 3, 6, 8, 13, 14, 16, 17, 18, 19, 21, 22, 23, 25, 27, 28, 29, 32], maxlen=250000)}","{-1: deque([4, 7, 10, 12, 15, 26], maxlen=250000), 1.5: deque([0], maxlen=250000), 1: deque([9, 30, 33], maxlen=250000)}"
568,"{-1: deque([1, 3, 5, 7, 8, 9, 10, 12, 16, 17, 18, 19, 20, 21, 23, 28, 29, 32], maxlen=250000), 1.5: deque([0], maxlen=250000), 1: deque([2, 11, 14, 24, 27, 31], maxlen=250000)}","{-1: deque([4, 6, 13, 15, 25, 26], maxlen=250000), 1.5: deque([0], maxlen=250000), 1: deque([22, 30, 33], maxlen=250000)}"
569,"{-1: deque([1, 2, 6, 8, 10, 11, 12, 13, 14, 15, 17, 20, 25, 26, 27, 29, 30, 31], maxlen=250000), 1.5: deque([0], maxlen=250000), 1: deque([7, 9, 16, 23, 28, 32], maxlen=250000)}","{-1: deque([3, 4, 5, 21, 22, 24], maxlen=250000), 1.5: deque([0], maxlen=250000), 1: deque([18, 19, 33], maxlen=250000)}"
570,"{-1: deque([1, 2, 6, 9, 10, 12, 13, 15, 16, 17, 18, 19, 20, 22, 26, 27, 28, 30], maxlen=250000), 1.5: deque([0], maxlen=250000), 1: deque([3, 4, 7, 11, 31, 32], maxlen=250000)}","{-1: deque([5, 8, 14, 21, 25, 29], maxlen=250000), 1.5: deque([0], maxlen=250000), 1: deque([23, 24, 33], maxlen=250000)}"
571,"{1: deque([1, 5, 7, 8, 19, 32], maxlen=250000), 1.5: deque([0], maxlen=250000), -1: deque([4, 6, 10, 11, 12, 13, 15, 16, 17, 18, 20, 21, 23, 25, 26, 28, 29, 30], maxlen=250000)}","{-1: deque([2, 3, 9, 24, 27, 31], maxlen=250000), 1.5: deque([0], maxlen=250000), 1: deque([14, 22, 33], maxlen=250000)}"
572,"{1: deque([2, 10, 15, 19, 23, 27, 33], maxlen=250000), 1.5: deque([0], maxlen=250000), -1: deque([3, 4, 5, 6, 8, 11, 12, 13, 14, 16, 17, 20, 21, 24, 25, 28, 29, 32], maxlen=250000)}","{1: deque([1, 18], maxlen=250000), 1.5: deque([0], maxlen=250000), -1: deque([7, 9, 22, 26, 30, 31], maxlen=250000)}"
573,"{1: deque([2, 7, 16, 20, 22, 30], maxlen=250000), 1.5: deque([0], maxlen=250000), -1: deque([3, 5, 8, 10, 11, 12, 13, 14, 15, 18, 19, 23, 24, 27, 28, 29, 31, 32], maxlen=250000)}","{-1: deque([1, 4, 9, 21, 25, 26], maxlen=250000), 1.5: deque([0], maxlen=250000), 1: deque([6, 17, 33], maxlen=250000)}"
574,"{-1: deque([1, 4, 6, 7, 10, 12, 13, 15, 18, 19, 20, 21, 22, 23, 24, 29, 31, 32], maxlen=250000), 1.5: deque([0], maxlen=250000), 1: deque([5, 11, 14, 17, 27, 30, 33], maxlen=250000)}","{-1: deque([2, 3, 9, 16, 26, 28], maxlen=250000), 1.5: deque([0], maxlen=250000), 1: deque([8, 25], maxlen=250000)}"
575,"{-1: deque([1, 3, 4, 8, 9, 10, 11, 13, 18, 19, 23, 24, 25, 26, 28, 29, 30, 31], maxlen=250000), 1.5: deque([0], maxlen=250000), 1: deque([6, 15, 16, 17, 21, 27, 33], maxlen=250000)}","{-1: deque([2, 7, 12, 14, 22, 32], maxlen=250000), 1.5: deque([0], maxlen=250000), 1: deque([5, 20], maxlen=250000)}"
576,"{-1: deque([3, 4, 6, 9, 12, 13, 14, 15, 17, 19, 20, 21, 23, 25, 27, 28, 31, 32], maxlen=250000), 1.5: deque([0], maxlen=250000), 1: deque([5, 8, 10, 16, 22, 30], maxlen=250000)}","{1: deque([1, 18, 33], maxlen=250000), 1.5: deque([0], maxlen=250000), -1: deque([2, 7, 11, 24, 26, 29], maxlen=250000)}"
577,"{1: deque([2, 5, 9, 19, 20, 28], maxlen=250000), 1.5: deque([0], maxlen=250000), -1: deque([4, 6, 7, 8, 10, 12, 13, 14, 15, 21, 22, 23, 24, 26, 29, 30, 31, 32], maxlen=250000)}","{-1: deque([1, 3, 11, 16, 17, 27], maxlen=250000), 1.5: deque([0], maxlen=250000), 1: deque([18, 25, 33], maxlen=250000)}"
578,"{-1: deque([1, 5, 7, 9, 10, 12, 14, 16, 20, 22, 23, 24, 26, 27, 28, 30, 31, 32], maxlen=250000), 1.5: deque([0], maxlen=250000), 1: deque([3, 8, 18, 19, 21, 25], maxlen=250000)}","{-1: deque([2, 4, 6, 11, 13, 17], maxlen=250000), 1.5: deque([0], maxlen=250000), 1: deque([15, 29, 33], maxlen=250000)}"
579,"{-1: deque([1, 3, 4, 5, 6, 8, 9, 10, 16, 18, 20, 21, 22, 24, 26, 27, 29, 31], maxlen=250000), 1.5: deque([0], maxlen=250000), 1: deque([11, 13, 15, 17, 23, 25], maxlen=250000)}","{-1: deque([2, 7, 12, 14, 19, 32], maxlen=250000), 1.5: deque([0], maxlen=250000), 1: deque([28, 30, 33], maxlen=250000)}"
580,"{1: deque([1, 2, 6, 17, 19, 29], maxlen=250000), 1.5: deque([0], maxlen=250000), -1: deque([3, 4, 7, 8, 9, 10, 12, 13, 16, 18, 20, 22, 24, 25, 26, 27, 31, 32], maxlen=250000)}","{-1: deque([5, 11, 14, 23, 28, 30], maxlen=250000), 1.5: deque([0], maxlen=250000), 1: deque([15, 21, 33], maxlen=250000)}"
581,"{-1: deque([1, 2, 3, 4, 5, 6, 8, 10, 13, 14, 16, 18, 23, 24, 25, 28, 29, 31], maxlen=250000), 1.5: deque([0], maxlen=250000), 1: deque([7, 9, 12, 19, 21, 32], maxlen=250000)}","{-1: deque([11, 15, 17, 20, 27, 30], maxlen=250000), 1.5: deque([0], maxlen=250000), 1: deque([22, 26, 33], maxlen=250000)}"
582,"{-1: deque([2, 3, 4, 6, 7, 10, 11, 16, 17, 18, 20, 21, 23, 25, 27, 28, 30, 32], maxlen=250000), 1.5: deque([0], maxlen=250000), 1: deque([5, 12, 14, 15, 24, 26, 33], maxlen=250000)}","{-1: deque([1, 8, 9, 13, 19, 22], maxlen=250000), 1.5: deque([0], maxlen=250000), 1: deque([29, 31], maxlen=250000)}"
583,"{1: deque([2, 6, 10, 21, 27, 31], maxlen=250000), 1.5: deque([0], maxlen=250000), -1: deque([5, 8, 9, 11, 12, 13, 15, 16, 17, 18, 20, 22, 23, 24, 26, 28, 29, 32], maxlen=250000)}","{1: deque([1, 14, 33], maxlen=250000), 1.5: deque([0], maxlen=250000), -1: deque([3, 4, 7, 19, 25, 30], maxlen=250000)}"
584,"{1: deque([1, 3, 13, 16, 26, 30, 33], maxlen=250000), 1.5: deque([0], maxlen=250000), -1: deque([2, 4, 5, 6, 7, 9, 10, 14, 15, 17, 18, 19, 20, 21, 22, 25, 27, 31], maxlen=250000)}","{-1: deque([8, 12, 23, 28, 29, 32], maxlen=250000), 1.5: deque([0], maxlen=250000), 1: deque([11, 24], maxlen=250000)}"
585,"{-1: deque([1, 2, 5, 6, 7, 8, 9, 11, 13, 15, 19, 20, 24, 27, 28, 29, 30, 31], maxlen=250000), 1.5: deque([0], maxlen=250000), 1: deque([4, 16, 18, 23, 25, 32], maxlen=250000)}","{-1: deque([3, 12, 14, 17, 21, 22], maxlen=250000), 1.5: deque([0], maxlen=250000), 1: deque([10, 26, 33], maxlen=250000)}"
586,"{-1: deque([1, 2, 3, 5, 6, 8, 10, 12, 14, 16, 19, 20, 21, 24, 28, 29, 30, 31], maxlen=250000), 1.5: deque([0], maxlen=250000), 1: deque([7, 9, 11, 17, 18, 22, 33], maxlen=250000)}","{-1: deque([4, 13, 15, 25, 26, 27], maxlen=250000), 1.5: deque([0], maxlen=250000), 1: deque([23, 32], maxlen=250000)}"
587,"{1: deque([2, 4, 13, 21, 25, 29], maxlen=250000), 1.5: deque([0], maxlen=250000), -1: deque([5, 6, 7, 8, 11, 12, 15, 16, 17, 18, 20, 22, 23, 24, 26, 27, 28, 30], maxlen=250000)}","{1: deque([1, 32, 33], maxlen=250000), 1.5: deque([0], maxlen=250000), -1: deque([3, 9, 10, 14, 19, 31], maxlen=250000)}"
588,"{-1: deque([1, 2, 4, 7, 8, 10, 11, 13, 14, 16, 19, 20, 21, 22, 23, 26, 30, 32], maxlen=250000), 1.5: deque([0], maxlen=250000), 1: deque([5, 6, 9, 12, 25, 27], maxlen=250000)}","{-1: deque([3, 15, 17, 18, 24, 29], maxlen=250000), 1.5: deque([0], maxlen=250000), 1: deque([28, 31, 33], maxlen=250000)}"
589,"{-1: deque([1, 8, 10, 15, 16, 17, 18, 19, 22, 23, 24, 25, 26, 27, 28, 29, 30, 31], maxlen=250000), 1.5: deque([0], maxlen=250000), 1: deque([3, 4, 6, 14, 20, 32, 33], maxlen=250000)}","{1: deque([2, 5], maxlen=250000), 1.5: deque([0], maxlen=250000), -1: deque([7, 9, 11, 12, 13, 21], maxlen=250000)}"
590,"{1: deque([1, 2, 16, 21, 28, 30], maxlen=250000), 1.5: deque([0], maxlen=250000), -1: deque([3, 5, 8, 9, 10, 11, 12, 13, 15, 17, 18, 19, 20, 22, 24, 27, 29, 31], maxlen=250000)}","{-1: deque([4, 14, 23, 25, 26, 32], maxlen=250000), 1.5: deque([0], maxlen=250000), 1: deque([6, 7, 33], maxlen=250000)}"
591,"{1: deque([1, 3, 4, 19, 24, 30], maxlen=250000), 1.5: deque([0], maxlen=250000), -1: deque([5, 6, 7, 8, 9, 10, 15, 16, 18, 20, 22, 23, 25, 26, 27, 29, 31, 32], maxlen=250000)}","{-1: deque([2, 12, 13, 14, 17, 21], maxlen=250000), 1.5: deque([0], maxlen=250000), 1: deque([11, 28, 33], maxlen=250000)}"
592,"{-1: deque([1, 2, 6, 7, 9, 12, 15, 18, 19, 20, 23, 24, 25, 26, 27, 29, 30, 31], maxlen=250000), 1.5: deque([0], maxlen=250000), 1: deque([4, 8, 10, 16, 22, 32, 33], maxlen=250000)}","{1: deque([3, 5], maxlen=250000), 1.5: deque([0], maxlen=250000), -1: deque([11, 13, 14, 17, 21, 28], maxlen=250000)}"
593,"{1: deque([1, 5, 10, 18, 28, 31, 33], maxlen=250000), 1.5: deque([0], maxlen=250000), -1: deque([4, 7, 8, 9, 11, 13, 15, 16, 19, 20, 21, 22, 23, 24, 26, 29, 30, 32], maxlen=250000)}","{-1: deque([2, 3, 14, 17, 25, 27], maxlen=250000), 1.5: deque([0], maxlen=250000), 1: deque([6, 12], maxlen=250000)}"
594,"{-1: deque([1, 3, 6, 8, 13, 14, 15, 18, 20, 21, 22, 26, 27, 28, 29, 30, 31, 32], maxlen=250000), 1.5: deque([0], maxlen=250000), 1: deque([4, 7, 10, 11, 17, 19], maxlen=250000)}","{-1: deque([2, 5, 9, 12, 24, 25], maxlen=250000), 1.5: deque([0], maxlen=250000), 1: deque([16, 23, 33], maxlen=250000)}"
595,"{-1: deque([1, 2, 3, 6, 8, 9, 10, 11, 12, 13, 14, 15, 16, 17, 20, 23, 24, 31], maxlen=250000), 1.5: deque([0], maxlen=250000), 1: deque([4, 21, 22, 26, 28, 30, 33], maxlen=250000)}","{-1: deque([5, 18, 19, 25, 29, 32], maxlen=250000), 1.5: deque([0], maxlen=250000), 1: deque([7, 27], maxlen=250000)}"
596,"{1: deque([1, 6, 7, 11, 25, 31], maxlen=250000), 1.5: deque([0], maxlen=250000), -1: deque([2, 3, 4, 9, 10, 12, 13, 15, 17, 18, 22, 23, 24, 26, 28, 29, 30, 32], maxlen=250000)}","{-1: deque([5, 8, 16, 19, 21, 27], maxlen=250000), 1.5: deque([0], maxlen=250000), 1: deque([14, 20, 33], maxlen=250000)}"
597,"{-1: deque([1, 3, 4, 8, 10, 11, 16, 21, 22, 23, 24, 25, 26, 28, 29, 30, 31, 32], maxlen=250000), 1.5: deque([0], maxlen=250000), 1: deque([2, 7, 13, 17, 20, 27], maxlen=250000)}","{1: deque([5, 18, 33], maxlen=250000), 1.5: deque([0], maxlen=250000), -1: deque([6, 9, 12, 14, 15, 19], maxlen=250000)}"
598,"{-1: deque([1, 4, 5, 6, 9, 11, 13, 14, 15, 16, 18, 19, 20, 23, 24, 25, 27, 30], maxlen=250000), 1.5: deque([0], maxlen=250000), 1: deque([3, 10, 21, 22, 26, 31], maxlen=250000)}","{1: deque([2, 29, 33], maxlen=250000), 1.5: deque([0], maxlen=250000), -1: deque([7, 8, 12, 17, 28, 32], maxlen=250000)}"
599,"{-1: deque([1, 2, 3, 4, 5, 7, 8, 9, 10, 11, 12, 15, 16, 19, 21, 29, 30, 31], maxlen=250000), 1.5: deque([0], maxlen=250000), 1: deque([13, 18, 22, 23, 24, 27], maxlen=250000)}","{-1: deque([6, 14, 17, 20, 25, 28], maxlen=250000), 1.5: deque([0], maxlen=250000), 1: deque([26, 32, 33], maxlen=250000)}"
600,"{-1: deque([1, 4, 6, 7, 8, 10, 15, 16, 17, 18, 20, 22, 24, 25, 26, 27, 31, 32], maxlen=250000), 1.5: deque([0], maxlen=250000), 1: deque([9, 19, 21, 23, 29, 30], maxlen=250000)}","{1: deque([2, 28, 33], maxlen=250000), 1.5: deque([0], maxlen=250000), -1: deque([3, 5, 11, 12, 13, 14], maxlen=250000)}"
601,"{1: deque([1, 5, 9, 18, 28, 29, 33], maxlen=250000), 1.5: deque([0], maxlen=250000), -1: deque([3, 4, 8, 10, 12, 13, 14, 15, 17, 19, 21, 22, 23, 24, 27, 30, 31, 32], maxlen=250000)}","{-1: deque([2, 6, 7, 11, 16, 26], maxlen=250000), 1.5: deque([0], maxlen=250000), 1: deque([20, 25], maxlen=250000)}"
602,"{1: deque([1, 4, 16, 20, 21, 25], maxlen=250000), 1.5: deque([0], maxlen=250000), -1: deque([6, 7, 8, 9, 10, 11, 14, 17, 18, 22, 23, 24, 26, 27, 28, 30, 31, 32], maxlen=250000)}","{1: deque([2, 13, 33], maxlen=250000), 1.5: deque([0], maxlen=250000), -1: deque([3, 5, 12, 15, 19, 29], maxlen=250000)}"
603,"{-1: deque([1, 3, 5, 6, 7, 9, 14, 15, 18, 20, 21, 22, 25, 27, 28, 29, 30, 31], maxlen=250000), 1.5: deque([0], maxlen=250000), 1: deque([8, 17, 23, 24, 26, 32], maxlen=250000)}","{-1: deque([2, 4, 10, 11, 12, 13], maxlen=250000), 1.5: deque([0], maxlen=250000), 1: deque([16, 19, 33], maxlen=250000)}"
604,"{-1: deque([1, 2, 3, 4, 5, 8, 12, 14, 17, 18, 19, 21, 23, 27, 29, 30, 31, 32], maxlen=250000), 1.5: deque([0], maxlen=250000), 1: deque([6, 11, 20, 24, 25, 26], maxlen=250000)}","{-1: deque([7, 9, 10, 13, 15, 16], maxlen=250000), 1.5: deque([0], maxlen=250000), 1: deque([22, 28, 33], maxlen=250000)}"
605,"{1: deque([2, 3, 11, 18, 20, 30], maxlen=250000), 1.5: deque([0], maxlen=250000), -1: deque([4, 8, 9, 10, 12, 13, 15, 16, 17, 21, 23, 24, 25, 26, 27, 28, 29, 31], maxlen=250000)}","{-1: deque([1, 5, 7, 14, 22, 32], maxlen=250000), 1.5: deque([0], maxlen=250000), 1: deque([6, 19, 33], maxlen=250000)}"
606,"{-1: deque([2, 5, 6, 7, 9, 10, 11, 12, 13, 18, 19, 20, 22, 23, 24, 27, 28, 31], maxlen=250000), 1.5: deque([0], maxlen=250000), 1: deque([4, 15, 25, 29, 30, 32], maxlen=250000)}","{-1: deque([1, 3, 8, 17, 21, 26], maxlen=250000), 1.5: deque([0], maxlen=250000), 1: deque([14, 16, 33], maxlen=250000)}"
607,"{1: deque([2, 4, 20, 22, 24, 30], maxlen=250000), 1.5: deque([0], maxlen=250000), -1: deque([5, 7, 8, 10, 11, 12, 13, 14, 15, 16, 18, 19, 21, 25, 26, 27, 28, 32], maxlen=250000)}","{1: deque([1, 29, 33], maxlen=250000), 1.5: deque([0], maxlen=250000), -1: deque([3, 6, 9, 17, 23, 31], maxlen=250000)}"
608,"{1: deque([2, 6, 13, 20, 24, 25, 33], maxlen=250000), 1.5: deque([0], maxlen=250000), -1: deque([3, 5, 7, 8, 11, 12, 14, 16, 17, 18, 19, 21, 23, 26, 27, 28, 29, 31], maxlen=250000)}","{-1: deque([1, 9, 10, 15, 30, 32], maxlen=250000), 1.5: deque([0], maxlen=250000), 1: deque([4, 22], maxlen=250000)}"
609,"{-1: deque([1, 2, 3, 4, 6, 9, 10, 14, 16, 17, 18, 19, 21, 26, 27, 28, 29, 30], maxlen=250000), 1.5: deque([0], maxlen=250000), 1: deque([11, 12, 15, 22, 24, 25], maxlen=250000)}","{-1: deque([5, 7, 8, 13, 20, 23], maxlen=250000), 1.5: deque([0], maxlen=250000), 1: deque([31, 32, 33], maxlen=250000)}"
610,"{-1: deque([1, 2, 3, 4, 5, 6, 7, 8, 11, 12, 14, 15, 16, 19, 20, 21, 22, 28], maxlen=250000), 1.5: deque([0], maxlen=250000), 1: deque([9, 25, 27, 29, 30, 32, 33], maxlen=250000)}","{1: deque([10, 18], maxlen=250000), 1.5: deque([0], maxlen=250000), -1: deque([13, 17, 23, 24, 26, 31], maxlen=250000)}"
611,"{-1: deque([1, 2, 3, 4, 9, 10, 12, 13, 15, 16, 18, 19, 20, 23, 26, 28, 31, 32], maxlen=250000), 1.5: deque([0], maxlen=250000), 1: deque([5, 7, 11, 21, 29, 30, 33], maxlen=250000)}","{-1: deque([6, 8, 14, 17, 22, 25], maxlen=250000), 1.5: deque([0], maxlen=250000), 1: deque([24, 27], maxlen=250000)}"
612,"{-1: deque([1, 3, 5, 6, 8, 9, 12, 13, 15, 17, 18, 19, 22, 23, 24, 25, 31, 32], maxlen=250000), 1.5: deque([0], maxlen=250000), 1: deque([10, 11, 14, 20, 27, 30], maxlen=250000)}","{1: deque([2, 4, 33], maxlen=250000), 1.5: deque([0], maxlen=250000), -1: deque([7, 16, 21, 26, 28, 29], maxlen=250000)}"
613,"{-1: deque([2, 3, 4, 6, 7, 9, 10, 11, 13, 14, 17, 18, 21, 23, 24, 25, 26, 31], maxlen=250000), 1.5: deque([0], maxlen=250000), 1: deque([12, 16, 22, 28, 29, 32, 33], maxlen=250000)}","{1: deque([1, 27], maxlen=250000), 1.5: deque([0], maxlen=250000), -1: deque([5, 8, 15, 19, 20, 30], maxlen=250000)}"
614,"{-1: deque([2, 3, 4, 7, 8, 11, 14, 15, 16, 17, 19, 20, 21, 23, 26, 29, 30, 32], maxlen=250000), 1.5: deque([0], maxlen=250000), 1: deque([6, 10, 12, 13, 24, 31], maxlen=250000)}","{1: deque([1, 18, 33], maxlen=250000), 1.5: deque([0], maxlen=250000), -1: deque([5, 9, 22, 25, 27, 28], maxlen=250000)}"
615,"{-1: deque([1, 2, 3, 4, 9, 10, 11, 12, 13, 15, 18, 19, 22, 23, 24, 25, 27, 32], maxlen=250000), 1.5: deque([0], maxlen=250000), 1: deque([5, 6, 16, 17, 26, 31], maxlen=250000)}","{-1: deque([7, 8, 14, 20, 28, 30], maxlen=250000), 1.5: deque([0], maxlen=250000), 1: deque([21, 29, 33], maxlen=250000)}"
616,"{1: deque([1, 6, 8, 11, 12, 31, 33], maxlen=250000), 1.5: deque([0], maxlen=250000), -1: deque([2, 3, 4, 5, 7, 9, 15, 17, 18, 19, 20, 22, 23, 24, 25, 28, 30, 32], maxlen=250000)}","{1: deque([10, 27], maxlen=250000), 1.5: deque([0], maxlen=250000), -1: deque([13, 14, 16, 21, 26, 29], maxlen=250000)}"
617,"{1: deque([1, 6, 7, 9, 23, 27, 33], maxlen=250000), 1.5: deque([0], maxlen=250000), -1: deque([2, 5, 10, 12, 13, 15, 16, 17, 18, 19, 20, 21, 25, 26, 28, 29, 31, 32], maxlen=250000)}","{-1: deque([3, 4, 11, 14, 24, 30], maxlen=250000), 1.5: deque([0], maxlen=250000), 1: deque([8, 22], maxlen=250000)}"
618,"{-1: deque([1, 2, 3, 4, 7, 8, 9, 10, 13, 16, 18, 19, 21, 26, 27, 28, 29, 30], maxlen=250000), 1.5: deque([0], maxlen=250000), 1: deque([6, 11, 12, 14, 15, 32, 33], maxlen=250000)}","{-1: deque([5, 17, 20, 22, 24, 31], maxlen=250000), 1.5: deque([0], maxlen=250000), 1: deque([23, 25], maxlen=250000)}"
619,"{1: deque([1, 8, 13, 17, 18, 23], maxlen=250000), 1.5: deque([0], maxlen=250000), -1: deque([3, 4, 5, 7, 9, 11, 12, 14, 16, 20, 21, 22, 25, 26, 28, 29, 30, 31], maxlen=250000)}","{-1: deque([2, 6, 10, 15, 19, 32], maxlen=250000), 1.5: deque([0], maxlen=250000), 1: deque([24, 27, 33], maxlen=250000)}"
620,"{1: deque([1, 7, 9, 20, 23, 32, 33], maxlen=250000), 1.5: deque([0], maxlen=250000), -1: deque([2, 3, 4, 5, 6, 8, 12, 13, 14, 15, 16, 18, 25, 26, 27, 28, 30, 31], maxlen=250000)}","{-1: deque([10, 11, 17, 19, 22, 24], maxlen=250000), 1.5: deque([0], maxlen=250000), 1: deque([21, 29], maxlen=250000)}"
621,"{1: deque([1, 6, 13, 14, 16, 24, 33], maxlen=250000), 1.5: deque([0], maxlen=250000), -1: deque([2, 3, 4, 7, 8, 10, 11, 12, 15, 17, 18, 19, 20, 26, 28, 29, 31, 32], maxlen=250000)}","{-1: deque([5, 9, 21, 22, 23, 25], maxlen=250000), 1.5: deque([0], maxlen=250000), 1: deque([27, 30], maxlen=250000)}"
622,"{-1: deque([2, 3, 9, 11, 14, 15, 17, 18, 19, 20, 21, 22, 23, 24, 25, 26, 27, 29], maxlen=250000), 1.5: deque([0], maxlen=250000), 1: deque([5, 7, 8, 10, 16, 30], maxlen=250000)}","{-1: deque([1, 4, 6, 28, 31, 32], maxlen=250000), 1.5: deque([0], maxlen=250000), 1: deque([12, 13, 33], maxlen=250000)}"
623,"{1: deque([2, 7, 12, 17, 27, 31, 33], maxlen=250000), 1.5: deque([0], maxlen=250000), -1: deque([5, 8, 9, 10, 13, 14, 15, 19, 20, 21, 23, 24, 25, 26, 28, 29, 30, 32], maxlen=250000)}","{1: deque([1, 22], maxlen=250000), 1.5: deque([0], maxlen=250000), -1: deque([3, 4, 6, 11, 16, 18], maxlen=250000)}"
624,"{-1: deque([1, 4, 8, 10, 11, 12, 14, 19, 20, 21, 22, 24, 25, 27, 28, 29, 30, 31], maxlen=250000), 1.5: deque([0], maxlen=250000), 1: deque([6, 7, 16, 23, 26, 32, 33], maxlen=250000)}","{-1: deque([2, 5, 9, 13, 17, 18], maxlen=250000), 1.5: deque([0], maxlen=250000), 1: deque([3, 15], maxlen=250000)}"
625,"{-1: deque([1, 2, 4, 6, 7, 14, 15, 16, 20, 21, 22, 23, 24, 26, 28, 29, 30, 31], maxlen=250000), 1.5: deque([0], maxlen=250000), 1: deque([3, 9, 10, 11, 13, 32, 33], maxlen=250000)}","{-1: deque([5, 12, 17, 18, 19, 27], maxlen=250000), 1.5: deque([0], maxlen=250000), 1: deque([8, 25], maxlen=250000)}"
626,"{-1: deque([1, 2, 6, 7, 10, 11, 12, 13, 15, 16, 19, 20, 21, 22, 23, 26, 31, 32], maxlen=250000), 1.5: deque([0], maxlen=250000), 1: deque([4, 5, 8, 24, 27, 30, 33], maxlen=250000)}","{1: deque([3, 18], maxlen=250000), 1.5: deque([0], maxlen=250000), -1: deque([9, 14, 17, 25, 28, 29], maxlen=250000)}"
627,"{-1: deque([1, 6, 8, 10, 11, 14, 15, 16, 17, 18, 19, 20, 22, 24, 25, 27, 28, 32], maxlen=250000), 1.5: deque([0], maxlen=250000), 1: deque([2, 4, 13, 23, 26, 30, 33], maxlen=250000)}","{-1: deque([3, 7, 9, 12, 21, 29], maxlen=250000), 1.5: deque([0], maxlen=250000), 1: deque([5, 31], maxlen=250000)}"
628,"{-1: deque([1, 2, 3, 4, 5, 9, 11, 15, 16, 17, 18, 19, 21, 25, 26, 27, 30, 31], maxlen=250000), 1.5: deque([0], maxlen=250000), 1: deque([10, 22, 24, 28, 29, 32], maxlen=250000)}","{-1: deque([6, 7, 12, 13, 14, 23], maxlen=250000), 1.5: deque([0], maxlen=250000), 1: deque([8, 20, 33], maxlen=250000)}"
629,"{-1: deque([1, 3, 7, 8, 9, 14, 15, 18, 19, 20, 23, 24, 26, 27, 28, 29, 30, 31], maxlen=250000), 1.5: deque([0], maxlen=250000), 1: deque([5, 6, 11, 16, 22, 32, 33], maxlen=250000)}","{-1: deque([2, 4, 12, 13, 17, 21], maxlen=250000), 1.5: deque([0], maxlen=250000), 1: deque([10, 25], maxlen=250000)}"
630,"{-1: deque([1, 2, 3, 4, 6, 7, 8, 10, 13, 17, 18, 19, 20, 21, 23, 25, 27, 31], maxlen=250000), 1.5: deque([0], maxlen=250000), 1: deque([5, 9, 14, 16, 22, 24, 33], maxlen=250000)}","{-1: deque([11, 15, 26, 28, 29, 30], maxlen=250000), 1.5: deque([0], maxlen=250000), 1: deque([12, 32], maxlen=250000)}"
631,"{-1: deque([1, 5, 6, 9, 12, 13, 15, 17, 18, 21, 23, 24, 25, 28, 29, 30, 31, 32], maxlen=250000), 1.5: deque([0], maxlen=250000), 1: deque([4, 7, 11, 19, 20, 26, 33], maxlen=250000)}","{1: deque([2, 10], maxlen=250000), 1.5: deque([0], maxlen=250000), -1: deque([3, 8, 14, 16, 22, 27], maxlen=250000)}"
632,"{1: deque([1, 2, 4, 5, 8, 25], maxlen=250000), 1.5: deque([0], maxlen=250000), -1: deque([6, 7, 11, 13, 14, 15, 16, 18, 20, 21, 22, 23, 24, 26, 27, 28, 29, 31], maxlen=250000)}","{1: deque([3, 10, 33], maxlen=250000), 1.5: deque([0], maxlen=250000), -1: deque([9, 12, 17, 19, 30, 32], maxlen=250000)}"
633,"{-1: deque([2, 3, 4, 6, 7, 10, 11, 12, 14, 16, 18, 20, 23, 24, 25, 27, 30, 32], maxlen=250000), 1.5: deque([0], maxlen=250000), 1: deque([9, 13, 19, 21, 26, 28, 33], maxlen=250000)}","{1: deque([1, 22], maxlen=250000), 1.5: deque([0], maxlen=250000), -1: deque([5, 8, 15, 17, 29, 31], maxlen=250000)}"
634,"{-1: deque([1, 3, 4, 8, 11, 12, 13, 14, 16, 19, 20, 22, 24, 25, 26, 27, 30, 31], maxlen=250000), 1.5: deque([0], maxlen=250000), 1: deque([2, 15, 17, 18, 23, 32, 33], maxlen=250000)}","{-1: deque([5, 7, 10, 21, 28, 29], maxlen=250000), 1.5: deque([0], maxlen=250000), 1: deque([6, 9], maxlen=250000)}"
635,"{-1: deque([1, 2, 3, 5, 6, 9, 10, 11, 13, 15, 16, 17, 18, 19, 21, 22, 25, 31], maxlen=250000), 1.5: deque([0], maxlen=250000), 1: deque([7, 8, 20, 23, 24, 29], maxlen=250000)}","{-1: deque([4, 12, 14, 27, 28, 30], maxlen=250000), 1.5: deque([0], maxlen=250000), 1: deque([26, 32, 33], maxlen=250000)}"
636,"{-1: deque([1, 2, 3, 4, 5, 6, 8, 9, 10, 14, 16, 17, 18, 19, 26, 27, 30, 32], maxlen=250000), 1.5: deque([0], maxlen=250000), 1: deque([7, 11, 13, 25, 28, 29, 33], maxlen=250000)}","{-1: deque([12, 20, 21, 22, 24, 31], maxlen=250000), 1.5: deque([0], maxlen=250000), 1: deque([15, 23], maxlen=250000)}"
637,"{1: deque([1, 6, 15, 18, 21, 32], maxlen=250000), 1.5: deque([0], maxlen=250000), -1: deque([3, 4, 7, 8, 9, 11, 14, 16, 19, 22, 23, 24, 25, 27, 28, 29, 30, 31], maxlen=250000)}","{-1: deque([2, 5, 10, 12, 20, 26], maxlen=250000), 1.5: deque([0], maxlen=250000), 1: deque([13, 17, 33], maxlen=250000)}"
638,"{-1: deque([1, 3, 5, 6, 7, 8, 9, 10, 12, 13, 17, 23, 25, 26, 27, 28, 29, 32], maxlen=250000), 1.5: deque([0], maxlen=250000), 1: deque([4, 16, 20, 21, 24, 31, 33], maxlen=250000)}","{1: deque([2, 15], maxlen=250000), 1.5: deque([0], maxlen=250000), -1: deque([11, 14, 18, 19, 22, 30], maxlen=250000)}"
639,"{-1: deque([4, 6, 9, 11, 12, 13, 14, 15, 16, 19, 20, 21, 22, 24, 25, 27, 31, 32], maxlen=250000), 1.5: deque([0], maxlen=250000), 1: deque([5, 7, 17, 18, 28, 30, 33], maxlen=250000)}","{-1: deque([1, 2, 3, 8, 23, 29], maxlen=250000), 1.5: deque([0], maxlen=250000), 1: deque([10, 26], maxlen=250000)}"
640,"{-1: deque([2, 3, 5, 6, 8, 9, 10, 11, 13, 14, 16, 17, 20, 24, 25, 27, 28, 31], maxlen=250000), 1.5: deque([0], maxlen=250000), 1: deque([4, 15, 18, 21, 23, 30], maxlen=250000)}","{-1: deque([1, 7, 19, 26, 29, 32], maxlen=250000), 1.5: deque([0], maxlen=250000), 1: deque([12, 22, 33], maxlen=250000)}"
641,"{-1: deque([1, 4, 5, 7, 9, 11, 12, 13, 15, 16, 17, 20, 21, 22, 26, 27, 28, 30], maxlen=250000), 1.5: deque([0], maxlen=250000), 1: deque([3, 6, 18, 25, 29, 32, 33], maxlen=250000)}","{-1: deque([2, 8, 10, 19, 23, 24], maxlen=250000), 1.5: deque([0], maxlen=250000), 1: deque([14, 31], maxlen=250000)}"
642,"{1: deque([2, 10, 15, 18, 27, 31, 33], maxlen=250000), 1.5: deque([0], maxlen=250000), -1: deque([4, 5, 6, 7, 9, 11, 12, 13, 14, 16, 17, 19, 20, 21, 23, 25, 28, 30], maxlen=250000)}","{-1: deque([1, 3, 8, 22, 29, 32], maxlen=250000), 1.5: deque([0], maxlen=250000), 1: deque([24, 26], maxlen=250000)}"
643,"{-1: deque([3, 4, 5, 10, 13, 14, 16, 17, 18, 19, 20, 21, 23, 25, 26, 27, 31, 32], maxlen=250000), 1.5: deque([0], maxlen=250000), 1: deque([6, 7, 9, 24, 29, 30], maxlen=250000)}","{-1: deque([1, 2, 11, 12, 15, 28], maxlen=250000), 1.5: deque([0], maxlen=250000), 1: deque([8, 22, 33], maxlen=250000)}"
644,"{1: deque([2, 6, 8, 9, 12, 19], maxlen=250000), 1.5: deque([0], maxlen=250000), -1: deque([4, 5, 7, 13, 16, 17, 18, 20, 21, 23, 24, 25, 26, 27, 28, 29, 31, 32], maxlen=250000)}","{-1: deque([1, 3, 14, 15, 22, 30], maxlen=250000), 1.5: deque([0], maxlen=250000), 1: deque([10, 11, 33], maxlen=250000)}"
645,"{-1: deque([1, 2, 4, 5, 7, 8, 10, 11, 15, 17, 18, 22, 24, 25, 26, 27, 30, 31], maxlen=250000), 1.5: deque([0], maxlen=250000), 1: deque([6, 14, 21, 23, 28, 29], maxlen=250000)}","{1: deque([3, 20, 33], maxlen=250000), 1.5: deque([0], maxlen=250000), -1: deque([9, 12, 13, 16, 19, 32], maxlen=250000)}"
646,"{-1: deque([2, 4, 5, 6, 8, 9, 10, 12, 13, 14, 16, 18, 21, 23, 28, 29, 30, 31], maxlen=250000), 1.5: deque([0], maxlen=250000), 1: deque([7, 17, 19, 20, 27, 32], maxlen=250000)}","{1: deque([1, 15, 33], maxlen=250000), 1.5: deque([0], maxlen=250000), -1: deque([3, 11, 22, 24, 25, 26], maxlen=250000)}"
647,"{-1: deque([1, 3, 6, 7, 11, 12, 14, 17, 18, 19, 20, 21, 23, 24, 25, 28, 30, 32], maxlen=250000), 1.5: deque([0], maxlen=250000), 1: deque([2, 9, 15, 27, 29, 31, 33], maxlen=250000)}","{-1: deque([4, 5, 8, 10, 13, 22], maxlen=250000), 1.5: deque([0], maxlen=250000), 1: deque([16, 26], maxlen=250000)}"
648,"{1: deque([2, 8, 21, 23, 26, 31], maxlen=250000), 1.5: deque([0], maxlen=250000), -1: deque([3, 4, 5, 6, 7, 11, 12, 13, 14, 18, 19, 20, 22, 24, 25, 28, 29, 32], maxlen=250000)}","{-1: deque([1, 15, 16, 17, 27, 30], maxlen=250000), 1.5: deque([0], maxlen=250000), 1: deque([9, 10, 33], maxlen=250000)}"
649,"{1: deque([1, 6, 15, 21, 23, 24], maxlen=250000), 1.5: deque([0], maxlen=250000), -1: deque([2, 3, 4, 5, 7, 8, 10, 11, 13, 14, 17, 18, 19, 20, 22, 26, 29, 32], maxlen=250000)}","{-1: deque([9, 12, 16, 25, 27, 31], maxlen=250000), 1.5: deque([0], maxlen=250000), 1: deque([28, 30, 33], maxlen=250000)}"
650,"{-1: deque([1, 3, 5, 6, 7, 8, 9, 13, 14, 15, 17, 18, 21, 25, 27, 28, 30, 31], maxlen=250000), 1.5: deque([0], maxlen=250000), 1: deque([2, 11, 12, 16, 19, 23], maxlen=250000)}","{-1: deque([4, 10, 22, 24, 29, 32], maxlen=250000), 1.5: deque([0], maxlen=250000), 1: deque([20, 26, 33], maxlen=250000)}"
651,"{-1: deque([1, 2, 3, 4, 5, 6, 8, 11, 12, 15, 16, 20, 23, 24, 26, 28, 30, 32], maxlen=250000), 1.5: deque([0], maxlen=250000), 1: deque([14, 18, 21, 22, 27, 31], maxlen=250000)}","{-1: deque([7, 9, 17, 19, 25, 29], maxlen=250000), 1.5: deque([0], maxlen=250000), 1: deque([10, 13, 33], maxlen=250000)}"
652,"{-1: deque([1, 2, 3, 5, 6, 7, 8, 9, 10, 11, 14, 16, 20, 21, 26, 27, 28, 31], maxlen=250000), 1.5: deque([0], maxlen=250000), 1: deque([12, 18, 22, 25, 29, 30, 33], maxlen=250000)}","{-1: deque([4, 15, 17, 23, 24, 32], maxlen=250000), 1.5: deque([0], maxlen=250000), 1: deque([13, 19], maxlen=250000)}"
653,"{-1: deque([1, 4, 5, 9, 12, 14, 15, 16, 17, 18, 19, 20, 21, 26, 27, 30, 31, 32], maxlen=250000), 1.5: deque([0], maxlen=250000), 1: deque([2, 6, 8, 10, 13, 23], maxlen=250000)}","{1: deque([3, 22, 33], maxlen=250000), 1.5: deque([0], maxlen=250000), -1: deque([7, 11, 24, 25, 28, 29], maxlen=250000)}"
654,"{-1: deque([1, 2, 5, 7, 9, 10, 12, 15, 16, 17, 18, 21, 23, 24, 25, 28, 30, 32], maxlen=250000), 1.5: deque([0], maxlen=250000), 1: deque([3, 4, 11, 26, 27, 31, 33], maxlen=250000)}","{-1: deque([6, 8, 13, 14, 19, 22], maxlen=250000), 1.5: deque([0], maxlen=250000), 1: deque([20, 29], maxlen=250000)}"
655,"{-1: deque([1, 4, 6, 9, 10, 11, 12, 13, 16, 19, 20, 22, 23, 24, 25, 26, 28, 29], maxlen=250000), 1.5: deque([0], maxlen=250000), 1: deque([2, 7, 8, 27, 30, 31], maxlen=250000)}","{-1: deque([3, 14, 15, 17, 18, 21], maxlen=250000), 1.5: deque([0], maxlen=250000), 1: deque([5, 32, 33], maxlen=250000)}"
656,"{-1: deque([2, 6, 7, 9, 11, 12, 13, 16, 17, 18, 21, 22, 23, 25, 26, 27, 30, 32], maxlen=250000), 1.5: deque([0], maxlen=250000), 1: deque([4, 5, 8, 14, 19, 28], maxlen=250000)}","{-1: deque([1, 10, 15, 20, 24, 29], maxlen=250000), 1.5: deque([0], maxlen=250000), 1: deque([3, 31, 33], maxlen=250000)}"
657,"{-1: deque([1, 2, 6, 7, 8, 9, 10, 12, 13, 18, 20, 21, 22, 23, 29, 30, 31, 32], maxlen=250000), 1.5: deque([0], maxlen=250000), 1: deque([5, 14, 16, 19, 24, 27], maxlen=250000)}","{-1: deque([3, 15, 17, 25, 26, 28], maxlen=250000), 1.5: deque([0], maxlen=250000), 1: deque([4, 11, 33], maxlen=250000)}"
658,"{-1: deque([1, 4, 8, 9, 11, 13, 14, 15, 16, 20, 21, 22, 23, 24, 27, 29, 31, 32], maxlen=250000), 1.5: deque([0], maxlen=250000), 1: deque([2, 5, 6, 7, 12, 28, 33], maxlen=250000)}","{-1: deque([3, 17, 18, 25, 26, 30], maxlen=250000), 1.5: deque([0], maxlen=250000), 1: deque([10, 19], maxlen=250000)}"
659,"{1: deque([1, 12, 16, 18, 24, 27], maxlen=250000), 1.5: deque([0], maxlen=250000), -1: deque([2, 3, 4, 5, 7, 8, 9, 11, 13, 14, 17, 19, 22, 25, 28, 29, 30, 32], maxlen=250000)}","{-1: deque([6, 15, 20, 21, 23, 31], maxlen=250000), 1.5: deque([0], maxlen=250000), 1: deque([10, 26, 33], maxlen=250000)}"
660,"{-1: deque([1, 2, 4, 5, 7, 8, 9, 11, 14, 15, 16, 18, 19, 21, 24, 25, 31, 32], maxlen=250000), 1.5: deque([0], maxlen=250000), 1: deque([13, 17, 26, 27, 29, 30], maxlen=250000)}","{1: deque([3, 22, 33], maxlen=250000), 1.5: deque([0], maxlen=250000), -1: deque([6, 10, 12, 20, 23, 28], maxlen=250000)}"
661,"{-1: deque([1, 2, 5, 7, 8, 13, 14, 19, 20, 23, 24, 26, 27, 28, 29, 30, 31, 32], maxlen=250000), 1.5: deque([0], maxlen=250000), 1: deque([3, 4, 10, 11, 16, 25], maxlen=250000)}","{-1: deque([6, 9, 12, 17, 18, 21], maxlen=250000), 1.5: deque([0], maxlen=250000), 1: deque([15, 22, 33], maxlen=250000)}"
662,"{-1: deque([2, 3, 4, 5, 10, 13, 14, 17, 19, 21, 22, 23, 24, 25, 27, 28, 29, 30], maxlen=250000), 1.5: deque([0], maxlen=250000), 1: deque([9, 12, 16, 20, 31, 32, 33], maxlen=250000)}","{-1: deque([1, 6, 7, 8, 11, 15], maxlen=250000), 1.5: deque([0], maxlen=250000), 1: deque([18, 26], maxlen=250000)}"
663,"{-1: deque([1, 2, 3, 4, 6, 12, 13, 14, 16, 18, 19, 20, 21, 24, 26, 28, 29, 30], maxlen=250000), 1.5: deque([0], maxlen=250000), 1: deque([7, 9, 11, 22, 31, 32], maxlen=250000)}","{-1: deque([5, 8, 10, 17, 25, 27], maxlen=250000), 1.5: deque([0], maxlen=250000), 1: deque([15, 23, 33], maxlen=250000)}"
664,"{1: deque([1, 18, 22, 23, 28, 32], maxlen=250000), 1.5: deque([0], maxlen=250000), -1: deque([2, 4, 5, 8, 9, 10, 11, 13, 15, 16, 19, 21, 25, 26, 27, 29, 30, 31], maxlen=250000)}","{-1: deque([3, 6, 7, 14, 20, 24], maxlen=250000), 1.5: deque([0], maxlen=250000), 1: deque([12, 17, 33], maxlen=250000)}"
665,"{-1: deque([1, 3, 5, 6, 9, 10, 11, 14, 16, 18, 19, 20, 22, 23, 24, 26, 27, 31], maxlen=250000), 1.5: deque([0], maxlen=250000), 1: deque([2, 4, 7, 12, 25, 28, 33], maxlen=250000)}","{-1: deque([8, 13, 17, 21, 29, 32], maxlen=250000), 1.5: deque([0], maxlen=250000), 1: deque([15, 30], maxlen=250000)}"
666,"{-1: deque([1, 4, 5, 6, 7, 9, 10, 12, 13, 19, 21, 22, 23, 27, 28, 30, 31, 32], maxlen=250000), 1.5: deque([0], maxlen=250000), 1: deque([2, 11, 15, 20, 26, 29, 33], maxlen=250000)}","{-1: deque([3, 8, 14, 16, 24, 25], maxlen=250000), 1.5: deque([0], maxlen=250000), 1: deque([17, 18], maxlen=250000)}"
667,"{-1: deque([1, 2, 3, 5, 8, 9, 10, 11, 14, 16, 19, 21, 23, 24, 25, 28, 29, 32], maxlen=250000), 1.5: deque([0], maxlen=250000), 1: deque([6, 12, 15, 22, 30, 31, 33], maxlen=250000)}","{-1: deque([4, 7, 17, 18, 20, 27], maxlen=250000), 1.5: deque([0], maxlen=250000), 1: deque([13, 26], maxlen=250000)}"
668,"{-1: deque([1, 3, 4, 6, 7, 9, 10, 11, 12, 15, 17, 23, 24, 25, 26, 28, 30, 32], maxlen=250000), 1.5: deque([0], maxlen=250000), 1: deque([8, 16, 19, 21, 22, 29], maxlen=250000)}","{-1: deque([2, 5, 13, 14, 18, 20], maxlen=250000), 1.5: deque([0], maxlen=250000), 1: deque([27, 31, 33], maxlen=250000)}"
669,"{-1: deque([2, 4, 10, 11, 12, 13, 14, 15, 19, 20, 21, 22, 23, 25, 27, 28, 31, 32], maxlen=250000), 1.5: deque([0], maxlen=250000), 1: deque([3, 9, 16, 18, 26, 30, 33], maxlen=250000)}","{-1: deque([1, 6, 7, 17, 24, 29], maxlen=250000), 1.5: deque([0], maxlen=250000), 1: deque([5, 8], maxlen=250000)}"
670,"{-1: deque([1, 2, 3, 4, 6, 7, 9, 10, 14, 20, 21, 22, 24, 25, 26, 28, 29, 30], maxlen=250000), 1.5: deque([0], maxlen=250000), 1: deque([5, 16, 17, 23, 27, 31, 33], maxlen=250000)}","{1: deque([8, 32], maxlen=250000), 1.5: deque([0], maxlen=250000), -1: deque([11, 12, 13, 15, 18, 19], maxlen=250000)}"
671,"{-1: deque([1, 2, 5, 6, 8, 9, 10, 13, 15, 18, 19, 20, 21, 22, 26, 27, 28, 29], maxlen=250000), 1.5: deque([0], maxlen=250000), 1: deque([3, 7, 14, 16, 17, 25], maxlen=250000)}","{1: deque([4, 32, 33], maxlen=250000), 1.5: deque([0], maxlen=250000), -1: deque([11, 12, 23, 24, 30, 31], maxlen=250000)}"
672,"{-1: deque([1, 2, 3, 6, 7, 8, 9, 12, 15, 16, 17, 19, 20, 22, 24, 25, 28, 32], maxlen=250000), 1.5: deque([0], maxlen=250000), 1: deque([11, 13, 14, 21, 26, 29], maxlen=250000)}","{-1: deque([4, 10, 18, 27, 30, 31], maxlen=250000), 1.5: deque([0], maxlen=250000), 1: deque([5, 23, 33], maxlen=250000)}"
673,"{-1: deque([1, 5, 6, 7, 9, 10, 11, 12, 13, 16, 20, 21, 22, 25, 26, 29, 30, 31], maxlen=250000), 1.5: deque([0], maxlen=250000), 1: deque([2, 3, 4, 14, 27, 28, 33], maxlen=250000)}","{-1: deque([8, 15, 18, 19, 23, 24], maxlen=250000), 1.5: deque([0], maxlen=250000), 1: deque([17, 32], maxlen=250000)}"
674,"{1: deque([1, 4, 11, 14, 17, 18], maxlen=250000), 1.5: deque([0], maxlen=250000), -1: deque([3, 6, 7, 8, 9, 12, 13, 15, 21, 22, 23, 24, 25, 26, 27, 28, 29, 31], maxlen=250000)}","{-1: deque([2, 5, 10, 19, 20, 32], maxlen=250000), 1.5: deque([0], maxlen=250000), 1: deque([16, 30, 33], maxlen=250000)}"
675,"{-1: deque([1, 2, 6, 7, 8, 9, 13, 17, 18, 20, 21, 23, 25, 26, 27, 29, 30, 31], maxlen=250000), 1.5: deque([0], maxlen=250000), 1: deque([4, 12, 15, 22, 28, 32], maxlen=250000)}","{-1: deque([3, 5, 11, 16, 19, 24], maxlen=250000), 1.5: deque([0], maxlen=250000), 1: deque([10, 14, 33], maxlen=250000)}"
676,"{-1: deque([2, 3, 6, 7, 8, 9, 15, 18, 19, 20, 21, 22, 23, 24, 25, 27, 28, 29], maxlen=250000), 1.5: deque([0], maxlen=250000), 1: deque([11, 13, 17, 26, 30, 32, 33], maxlen=250000)}","{-1: deque([1, 4, 10, 14, 16, 31], maxlen=250000), 1.5: deque([0], maxlen=250000), 1: deque([5, 12], maxlen=250000)}"
677,"{1: deque([2, 6, 13, 25, 30, 31, 33], maxlen=250000), 1.5: deque([0], maxlen=250000), -1: deque([3, 4, 5, 7, 8, 9, 10, 11, 12, 15, 16, 17, 20, 23, 24, 26, 29, 32], maxlen=250000)}","{-1: deque([1, 14, 18, 19, 21, 22], maxlen=250000), 1.5: deque([0], maxlen=250000), 1: deque([27, 28], maxlen=250000)}"
678,"{1: deque([2, 7, 8, 15, 20, 29, 33], maxlen=250000), 1.5: deque([0], maxlen=250000), -1: deque([3, 5, 6, 9, 11, 12, 13, 14, 17, 18, 19, 21, 24, 25, 28, 30, 31, 32], maxlen=250000)}","{-1: deque([1, 4, 16, 23, 26, 27], maxlen=250000), 1.5: deque([0], maxlen=250000), 1: deque([10, 22], maxlen=250000)}"
679,"{-1: deque([2, 3, 4, 5, 6, 7, 8, 12, 13, 14, 16, 17, 21, 24, 25, 27, 28, 29], maxlen=250000), 1.5: deque([0], maxlen=250000), 1: deque([9, 10, 15, 20, 30, 31], maxlen=250000)}","{1: deque([1, 23, 33], maxlen=250000), 1.5: deque([0], maxlen=250000), -1: deque([11, 18, 19, 22, 26, 32], maxlen=250000)}"
680,"{-1: deque([2, 4, 5, 9, 11, 12, 15, 16, 17, 18, 19, 21, 22, 26, 28, 29, 31, 32], maxlen=250000), 1.5: deque([0], maxlen=250000), 1: deque([3, 6, 13, 20, 23, 25, 33], maxlen=250000)}","{-1: deque([1, 7, 8, 14, 27, 30], maxlen=250000), 1.5: deque([0], maxlen=250000), 1: deque([10, 24], maxlen=250000)}"
681,"{-1: deque([1, 3, 5, 6, 7, 8, 9, 10, 11, 16, 17, 18, 23, 24, 26, 30, 31, 32], maxlen=250000), 1.5: deque([0], maxlen=250000), 1: deque([14, 15, 19, 22, 27, 28, 33], maxlen=250000)}","{-1: deque([2, 4, 13, 20, 25, 29], maxlen=250000), 1.5: deque([0], maxlen=250000), 1: deque([12, 21], maxlen=250000)}"
682,"{-1: deque([3, 4, 5, 8, 9, 10, 11, 12, 13, 14, 15, 18, 25, 28, 29, 30, 31, 32], maxlen=250000), 1.5: deque([0], maxlen=250000), 1: deque([6, 17, 20, 23, 26, 27, 33], maxlen=250000)}","{-1: deque([1, 7, 16, 19, 21, 24], maxlen=250000), 1.5: deque([0], maxlen=250000), 1: deque([2, 22], maxlen=250000)}"
683,"{-1: deque([1, 3, 7, 9, 10, 14, 15, 17, 18, 20, 21, 23, 26, 27, 28, 29, 30, 31], maxlen=250000), 1.5: deque([0], maxlen=250000), 1: deque([2, 4, 16, 19, 24, 25], maxlen=250000)}","{-1: deque([5, 6, 8, 12, 22, 32], maxlen=250000), 1.5: deque([0], maxlen=250000), 1: deque([11, 13, 33], maxlen=250000)}"
684,"{-1: deque([1, 6, 7, 8, 9, 12, 14, 15, 16, 18, 19, 20, 23, 25, 27, 28, 29, 32], maxlen=250000), 1.5: deque([0], maxlen=250000), 1: deque([4, 5, 17, 22, 30, 31], maxlen=250000)}","{-1: deque([2, 10, 13, 21, 24, 26], maxlen=250000), 1.5: deque([0], maxlen=250000), 1: deque([3, 11, 33], maxlen=250000)}"
685,"{-1: deque([1, 2, 3, 4, 6, 7, 8, 11, 13, 15, 16, 18, 21, 24, 26, 27, 28, 32], maxlen=250000), 1.5: deque([0], maxlen=250000), 1: deque([5, 14, 19, 29, 30, 31], maxlen=250000)}","{-1: deque([9, 10, 12, 17, 20, 23], maxlen=250000), 1.5: deque([0], maxlen=250000), 1: deque([22, 25, 33], maxlen=250000)}"
686,"{-1: deque([1, 4, 5, 7, 11, 13, 16, 17, 19, 21, 23, 24, 25, 26, 28, 30, 31, 32], maxlen=250000), 1.5: deque([0], maxlen=250000), 1: deque([3, 12, 14, 15, 18, 20, 33], maxlen=250000)}","{-1: deque([2, 6, 10, 22, 27, 29], maxlen=250000), 1.5: deque([0], maxlen=250000), 1: deque([8, 9], maxlen=250000)}"
687,"{-1: deque([1, 2, 3, 7, 8, 10, 12, 13, 14, 15, 16, 22, 24, 26, 27, 29, 30, 31], maxlen=250000), 1.5: deque([0], maxlen=250000), 1: deque([4, 6, 9, 11, 18, 21, 33], maxlen=250000)}","{-1: deque([5, 19, 20, 23, 25, 32], maxlen=250000), 1.5: deque([0], maxlen=250000), 1: deque([17, 28], maxlen=250000)}"
688,"{-1: deque([2, 4, 8, 9, 10, 11, 12, 15, 16, 18, 20, 21, 22, 25, 28, 30, 31, 32], maxlen=250000), 1.5: deque([0], maxlen=250000), 1: deque([5, 19, 23, 24, 26, 27, 33], maxlen=250000)}","{-1: deque([1, 3, 6, 14, 17, 29], maxlen=250000), 1.5: deque([0], maxlen=250000), 1: deque([7, 13], maxlen=250000)}"
689,"{-1: deque([1, 3, 4, 5, 6, 8, 9, 12, 17, 18, 20, 21, 22, 23, 25, 26, 28, 29], maxlen=250000), 1.5: deque([0], maxlen=250000), 1: deque([7, 10, 11, 14, 16, 27], maxlen=250000)}","{-1: deque([2, 13, 19, 24, 30, 31], maxlen=250000), 1.5: deque([0], maxlen=250000), 1: deque([15, 32, 33], maxlen=250000)}"
690,"{-1: deque([1, 2, 3, 7, 9, 10, 11, 15, 16, 18, 19, 20, 21, 23, 24, 25, 27, 28], maxlen=250000), 1.5: deque([0], maxlen=250000), 1: deque([5, 6, 12, 17, 26, 30], maxlen=250000)}","{-1: deque([4, 13, 14, 22, 31, 32], maxlen=250000), 1.5: deque([0], maxlen=250000), 1: deque([8, 29, 33], maxlen=250000)}"
691,"{-1: deque([3, 4, 6, 7, 8, 9, 14, 18, 20, 22, 24, 25, 26, 27, 29, 30, 31, 32], maxlen=250000), 1.5: deque([0], maxlen=250000), 1: deque([5, 10, 12, 16, 17, 19, 33], maxlen=250000)}","{-1: deque([1, 2, 11, 21, 23, 28], maxlen=250000), 1.5: deque([0], maxlen=250000), 1: deque([13, 15], maxlen=250000)}"
692,"{1: deque([1, 7, 11, 16, 31, 32], maxlen=250000), 1.5: deque([0], maxlen=250000), -1: deque([2, 3, 4, 5, 6, 9, 13, 15, 18, 19, 20, 22, 24, 25, 26, 27, 28, 30], maxlen=250000)}","{-1: deque([8, 10, 14, 21, 23, 29], maxlen=250000), 1.5: deque([0], maxlen=250000), 1: deque([12, 17, 33], maxlen=250000)}"
693,"{-1: deque([2, 4, 5, 6, 9, 11, 13, 14, 15, 17, 21, 22, 23, 24, 25, 28, 29, 30], maxlen=250000), 1.5: deque([0], maxlen=250000), 1: deque([3, 12, 16, 19, 20, 32, 33], maxlen=250000)}","{-1: deque([1, 7, 10, 18, 27, 31], maxlen=250000), 1.5: deque([0], maxlen=250000), 1: deque([8, 26], maxlen=250000)}"
694,"{-1: deque([1, 3, 5, 8, 12, 14, 16, 17, 18, 19, 20, 22, 24, 25, 26, 27, 28, 32], maxlen=250000), 1.5: deque([0], maxlen=250000), 1: deque([2, 7, 10, 11, 30, 31, 33], maxlen=250000)}","{-1: deque([4, 6, 13, 21, 23, 29], maxlen=250000), 1.5: deque([0], maxlen=250000), 1: deque([9, 15], maxlen=250000)}"
695,"{-1: deque([1, 4, 6, 8, 9, 10, 12, 13, 15, 16, 18, 20, 22, 25, 26, 28, 30, 31], maxlen=250000), 1.5: deque([0], maxlen=250000), 1: deque([3, 5, 14, 23, 24, 27, 33], maxlen=250000)}","{1: deque([2, 7], maxlen=250000), 1.5: deque([0], maxlen=250000), -1: deque([11, 17, 19, 21, 29, 32], maxlen=250000)}"
696,"{1: deque([1, 2, 5, 6, 10, 23], maxlen=250000), 1.5: deque([0], maxlen=250000), -1: deque([4, 7, 9, 12, 13, 15, 16, 17, 19, 22, 24, 25, 27, 28, 29, 30, 31, 32], maxlen=250000)}","{-1: deque([3, 8, 11, 18, 21, 26], maxlen=250000), 1.5: deque([0], maxlen=250000), 1: deque([14, 20, 33], maxlen=250000)}"
697,"{-1: deque([3, 6, 7, 8, 11, 12, 13, 14, 15, 18, 21, 22, 23, 24, 26, 30, 31, 32], maxlen=250000), 1.5: deque([0], maxlen=250000), 1: deque([5, 9, 16, 17, 19, 28], maxlen=250000)}","{-1: deque([1, 2, 4, 10, 27, 29], maxlen=250000), 1.5: deque([0], maxlen=250000), 1: deque([20, 25, 33], maxlen=250000)}"
698,"{-1: deque([1, 2, 3, 4, 6, 8, 9, 10, 12, 16, 17, 19, 20, 22, 25, 26, 28, 32], maxlen=250000), 1.5: deque([0], maxlen=250000), 1: deque([5, 7, 13, 21, 27, 29], maxlen=250000)}","{-1: deque([11, 18, 23, 24, 30, 31], maxlen=250000), 1.5: deque([0], maxlen=250000), 1: deque([14, 15, 33], maxlen=250000)}"
699,"{-1: deque([1, 4, 7, 8, 9, 11, 12, 13, 14, 15, 19, 21, 24, 26, 27, 28, 29, 31], maxlen=250000), 1.5: deque([0], maxlen=250000), 1: deque([2, 3, 5, 20, 23, 32, 33], maxlen=250000)}","{-1: deque([6, 17, 18, 22, 25, 30], maxlen=250000), 1.5: deque([0], maxlen=250000), 1: deque([10, 16], maxlen=250000)}"
700,"{1: deque([1, 2, 7, 9, 18, 19], maxlen=250000), 1.5: deque([0], maxlen=250000), -1: deque([3, 5, 6, 8, 11, 12, 13, 14, 16, 17, 21, 22, 23, 24, 26, 27, 28, 32], maxlen=250000)}","{-1: deque([4, 10, 15, 25, 29, 30], maxlen=250000), 1.5: deque([0], maxlen=250000), 1: deque([20, 31, 33], maxlen=250000)}"
701,"{-1: deque([1, 3, 5, 6, 7, 9, 10, 11, 14, 15, 16, 17, 18, 19, 20, 25, 29, 32], maxlen=250000), 1.5: deque([0], maxlen=250000), 1: deque([2, 4, 13, 22, 23, 31], maxlen=250000)}","{1: deque([8, 12, 33], maxlen=250000), 1.5: deque([0], maxlen=250000), -1: deque([21, 24, 26, 27, 28, 30], maxlen=250000)}"
702,"{1: deque([1, 4, 21, 26, 29, 30], maxlen=250000), 1.5: deque([0], maxlen=250000), -1: deque([5, 6, 7, 10, 11, 12, 13, 14, 15, 16, 17, 18, 19, 22, 24, 25, 28, 32], maxlen=250000)}","{-1: deque([2, 3, 8, 23, 27, 31], maxlen=250000), 1.5: deque([0], maxlen=250000), 1: deque([9, 20, 33], maxlen=250000)}"
703,"{1: deque([1, 7, 13, 17, 19, 21], maxlen=250000), 1.5: deque([0], maxlen=250000), -1: deque([2, 5, 6, 8, 9, 12, 14, 15, 16, 20, 24, 25, 26, 28, 29, 30, 31, 32], maxlen=250000)}","{-1: deque([3, 4, 10, 11, 18, 27], maxlen=250000), 1.5: deque([0], maxlen=250000), 1: deque([22, 23, 33], maxlen=250000)}"
704,"{-1: deque([1, 3, 4, 5, 7, 9, 11, 17, 18, 19, 20, 23, 24, 25, 27, 28, 31, 32], maxlen=250000), 1.5: deque([0], maxlen=250000), 1: deque([13, 14, 15, 16, 21, 29, 33], maxlen=250000)}","{-1: deque([2, 8, 10, 12, 22, 30], maxlen=250000), 1.5: deque([0], maxlen=250000), 1: deque([6, 26], maxlen=250000)}"
705,"{1: deque([2, 5, 13, 23, 25, 27, 33], maxlen=250000), 1.5: deque([0], maxlen=250000), -1: deque([6, 7, 8, 9, 10, 12, 15, 17, 18, 19, 20, 21, 26, 28, 29, 30, 31, 32], maxlen=250000)}","{1: deque([1, 14], maxlen=250000), 1.5: deque([0], maxlen=250000), -1: deque([3, 4, 11, 16, 22, 24], maxlen=250000)}"
706,"{1: deque([1, 7, 16, 21, 23, 27], maxlen=250000), 1.5: deque([0], maxlen=250000), -1: deque([2, 3, 4, 5, 6, 9, 10, 12, 13, 14, 20, 22, 24, 25, 28, 29, 30, 32], maxlen=250000)}","{-1: deque([8, 11, 15, 17, 18, 31], maxlen=250000), 1.5: deque([0], maxlen=250000), 1: deque([19, 26, 33], maxlen=250000)}"
707,"{-1: deque([2, 5, 6, 7, 8, 10, 11, 12, 15, 19, 20, 21, 22, 23, 26, 27, 30, 31], maxlen=250000), 1.5: deque([0], maxlen=250000), 1: deque([3, 13, 14, 28, 29, 32, 33], maxlen=250000)}","{-1: deque([1, 16, 17, 18, 24, 25], maxlen=250000), 1.5: deque([0], maxlen=250000), 1: deque([4, 9], maxlen=250000)}"
708,"{-1: deque([1, 3, 6, 7, 9, 12, 13, 14, 17, 19, 21, 22, 24, 25, 26, 28, 29, 30], maxlen=250000), 1.5: deque([0], maxlen=250000), 1: deque([5, 11, 16, 18, 23, 32, 33], maxlen=250000)}","{-1: deque([2, 4, 10, 20, 27, 31], maxlen=250000), 1.5: deque([0], maxlen=250000), 1: deque([8, 15], maxlen=250000)}"
709,"{-1: deque([1, 2, 6, 10, 11, 13, 15, 16, 17, 18, 19, 20, 23, 24, 25, 28, 31, 32], maxlen=250000), 1.5: deque([0], maxlen=250000), 1: deque([7, 9, 26, 27, 29, 30, 33], maxlen=250000)}","{-1: deque([3, 5, 8, 12, 14, 22], maxlen=250000), 1.5: deque([0], maxlen=250000), 1: deque([4, 21], maxlen=250000)}"
710,"{1: deque([2, 7, 9, 13, 22, 32], maxlen=250000), 1.5: deque([0], maxlen=250000), -1: deque([3, 4, 5, 6, 8, 10, 15, 17, 19, 20, 21, 23, 25, 26, 27, 29, 30, 31], maxlen=250000)}","{-1: deque([1, 11, 12, 14, 18, 28], maxlen=250000), 1.5: deque([0], maxlen=250000), 1: deque([16, 24, 33], maxlen=250000)}"
711,"{1: deque([2, 8, 11, 26, 29, 30, 33], maxlen=250000), 1.5: deque([0], maxlen=250000), -1: deque([4, 5, 6, 7, 9, 10, 14, 15, 16, 17, 18, 20, 22, 24, 27, 28, 31, 32], maxlen=250000)}","{1: deque([1, 13], maxlen=250000), 1.5: deque([0], maxlen=250000), -1: deque([3, 12, 19, 21, 23, 25], maxlen=250000)}"
712,"{-1: deque([1, 2, 3, 6, 7, 9, 10, 11, 12, 13, 16, 21, 23, 25, 28, 29, 30, 31], maxlen=250000), 1.5: deque([0], maxlen=250000), 1: deque([5, 14, 17, 18, 24, 27], maxlen=250000)}","{1: deque([4, 15, 33], maxlen=250000), 1.5: deque([0], maxlen=250000), -1: deque([8, 19, 20, 22, 26, 32], maxlen=250000)}"
713,"{-1: deque([1, 2, 4, 5, 10, 11, 12, 15, 16, 18, 20, 21, 23, 24, 27, 30, 31, 32], maxlen=250000), 1.5: deque([0], maxlen=250000), 1: deque([6, 7, 17, 22, 25, 29, 33], maxlen=250000)}","{1: deque([3, 9], maxlen=250000), 1.5: deque([0], maxlen=250000), -1: deque([8, 13, 14, 19, 26, 28], maxlen=250000)}"
714,"{1: deque([1, 2, 4, 18, 28, 30], maxlen=250000), 1.5: deque([0], maxlen=250000), -1: deque([3, 5, 6, 7, 11, 12, 13, 14, 15, 16, 19, 20, 22, 23, 24, 27, 31, 32], maxlen=250000)}","{-1: deque([8, 9, 17, 25, 26, 29], maxlen=250000), 1.5: deque([0], maxlen=250000), 1: deque([10, 21, 33], maxlen=250000)}"
715,"{1: deque([3, 5, 25, 29, 30, 31], maxlen=250000), 1.5: deque([0], maxlen=250000), -1: deque([6, 7, 8, 10, 11, 12, 13, 14, 15, 17, 18, 21, 23, 24, 26, 27, 28, 32], maxlen=250000)}","{-1: deque([1, 2, 4, 16, 19, 22], maxlen=250000), 1.5: deque([0], maxlen=250000), 1: deque([9, 20, 33], maxlen=250000)}"
716,"{-1: deque([1, 2, 3, 6, 7, 8, 9, 12, 13, 16, 18, 21, 22, 23, 26, 30, 31, 32], maxlen=250000), 1.5: deque([0], maxlen=250000), 1: deque([5, 10, 15, 25, 28, 29], maxlen=250000)}","{-1: deque([4, 11, 14, 19, 24, 27], maxlen=250000), 1.5: deque([0], maxlen=250000), 1: deque([17, 20, 33], maxlen=250000)}"
717,"{-1: deque([2, 4, 5, 6, 7, 8, 10, 15, 16, 18, 19, 22, 23, 25, 27, 28, 30, 32], maxlen=250000), 1.5: deque([0], maxlen=250000), 1: deque([3, 9, 13, 17, 26, 29], maxlen=250000)}","{1: deque([1, 12, 33], maxlen=250000), 1.5: deque([0], maxlen=250000), -1: deque([11, 14, 20, 21, 24, 31], maxlen=250000)}"
718,"{-1: deque([1, 3, 4, 5, 7, 8, 11, 12, 13, 14, 16, 17, 18, 19, 23, 27, 29, 32], maxlen=250000), 1.5: deque([0], maxlen=250000), 1: deque([2, 9, 10, 22, 24, 28, 33], maxlen=250000)}","{-1: deque([6, 15, 20, 21, 25, 31], maxlen=250000), 1.5: deque([0], maxlen=250000), 1: deque([26, 30], maxlen=250000)}"
719,"{-1: deque([1, 3, 4, 5, 7, 11, 12, 15, 16, 17, 19, 20, 22, 24, 25, 28, 30, 31], maxlen=250000), 1.5: deque([0], maxlen=250000), 1: deque([6, 8, 9, 23, 26, 29], maxlen=250000)}","{-1: deque([2, 10, 13, 14, 18, 32], maxlen=250000), 1.5: deque([0], maxlen=250000), 1: deque([21, 27, 33], maxlen=250000)}"
720,"{-1: deque([1, 3, 4, 5, 6, 7, 11, 12, 14, 15, 16, 18, 19, 23, 28, 29, 30, 31], maxlen=250000), 1.5: deque([0], maxlen=250000), 1: deque([2, 8, 17, 25, 27, 32, 33], maxlen=250000)}","{-1: deque([9, 20, 21, 22, 24, 26], maxlen=250000), 1.5: deque([0], maxlen=250000), 1: deque([10, 13], maxlen=250000)}"
721,"{-1: deque([1, 2, 3, 5, 7, 8, 10, 15, 16, 18, 21, 22, 23, 24, 25, 29, 31, 32], maxlen=250000), 1.5: deque([0], maxlen=250000), 1: deque([4, 9, 12, 14, 17, 28, 33], maxlen=250000)}","{-1: deque([6, 13, 20, 26, 27, 30], maxlen=250000), 1.5: deque([0], maxlen=250000), 1: deque([11, 19], maxlen=250000)}"
722,"{-1: deque([1, 2, 3, 6, 8, 9, 10, 11, 12, 13, 15, 16, 18, 19, 24, 27, 29, 31], maxlen=250000), 1.5: deque([0], maxlen=250000), 1: deque([14, 20, 21, 22, 25, 30, 33], maxlen=250000)}","{-1: deque([4, 5, 7, 17, 28, 32], maxlen=250000), 1.5: deque([0], maxlen=250000), 1: deque([23, 26], maxlen=250000)}"
723,"{-1: deque([1, 6, 7, 8, 9, 10, 11, 12, 13, 14, 17, 18, 19, 21, 23, 24, 27, 31], maxlen=250000), 1.5: deque([0], maxlen=250000), 1: deque([2, 3, 4, 5, 22, 28, 33], maxlen=250000)}","{1: deque([15, 30], maxlen=250000), 1.5: deque([0], maxlen=250000), -1: deque([16, 20, 25, 26, 29, 32], maxlen=250000)}"
724,"{-1: deque([1, 3, 4, 5, 7, 8, 11, 14, 15, 19, 20, 21, 23, 25, 26, 27, 28, 31], maxlen=250000), 1.5: deque([0], maxlen=250000), 1: deque([2, 13, 16, 18, 22, 29], maxlen=250000)}","{-1: deque([6, 9, 10, 12, 17, 24], maxlen=250000), 1.5: deque([0], maxlen=250000), 1: deque([30, 32, 33], maxlen=250000)}"
725,"{-1: deque([1, 3, 4, 5, 8, 12, 16, 17, 18, 20, 21, 22, 23, 25, 26, 29, 30, 31], maxlen=250000), 1.5: deque([0], maxlen=250000), 1: deque([2, 6, 7, 10, 14, 15], maxlen=250000)}","{-1: deque([9, 13, 19, 27, 28, 32], maxlen=250000), 1.5: deque([0], maxlen=250000), 1: deque([11, 24, 33], maxlen=250000)}"
726,"{1: deque([1, 3, 5, 8, 12, 31], maxlen=250000), 1.5: deque([0], maxlen=250000), -1: deque([4, 9, 10, 11, 13, 14, 18, 19, 20, 21, 22, 23, 25, 26, 27, 28, 30, 32], maxlen=250000)}","{-1: deque([2, 7, 15, 16, 17, 29], maxlen=250000), 1.5: deque([0], maxlen=250000), 1: deque([6, 24, 33], maxlen=250000)}"
727,"{1: deque([1, 3, 4, 15, 22, 32, 33], maxlen=250000), 1.5: deque([0], maxlen=250000), -1: deque([5, 6, 7, 8, 9, 10, 11, 13, 14, 16, 18, 20, 23, 24, 26, 27, 29, 30], maxlen=250000)}","{-1: deque([2, 12, 17, 21, 25, 28], maxlen=250000), 1.5: deque([0], maxlen=250000), 1: deque([19, 31], maxlen=250000)}"
728,"{-1: deque([1, 3, 6, 8, 9, 10, 13, 14, 15, 16, 17, 18, 20, 21, 22, 26, 31, 32], maxlen=250000), 1.5: deque([0], maxlen=250000), 1: deque([12, 19, 23, 27, 29, 30, 33], maxlen=250000)}","{-1: deque([2, 4, 7, 11, 24, 25], maxlen=250000), 1.5: deque([0], maxlen=250000), 1: deque([5, 28], maxlen=250000)}"
729,"{-1: deque([1, 3, 4, 6, 9, 11, 12, 15, 18, 19, 20, 23, 24, 26, 27, 28, 29, 30], maxlen=250000), 1.5: deque([0], maxlen=250000), 1: deque([2, 7, 8, 17, 22, 32, 33], maxlen=250000)}","{-1: deque([5, 13, 14, 16, 25, 31], maxlen=250000), 1.5: deque([0], maxlen=250000), 1: deque([10, 21], maxlen=250000)}"
730,"{-1: deque([1, 3, 4, 5, 6, 8, 9, 10, 12, 15, 18, 19, 22, 24, 27, 28, 30, 32], maxlen=250000), 1.5: deque([0], maxlen=250000), 1: deque([2, 7, 14, 20, 25, 26], maxlen=250000)}","{-1: deque([11, 16, 21, 23, 29, 31], maxlen=250000), 1.5: deque([0], maxlen=250000), 1: deque([13, 17, 33], maxlen=250000)}"
731,"{-1: deque([1, 2, 3, 8, 9, 13, 14, 15, 16, 17, 18, 21, 22, 23, 27, 28, 30, 31], maxlen=250000), 1.5: deque([0], maxlen=250000), 1: deque([4, 5, 6, 10, 24, 26], maxlen=250000)}","{-1: deque([7, 11, 12, 19, 20, 25], maxlen=250000), 1.5: deque([0], maxlen=250000), 1: deque([29, 32, 33], maxlen=250000)}"
732,"{-1: deque([1, 2, 5, 8, 10, 12, 15, 16, 19, 22, 24, 25, 26, 28, 29], maxlen=250000), 1.5: deque([0], maxlen=250000), 1: deque([4, 7, 11, 13, 14, 17, 18, 30, 31], maxlen=250000)}","{-1: deque([3, 9, 20, 21, 32], maxlen=250000), 1.5: deque([0], maxlen=250000), 1: deque([6, 23, 27, 33], maxlen=250000)}"
733,"{-1: deque([3, 5, 6, 7, 8, 11, 12, 18, 21, 22, 24, 25, 27, 29, 30], maxlen=250000), 1.5: deque([0], maxlen=250000), 1: deque([10, 14, 15, 16, 17, 19, 20, 28, 32], maxlen=250000)}","{-1: deque([1, 2, 4, 23, 26], maxlen=250000), 1.5: deque([0], maxlen=250000), 1: deque([9, 13, 31, 33], maxlen=250000)}"
734,"{1: deque([1, 4, 5, 6, 12, 17, 18, 29, 30, 33], maxlen=250000), 1.5: deque([0], maxlen=250000), -1: deque([2, 3, 8, 11, 13, 14, 15, 16, 19, 20, 21, 22, 24, 25, 31], maxlen=250000)}","{-1: deque([7, 10, 27, 28, 32], maxlen=250000), 1.5: deque([0], maxlen=250000), 1: deque([9, 23, 26], maxlen=250000)}"
735,"{-1: deque([1, 7, 12, 15, 17, 18, 19, 21, 22, 23, 24, 27, 28, 29, 32], maxlen=250000), 1.5: deque([0], maxlen=250000), 1: deque([3, 5, 6, 8, 13, 14, 20, 25, 31, 33], maxlen=250000)}","{1: deque([2, 11, 30], maxlen=250000), 1.5: deque([0], maxlen=250000), -1: deque([4, 9, 10, 16, 26], maxlen=250000)}"
736,"{1: deque([1, 5, 6, 8, 10, 13, 20, 21, 26, 33], maxlen=250000), 1.5: deque([0], maxlen=250000), -1: deque([7, 9, 11, 14, 15, 16, 17, 18, 22, 23, 27, 28, 29, 31, 32], maxlen=250000)}","{1: deque([2, 12, 25], maxlen=250000), 1.5: deque([0], maxlen=250000), -1: deque([3, 4, 19, 24, 30], maxlen=250000)}"
737,"{-1: deque([1, 3, 5, 9, 10, 13, 19, 20, 22, 23, 24, 26, 29, 31, 32], maxlen=250000), 1.5: deque([0], maxlen=250000), 1: deque([4, 8, 11, 12, 14, 18, 21, 25, 30], maxlen=250000)}","{-1: deque([2, 6, 15, 17, 27], maxlen=250000), 1.5: deque([0], maxlen=250000), 1: deque([7, 16, 28, 33], maxlen=250000)}"
738,"{1: deque([1, 6, 8, 9, 11, 18, 21, 25, 30], maxlen=250000), 1.5: deque([0], maxlen=250000), -1: deque([2, 3, 4, 7, 10, 12, 13, 15, 16, 19, 22, 23, 24, 26, 31], maxlen=250000)}","{1: deque([5, 14, 17, 33], maxlen=250000), 1.5: deque([0], maxlen=250000), -1: deque([20, 27, 28, 29, 32], maxlen=250000)}"
739,"{1: deque([3, 6, 8, 9, 17, 18, 24, 30, 32], maxlen=250000), 1.5: deque([0], maxlen=250000), -1: deque([5, 7, 10, 11, 12, 13, 16, 19, 20, 22, 23, 25, 26, 27, 29], maxlen=250000)}","{-1: deque([1, 2, 14, 21, 31], maxlen=250000), 1.5: deque([0], maxlen=250000), 1: deque([4, 15, 28, 33], maxlen=250000)}"
740,"{-1: deque([1, 3, 8, 9, 12, 13, 15, 16, 17, 18, 20, 24, 25, 27, 29], maxlen=250000), 1.5: deque([0], maxlen=250000), 1: deque([4, 6, 7, 10, 11, 21, 22, 23, 31], maxlen=250000)}","{1: deque([2, 28, 32, 33], maxlen=250000), 1.5: deque([0], maxlen=250000), -1: deque([5, 14, 19, 26, 30], maxlen=250000)}"
741,"{-1: deque([1, 5, 6, 7, 10, 12, 13, 16, 19, 24, 25, 28, 30, 31, 32], maxlen=250000), 1.5: deque([0], maxlen=250000), 1: deque([3, 8, 11, 14, 17, 21, 22, 26, 27, 33], maxlen=250000)}","{-1: deque([2, 4, 15, 20, 29], maxlen=250000), 1.5: deque([0], maxlen=250000), 1: deque([9, 18, 23], maxlen=250000)}"
742,"{-1: deque([1, 2, 3, 5, 7, 9, 16, 17, 22, 24, 25, 26, 28, 31, 32], maxlen=250000), 1.5: deque([0], maxlen=250000), 1: deque([4, 11, 13, 14, 18, 21, 23, 27, 29, 33], maxlen=250000)}","{-1: deque([6, 12, 15, 19, 20], maxlen=250000), 1.5: deque([0], maxlen=250000), 1: deque([8, 10, 30], maxlen=250000)}"
743,"{-1: deque([1, 5, 9, 10, 11, 13, 18, 19, 22, 26, 27, 28, 30, 31, 32], maxlen=250000), 1.5: deque([0], maxlen=250000), 1: deque([2, 6, 8, 14, 15, 20, 23, 24, 29, 33], maxlen=250000)}","{-1: deque([3, 4, 16, 17, 25], maxlen=250000), 1.5: deque([0], maxlen=250000), 1: deque([7, 12, 21], maxlen=250000)}"
744,"{-1: deque([3, 5, 6, 9, 12, 13, 14, 17, 18, 20, 22, 23, 25, 31, 32], maxlen=250000), 1.5: deque([0], maxlen=250000), 1: deque([4, 7, 8, 15, 16, 24, 26, 27, 28], maxlen=250000)}","{1: deque([1, 19, 30, 33], maxlen=250000), 1.5: deque([0], maxlen=250000), -1: deque([2, 10, 11, 21, 29], maxlen=250000)}"
745,"{-1: deque([1, 4, 11, 13, 17, 18, 19, 20, 22, 23, 25, 26, 27, 28, 29], maxlen=250000), 1.5: deque([0], maxlen=250000), 1: deque([7, 8, 9, 10, 12, 15, 16, 21, 30], maxlen=250000)}","{-1: deque([2, 5, 6, 31, 32], maxlen=250000), 1.5: deque([0], maxlen=250000), 1: deque([3, 14, 24, 33], maxlen=250000)}"
746,"{-1: deque([1, 2, 3, 4, 8, 11, 12, 15, 20, 21, 23, 24, 25, 28, 31], maxlen=250000), 1.5: deque([0], maxlen=250000), 1: deque([5, 7, 9, 14, 16, 22, 26, 30, 32, 33], maxlen=250000)}","{-1: deque([6, 17, 18, 19, 29], maxlen=250000), 1.5: deque([0], maxlen=250000), 1: deque([10, 13, 27], maxlen=250000)}"
747,"{-1: deque([1, 2, 3, 4, 7, 8, 10, 13, 14, 16, 17, 20, 23, 28, 32], maxlen=250000), 1.5: deque([0], maxlen=250000), 1: deque([5, 9, 11, 12, 15, 21, 24, 25, 29], maxlen=250000)}","{-1: deque([6, 18, 19, 27, 31], maxlen=250000), 1.5: deque([0], maxlen=250000), 1: deque([22, 26, 30, 33], maxlen=250000)}"
748,"{-1: deque([1, 2, 3, 4, 5, 6, 7, 8, 10, 15, 20, 21, 26, 31, 32], maxlen=250000), 1.5: deque([0], maxlen=250000), 1: deque([12, 13, 16, 19, 22, 23, 25, 28, 29, 33], maxlen=250000)}","{-1: deque([9, 11, 17, 24, 30], maxlen=250000), 1.5: deque([0], maxlen=250000), 1: deque([14, 18, 27], maxlen=250000)}"
749,"{1: deque([1, 2, 4, 7, 15, 26, 28, 30, 31, 33], maxlen=250000), 1.5: deque([0], maxlen=250000), -1: deque([3, 5, 6, 9, 11, 13, 14, 17, 18, 19, 20, 22, 24, 25, 27], maxlen=250000)}","{-1: deque([8, 10, 21, 29, 32], maxlen=250000), 1.5: deque([0], maxlen=250000), 1: deque([12, 16, 23], maxlen=250000)}"
750,"{-1: deque([1, 4, 7, 8, 9, 10, 13, 15, 16, 23, 24, 26, 27, 30, 31], maxlen=250000), 1.5: deque([0], maxlen=250000), 1: deque([5, 6, 11, 12, 14, 17, 19, 21, 28, 33], maxlen=250000)}","{-1: deque([2, 18, 20, 22, 32], maxlen=250000), 1.5: deque([0], maxlen=250000), 1: deque([3, 25, 29], maxlen=250000)}"
751,"{1: deque([1, 2, 6, 9, 13, 16, 18, 28, 32, 33], maxlen=250000), 1.5: deque([0], maxlen=250000), -1: deque([3, 5, 8, 12, 14, 15, 20, 21, 22, 23, 24, 26, 27, 29, 31], maxlen=250000)}","{-1: deque([4, 11, 19, 25, 30], maxlen=250000), 1.5: deque([0], maxlen=250000), 1: deque([7, 10, 17], maxlen=250000)}"
752,"{1: deque([1, 3, 4, 8, 9, 10, 11, 14, 17], maxlen=250000), 1.5: deque([0], maxlen=250000), -1: deque([6, 7, 12, 15, 16, 19, 21, 23, 26, 27, 28, 29, 30, 31, 32], maxlen=250000)}","{1: deque([2, 22, 24, 33], maxlen=250000), 1.5: deque([0], maxlen=250000), -1: deque([5, 13, 18, 20, 25], maxlen=250000)}"
753,"{-1: deque([1, 5, 6, 8, 10, 12, 13, 15, 16, 20, 24, 25, 26, 28, 32], maxlen=250000), 1.5: deque([0], maxlen=250000), 1: deque([2, 4, 9, 11, 17, 21, 22, 29, 30, 33], maxlen=250000)}","{-1: deque([3, 19, 23, 27, 31], maxlen=250000), 1.5: deque([0], maxlen=250000), 1: deque([7, 14, 18], maxlen=250000)}"
754,"{1: deque([1, 5, 7, 13, 21, 23, 26, 30, 31, 33], maxlen=250000), 1.5: deque([0], maxlen=250000), -1: deque([2, 4, 6, 8, 14, 15, 16, 17, 19, 24, 25, 27, 28, 29, 32], maxlen=250000)}","{1: deque([3, 9, 12], maxlen=250000), 1.5: deque([0], maxlen=250000), -1: deque([10, 11, 18, 20, 22], maxlen=250000)}"
755,"{-1: deque([1, 2, 5, 13, 14, 15, 16, 17, 18, 22, 28, 29, 30, 31, 32], maxlen=250000), 1.5: deque([0], maxlen=250000), 1: deque([3, 4, 6, 7, 9, 12, 20, 21, 27], maxlen=250000)}","{-1: deque([8, 10, 19, 23, 25], maxlen=250000), 1.5: deque([0], maxlen=250000), 1: deque([11, 24, 26, 33], maxlen=250000)}"
756,"{-1: deque([1, 3, 5, 11, 12, 15, 17, 18, 19, 22, 23, 25, 28, 30, 31], maxlen=250000), 1.5: deque([0], maxlen=250000), 1: deque([2, 4, 7, 8, 9, 10, 13, 20, 26], maxlen=250000)}","{-1: deque([6, 14, 16, 21, 32], maxlen=250000), 1.5: deque([0], maxlen=250000), 1: deque([24, 27, 29, 33], maxlen=250000)}"
757,"{1: deque([1, 2, 8, 9, 13, 16, 17, 24, 29], maxlen=250000), 1.5: deque([0], maxlen=250000), -1: deque([5, 7, 10, 12, 14, 15, 19, 22, 23, 25, 26, 27, 28, 31, 32], maxlen=250000)}","{1: deque([3, 6, 20, 33], maxlen=250000), 1.5: deque([0], maxlen=250000), -1: deque([4, 11, 18, 21, 30], maxlen=250000)}"
758,"{-1: deque([1, 3, 4, 5, 7, 8, 11, 16, 21, 22, 24, 27, 28, 29, 30], maxlen=250000), 1.5: deque([0], maxlen=250000), 1: deque([2, 9, 14, 15, 17, 19, 23, 26, 31], maxlen=250000)}","{-1: deque([6, 10, 13, 20, 25], maxlen=250000), 1.5: deque([0], maxlen=250000), 1: deque([12, 18, 32, 33], maxlen=250000)}"
759,"{1: deque([3, 5, 9, 10, 15, 24, 27, 28, 30, 33], maxlen=250000), 1.5: deque([0], maxlen=250000), -1: deque([4, 6, 8, 11, 12, 13, 17, 18, 19, 20, 21, 25, 29, 31, 32], maxlen=250000)}","{1: deque([1, 7, 14], maxlen=250000), 1.5: deque([0], maxlen=250000), -1: deque([2, 16, 22, 23, 26], maxlen=250000)}"
760,"{-1: deque([2, 3, 4, 5, 7, 8, 9, 16, 18, 19, 24, 26, 27, 30, 32], maxlen=250000), 1.5: deque([0], maxlen=250000), 1: deque([10, 11, 12, 17, 20, 22, 23, 25, 29, 33], maxlen=250000)}","{-1: deque([1, 6, 14, 21, 31], maxlen=250000), 1.5: deque([0], maxlen=250000), 1: deque([13, 15, 28], maxlen=250000)}"
761,"{1: deque([1, 2, 6, 7, 16, 23, 25, 28, 29, 33], maxlen=250000), 1.5: deque([0], maxlen=250000), -1: deque([3, 4, 5, 10, 11, 12, 13, 14, 21, 22, 24, 26, 27, 31, 32], maxlen=250000)}","{1: deque([8, 9, 19], maxlen=250000), 1.5: deque([0], maxlen=250000), -1: deque([15, 17, 18, 20, 30], maxlen=250000)}"
762,"{-1: deque([1, 4, 5, 6, 7, 8, 12, 14, 15, 21, 23, 26, 27, 28, 31], maxlen=250000), 1.5: deque([0], maxlen=250000), 1: deque([3, 9, 10, 11, 19, 24, 29, 30, 32], maxlen=250000)}","{1: deque([2, 18, 25, 33], maxlen=250000), 1.5: deque([0], maxlen=250000), -1: deque([13, 16, 17, 20, 22], maxlen=250000)}"
763,"{1: deque([1, 2, 5, 6, 8, 11, 22, 24, 26, 33], maxlen=250000), 1.5: deque([0], maxlen=250000), -1: deque([7, 9, 10, 12, 13, 15, 16, 17, 19, 23, 25, 28, 29, 31, 32], maxlen=250000)}","{1: deque([3, 20, 27], maxlen=250000), 1.5: deque([0], maxlen=250000), -1: deque([4, 14, 18, 21, 30], maxlen=250000)}"
764,"{1: deque([4, 11, 12, 14, 17, 21, 22, 23, 32], maxlen=250000), 1.5: deque([0], maxlen=250000), -1: deque([6, 8, 9, 10, 13, 15, 16, 19, 24, 25, 26, 27, 29, 30, 31], maxlen=250000)}","{-1: deque([1, 3, 5, 18, 28], maxlen=250000), 1.5: deque([0], maxlen=250000), 1: deque([2, 7, 20, 33], maxlen=250000)}"
765,"{1: deque([2, 10, 14, 15, 18, 19, 25, 27, 29, 33], maxlen=250000), 1.5: deque([0], maxlen=250000), -1: deque([3, 7, 8, 9, 13, 16, 20, 21, 22, 23, 24, 26, 30, 31, 32], maxlen=250000)}","{-1: deque([1, 4, 5, 6, 28], maxlen=250000), 1.5: deque([0], maxlen=250000), 1: deque([11, 12, 17], maxlen=250000)}"
766,"{-1: deque([1, 2, 4, 5, 7, 8, 9, 13, 14, 19, 20, 25, 26, 29, 31], maxlen=250000), 1.5: deque([0], maxlen=250000), 1: deque([6, 10, 12, 15, 16, 18, 27, 30, 32, 33], maxlen=250000)}","{-1: deque([3, 17, 21, 23, 28], maxlen=250000), 1.5: deque([0], maxlen=250000), 1: deque([11, 22, 24], maxlen=250000)}"
767,"{-1: deque([1, 4, 6, 7, 9, 12, 14, 15, 17, 19, 26, 27, 28, 31, 32], maxlen=250000), 1.5: deque([0], maxlen=250000), 1: deque([11, 18, 20, 22, 23, 24, 25, 29, 30, 33], maxlen=250000)}","{1: deque([2, 5, 16], maxlen=250000), 1.5: deque([0], maxlen=250000), -1: deque([3, 8, 10, 13, 21], maxlen=250000)}"
768,"{1: deque([1, 2, 9, 13, 14, 20, 25, 28, 29, 33], maxlen=250000), 1.5: deque([0], maxlen=250000), -1: deque([5, 6, 7, 8, 10, 12, 15, 16, 19, 21, 22, 23, 26, 27, 32], maxlen=250000)}","{1: deque([3, 4, 30], maxlen=250000), 1.5: deque([0], maxlen=250000), -1: deque([11, 17, 18, 24, 31], maxlen=250000)}"
769,"{-1: deque([2, 3, 4, 6, 9, 11, 13, 14, 16, 20, 22, 25, 26, 27, 28], maxlen=250000), 1.5: deque([0], maxlen=250000), 1: deque([5, 10, 15, 17, 18, 19, 21, 23, 29, 33], maxlen=250000)}","{1: deque([1, 24, 30], maxlen=250000), 1.5: deque([0], maxlen=250000), -1: deque([7, 8, 12, 31, 32], maxlen=250000)}"
770,"{-1: deque([2, 3, 8, 9, 10, 11, 13, 17, 18, 20, 25, 26, 30, 31, 32], maxlen=250000), 1.5: deque([0], maxlen=250000), 1: deque([4, 7, 14, 19, 22, 23, 24, 27, 29], maxlen=250000)}","{-1: deque([1, 5, 6, 12, 21], maxlen=250000), 1.5: deque([0], maxlen=250000), 1: deque([15, 16, 28, 33], maxlen=250000)}"
771,"{-1: deque([1, 5, 9, 10, 11, 12, 14, 16, 18, 19, 20, 24, 25, 26, 27], maxlen=250000), 1.5: deque([0], maxlen=250000), 1: deque([2, 3, 4, 6, 7, 8, 17, 29, 30], maxlen=250000)}","{1: deque([13, 15, 28, 33], maxlen=250000), 1.5: deque([0], maxlen=250000), -1: deque([21, 22, 23, 31, 32], maxlen=250000)}"
772,"{1: deque([1, 8, 11, 16, 18, 20, 23, 31, 32], maxlen=250000), 1.5: deque([0], maxlen=250000), -1: deque([2, 3, 4, 5, 9, 12, 13, 14, 15, 19, 21, 22, 26, 28, 29], maxlen=250000)}","{1: deque([6, 17, 30, 33], maxlen=250000), 1.5: deque([0], maxlen=250000), -1: deque([7, 10, 24, 25, 27], maxlen=250000)}"
773,"{-1: deque([1, 4, 7, 9, 13, 14, 15, 16, 19, 20, 21, 23, 25, 29, 31], maxlen=250000), 1.5: deque([0], maxlen=250000), 1: deque([2, 5, 6, 10, 17, 18, 22, 28, 30], maxlen=250000)}","{1: deque([3, 24, 27, 33], maxlen=250000), 1.5: deque([0], maxlen=250000), -1: deque([8, 11, 12, 26, 32], maxlen=250000)}"
774,"{-1: deque([1, 3, 9, 10, 11, 15, 16, 17, 19, 20, 21, 24, 26, 28, 31], maxlen=250000), 1.5: deque([0], maxlen=250000), 1: deque([6, 7, 14, 22, 25, 27, 29, 30, 32, 33], maxlen=250000)}","{-1: deque([2, 4, 8, 18, 23], maxlen=250000), 1.5: deque([0], maxlen=250000), 1: deque([5, 12, 13], maxlen=250000)}"
775,"{-1: deque([1, 3, 6, 7, 8, 10, 11, 14, 16, 19, 22, 25, 27, 29, 31], maxlen=250000), 1.5: deque([0], maxlen=250000), 1: deque([2, 5, 9, 15, 17, 18, 21, 24, 26], maxlen=250000)}","{-1: deque([4, 12, 23, 28, 32], maxlen=250000), 1.5: deque([0], maxlen=250000), 1: deque([13, 20, 30, 33], maxlen=250000)}"
776,"{1: deque([1, 2, 11, 12, 21, 23, 24, 26, 30, 33], maxlen=250000), 1.5: deque([0], maxlen=250000), -1: deque([4, 5, 6, 8, 10, 13, 14, 15, 16, 20, 22, 27, 29, 31, 32], maxlen=250000)}","{-1: deque([3, 9, 17, 18, 28], maxlen=250000), 1.5: deque([0], maxlen=250000), 1: deque([7, 19, 25], maxlen=250000)}"
777,"{1: deque([1, 3, 13, 16, 17, 18, 28, 29, 31, 33], maxlen=250000), 1.5: deque([0], maxlen=250000), -1: deque([2, 4, 5, 9, 10, 11, 12, 15, 19, 20, 21, 23, 24, 25, 27], maxlen=250000)}","{-1: deque([6, 7, 26, 30, 32], maxlen=250000), 1.5: deque([0], maxlen=250000), 1: deque([8, 14, 22], maxlen=250000)}"
778,"{1: deque([1, 5, 6, 9, 14, 16, 18, 26, 31], maxlen=250000), 1.5: deque([0], maxlen=250000), -1: deque([2, 3, 7, 8, 10, 12, 13, 15, 17, 19, 23, 24, 25, 27, 28], maxlen=250000)}","{-1: deque([4, 21, 22, 29, 30], maxlen=250000), 1.5: deque([0], maxlen=250000), 1: deque([11, 20, 32, 33], maxlen=250000)}"
779,"{-1: deque([2, 6, 9, 13, 14, 15, 16, 18, 21, 23, 25, 27, 28, 29, 32], maxlen=250000), 1.5: deque([0], maxlen=250000), 1: deque([3, 5, 11, 12, 17, 22, 24, 26, 31], maxlen=250000)}","{-1: deque([1, 4, 8, 10, 30], maxlen=250000), 1.5: deque([0], maxlen=250000), 1: deque([7, 19, 20, 33], maxlen=250000)}"
780,"{-1: deque([2, 4, 7, 10, 11, 12, 13, 15, 16, 18, 19, 27, 28, 31, 32], maxlen=250000), 1.5: deque([0], maxlen=250000), 1: deque([9, 14, 17, 21, 22, 24, 26, 29, 30], maxlen=250000)}","{-1: deque([1, 3, 6, 20, 23], maxlen=250000), 1.5: deque([0], maxlen=250000), 1: deque([5, 8, 25, 33], maxlen=250000)}"
781,"{1: deque([1, 2, 9, 17, 18, 21, 23, 25, 29], maxlen=250000), 1.5: deque([0], maxlen=250000), -1: deque([3, 4, 6, 8, 11, 12, 14, 19, 20, 22, 24, 27, 30, 31, 32], maxlen=250000)}","{-1: deque([5, 13, 16, 26, 28], maxlen=250000), 1.5: deque([0], maxlen=250000), 1: deque([7, 10, 15, 33], maxlen=250000)}"
782,"{-1: deque([3, 5, 7, 8, 11, 12, 14, 15, 16, 18, 23, 24, 25, 29, 31], maxlen=250000), 1.5: deque([0], maxlen=250000), 1: deque([4, 6, 9, 10, 13, 19, 26, 27, 32], maxlen=250000)}","{-1: deque([1, 17, 20, 28, 30], maxlen=250000), 1.5: deque([0], maxlen=250000), 1: deque([2, 21, 22, 33], maxlen=250000)}"
783,"{-1: deque([2, 4, 8, 11, 12, 13, 14, 16, 17, 19, 21, 23, 25, 28, 32], maxlen=250000), 1.5: deque([0], maxlen=250000), 1: deque([5, 9, 15, 20, 22, 24, 26, 30, 31, 33], maxlen=250000)}","{-1: deque([1, 6, 10, 18, 29], maxlen=250000), 1.5: deque([0], maxlen=250000), 1: deque([3, 7, 27], maxlen=250000)}"
784,"{1: deque([1, 2, 10, 14, 17, 18, 23, 31, 32], maxlen=250000), 1.5: deque([0], maxlen=250000), -1: deque([3, 6, 7, 8, 11, 12, 13, 16, 20, 22, 24, 25, 26, 27, 30], maxlen=250000)}","{-1: deque([4, 15, 19, 21, 29], maxlen=250000), 1.5: deque([0], maxlen=250000), 1: deque([5, 9, 28, 33], maxlen=250000)}"
785,"{1: deque([1, 9, 14, 16, 17, 24, 25, 26, 28], maxlen=250000), 1.5: deque([0], maxlen=250000), -1: deque([3, 4, 6, 7, 8, 10, 11, 13, 15, 18, 20, 21, 23, 31, 32], maxlen=250000)}","{-1: deque([2, 5, 12, 19, 29], maxlen=250000), 1.5: deque([0], maxlen=250000), 1: deque([22, 27, 30, 33], maxlen=250000)}"
786,"{1: deque([1, 4, 5, 7, 10, 21, 23, 26, 30], maxlen=250000), 1.5: deque([0], maxlen=250000), -1: deque([2, 9, 11, 13, 16, 19, 20, 22, 24, 25, 27, 28, 29, 31, 32], maxlen=250000)}","{-1: deque([3, 8, 12, 14, 17], maxlen=250000), 1.5: deque([0], maxlen=250000), 1: deque([6, 15, 18, 33], maxlen=250000)}"
787,"{1: deque([1, 2, 3, 4, 7, 8, 11, 25, 28], maxlen=250000), 1.5: deque([0], maxlen=250000), -1: deque([5, 6, 9, 10, 13, 14, 16, 18, 19, 20, 21, 22, 24, 27, 30], maxlen=250000)}","{1: deque([12, 26, 32, 33], maxlen=250000), 1.5: deque([0], maxlen=250000), -1: deque([15, 17, 23, 29, 31], maxlen=250000)}"
788,"{-1: deque([1, 2, 3, 5, 8, 11, 12, 16, 19, 22, 23, 24, 25, 27, 31], maxlen=250000), 1.5: deque([0], maxlen=250000), 1: deque([4, 6, 13, 15, 17, 18, 26, 28, 32], maxlen=250000)}","{-1: deque([7, 9, 10, 21, 29], maxlen=250000), 1.5: deque([0], maxlen=250000), 1: deque([14, 20, 30, 33], maxlen=250000)}"
789,"{-1: deque([1, 4, 6, 9, 10, 12, 15, 17, 19, 21, 22, 23, 25, 26, 30], maxlen=250000), 1.5: deque([0], maxlen=250000), 1: deque([3, 5, 11, 18, 20, 24, 27, 29, 31], maxlen=250000)}","{-1: deque([2, 13, 14, 16, 32], maxlen=250000), 1.5: deque([0], maxlen=250000), 1: deque([7, 8, 28, 33], maxlen=250000)}"
790,"{-1: deque([3, 4, 5, 6, 7, 8, 11, 13, 22, 23, 26, 28, 29, 30, 32], maxlen=250000), 1.5: deque([0], maxlen=250000), 1: deque([9, 12, 15, 17, 18, 19, 24, 25, 27, 33], maxlen=250000)}","{1: deque([1, 16, 20], maxlen=250000), 1.5: deque([0], maxlen=250000), -1: deque([2, 10, 14, 21, 31], maxlen=250000)}"
791,"{-1: deque([3, 6, 8, 10, 11, 14, 15, 17, 21, 22, 23, 25, 26, 28, 29], maxlen=250000), 1.5: deque([0], maxlen=250000), 1: deque([4, 9, 13, 18, 19, 24, 27, 30, 31], maxlen=250000)}","{-1: deque([1, 12, 16, 20, 32], maxlen=250000), 1.5: deque([0], maxlen=250000), 1: deque([2, 5, 7, 33], maxlen=250000)}"
792,"{-1: deque([1, 4, 5, 7, 8, 10, 12, 13, 14, 15, 16, 23, 25, 27, 32], maxlen=250000), 1.5: deque([0], maxlen=250000), 1: deque([2, 11, 18, 19, 21, 26, 28, 29, 31], maxlen=250000)}","{1: deque([3, 17, 24, 33], maxlen=250000), 1.5: deque([0], maxlen=250000), -1: deque([6, 9, 20, 22, 30], maxlen=250000)}"
793,"{1: deque([1, 2, 15, 20, 22, 24, 27, 29, 32, 33], maxlen=250000), 1.5: deque([0], maxlen=250000), -1: deque([5, 7, 8, 10, 11, 13, 14, 17, 19, 21, 23, 25, 26, 30, 31], maxlen=250000)}","{-1: deque([3, 4, 6, 9, 12], maxlen=250000), 1.5: deque([0], maxlen=250000), 1: deque([16, 18, 28], maxlen=250000)}"
794,"{-1: deque([1, 3, 4, 6, 10, 12, 13, 15, 18, 19, 20, 21, 22, 24, 27], maxlen=250000), 1.5: deque([0], maxlen=250000), 1: deque([5, 8, 16, 23, 25, 28, 29, 30, 31], maxlen=250000)}","{-1: deque([2, 7, 9, 11, 26], maxlen=250000), 1.5: deque([0], maxlen=250000), 1: deque([14, 17, 32, 33], maxlen=250000)}"
795,"{-1: deque([1, 2, 4, 6, 7, 17, 18, 19, 20, 23, 25, 26, 28, 29, 31], maxlen=250000), 1.5: deque([0], maxlen=250000), 1: deque([3, 8, 9, 10, 12, 14, 16, 24, 30, 33], maxlen=250000)}","{-1: deque([5, 13, 22, 27, 32], maxlen=250000), 1.5: deque([0], maxlen=250000), 1: deque([11, 15, 21], maxlen=250000)}"
796,"{-1: deque([1, 2, 5, 6, 10, 11, 12, 13, 15, 17, 21, 22, 25, 28, 30], maxlen=250000), 1.5: deque([0], maxlen=250000), 1: deque([3, 7, 14, 16, 19, 23, 24, 26, 29, 33], maxlen=250000)}","{-1: deque([4, 8, 20, 27, 32], maxlen=250000), 1.5: deque([0], maxlen=250000), 1: deque([9, 18, 31], maxlen=250000)}"
797,"{-1: deque([1, 3, 5, 6, 17, 18, 19, 20, 22, 24, 27, 28, 30, 31, 32], maxlen=250000), 1.5: deque([0], maxlen=250000), 1: deque([4, 7, 11, 12, 14, 16, 23, 25, 26], maxlen=250000)}","{1: deque([2, 15, 29, 33], maxlen=250000), 1.5: deque([0], maxlen=250000), -1: deque([8, 9, 10, 13, 21], maxlen=250000)}"
798,"{1: deque([1, 3, 10, 13, 21, 22, 23, 24, 26, 33], maxlen=250000), 1.5: deque([0], maxlen=250000), -1: deque([2, 5, 6, 7, 8, 9, 11, 12, 14, 16, 20, 27, 29, 31, 32], maxlen=250000)}","{1: deque([4, 15, 25], maxlen=250000), 1.5: deque([0], maxlen=250000), -1: deque([17, 18, 19, 28, 30], maxlen=250000)}"
799,"{1: deque([1, 2, 7, 9, 10, 12, 19, 21, 23, 33], maxlen=250000), 1.5: deque([0], maxlen=250000), -1: deque([4, 6, 8, 11, 14, 16, 17, 20, 24, 25, 26, 28, 29, 31, 32], maxlen=250000)}","{1: deque([3, 15, 30], maxlen=250000), 1.5: deque([0], maxlen=250000), -1: deque([5, 13, 18, 22, 27], maxlen=250000)}"
800,"{-1: deque([2, 4, 7, 8, 9, 11, 18, 19, 20, 21, 23, 24, 28, 30, 32], maxlen=250000), 1.5: deque([0], maxlen=250000), 1: deque([10, 12, 13, 16, 17, 22, 25, 26, 27], maxlen=250000)}","{-1: deque([1, 5, 6, 14, 29], maxlen=250000), 1.5: deque([0], maxlen=250000), 1: deque([3, 15, 31, 33], maxlen=250000)}"
801,"{-1: deque([1, 2, 3, 4, 12, 13, 15, 16, 17, 19, 20, 21, 22, 28, 31], maxlen=250000), 1.5: deque([0], maxlen=250000), 1: deque([5, 6, 7, 9, 10, 18, 24, 26, 30, 33], maxlen=250000)}","{1: deque([8, 23, 32], maxlen=250000), 1.5: deque([0], maxlen=250000), -1: deque([11, 14, 25, 27, 29], maxlen=250000)}"
802,"{-1: deque([1, 2, 3, 5, 6, 9, 11, 14, 16, 18, 19, 21, 23, 24, 31], maxlen=250000), 1.5: deque([0], maxlen=250000), 1: deque([8, 12, 13, 15, 20, 27, 28, 29, 30], maxlen=250000)}","{1: deque([4, 7, 17, 33], maxlen=250000), 1.5: deque([0], maxlen=250000), -1: deque([10, 22, 25, 26, 32], maxlen=250000)}"
803,"{-1: deque([1, 2, 3, 6, 7, 12, 15, 18, 23, 24, 25, 27, 28, 29, 30], maxlen=250000), 1.5: deque([0], maxlen=250000), 1: deque([8, 9, 10, 14, 19, 20, 21, 22, 32, 33], maxlen=250000)}","{-1: deque([4, 11, 13, 16, 31], maxlen=250000), 1.5: deque([0], maxlen=250000), 1: deque([5, 17, 26], maxlen=250000)}"
804,"{-1: deque([1, 5, 7, 11, 12, 13, 14, 17, 20, 23, 24, 26, 27, 29, 31], maxlen=250000), 1.5: deque([0], maxlen=250000), 1: deque([4, 6, 8, 9, 15, 19, 22, 28, 32, 33], maxlen=250000)}","{1: deque([2, 3, 16], maxlen=250000), 1.5: deque([0], maxlen=250000), -1: deque([10, 18, 21, 25, 30], maxlen=250000)}"
805,"{-1: deque([1, 2, 5, 10, 12, 13, 16, 20, 21, 22, 26, 27, 28, 29, 31], maxlen=250000), 1.5: deque([0], maxlen=250000), 1: deque([4, 7, 11, 14, 15, 18, 19, 23, 30, 33], maxlen=250000)}","{-1: deque([3, 6, 8, 17, 25], maxlen=250000), 1.5: deque([0], maxlen=250000), 1: deque([9, 24, 32], maxlen=250000)}"
806,"{1: deque([2, 3, 13, 15, 22, 23, 24, 26, 30, 33], maxlen=250000), 1.5: deque([0], maxlen=250000), -1: deque([4, 7, 9, 10, 11, 12, 14, 17, 19, 20, 21, 28, 29, 31, 32], maxlen=250000)}","{-1: deque([1, 16, 18, 25, 27], maxlen=250000), 1.5: deque([0], maxlen=250000), 1: deque([5, 6, 8], maxlen=250000)}"
807,"{1: deque([2, 3, 17, 20, 21, 22, 28, 29, 31], maxlen=250000), 1.5: deque([0], maxlen=250000), -1: deque([4, 5, 7, 8, 11, 14, 16, 18, 19, 23, 24, 26, 27, 30, 32], maxlen=250000)}","{-1: deque([1, 6, 10, 15, 25], maxlen=250000), 1.5: deque([0], maxlen=250000), 1: deque([9, 12, 13, 33], maxlen=250000)}"
808,"{-1: deque([1, 2, 3, 4, 9, 10, 14, 15, 17, 19, 22, 24, 25, 27, 30], maxlen=250000), 1.5: deque([0], maxlen=250000), 1: deque([6, 8, 12, 16, 18, 20, 29, 31, 32, 33], maxlen=250000)}","{-1: deque([5, 11, 13, 26, 28], maxlen=250000), 1.5: deque([0], maxlen=250000), 1: deque([7, 21, 23], maxlen=250000)}"
809,"{-1: deque([1, 3, 4, 7, 11, 16, 19, 22, 23, 25, 28, 29, 30, 31, 32], maxlen=250000), 1.5: deque([0], maxlen=250000), 1: deque([2, 6, 12, 14, 15, 17, 18, 20, 27, 33], maxlen=250000)}","{-1: deque([5, 8, 13, 24, 26], maxlen=250000), 1.5: deque([0], maxlen=250000), 1: deque([9, 10, 21], maxlen=250000)}"
810,"{-1: deque([1, 3, 4, 7, 8, 9, 15, 19, 20, 21, 24, 26, 27, 30, 31], maxlen=250000), 1.5: deque([0], maxlen=250000), 1: deque([2, 6, 11, 13, 16, 17, 22, 25, 29, 33], maxlen=250000)}","{1: deque([5, 23, 28], maxlen=250000), 1.5: deque([0], maxlen=250000), -1: deque([10, 12, 14, 18, 32], maxlen=250000)}"
811,"{-1: deque([1, 2, 4, 5, 10, 13, 14, 16, 19, 20, 23, 26, 27, 31, 32], maxlen=250000), 1.5: deque([0], maxlen=250000), 1: deque([12, 15, 17, 18, 21, 22, 25, 28, 30], maxlen=250000)}","{1: deque([3, 6, 24, 33], maxlen=250000), 1.5: deque([0], maxlen=250000), -1: deque([7, 8, 9, 11, 29], maxlen=250000)}"
812,"{-1: deque([2, 3, 5, 7, 9, 12, 14, 18, 20, 21, 22, 25, 26, 28, 31], maxlen=250000), 1.5: deque([0], maxlen=250000), 1: deque([8, 10, 11, 15, 16, 17, 23, 27, 30, 33], maxlen=250000)}","{-1: deque([1, 4, 6, 29, 32], maxlen=250000), 1.5: deque([0], maxlen=250000), 1: deque([13, 19, 24], maxlen=250000)}"
813,"{-1: deque([1, 3, 5, 7, 8, 9, 18, 19, 20, 21, 22, 24, 25, 27, 30], maxlen=250000), 1.5: deque([0], maxlen=250000), 1: deque([2, 6, 11, 13, 14, 16, 23, 26, 29], maxlen=250000)}","{-1: deque([4, 10, 12, 17, 28], maxlen=250000), 1.5: deque([0], maxlen=250000), 1: deque([15, 31, 32, 33], maxlen=250000)}"
814,"{-1: deque([1, 2, 9, 11, 14, 15, 17, 19, 21, 23, 25, 26, 28, 30, 31], maxlen=250000), 1.5: deque([0], maxlen=250000), 1: deque([4, 7, 8, 10, 12, 18, 20, 24, 32], maxlen=250000)}","{1: deque([3, 6, 29, 33], maxlen=250000), 1.5: deque([0], maxlen=250000), -1: deque([5, 13, 16, 22, 27], maxlen=250000)}"
815,"{-1: deque([1, 3, 6, 9, 10, 13, 15, 18, 19, 20, 21, 25, 26, 30, 31], maxlen=250000), 1.5: deque([0], maxlen=250000), 1: deque([7, 12, 14, 16, 17, 23, 24, 27, 28], maxlen=250000)}","{1: deque([2, 4, 5, 33], maxlen=250000), 1.5: deque([0], maxlen=250000), -1: deque([8, 11, 22, 29, 32], maxlen=250000)}"
816,"{-1: deque([1, 2, 3, 4, 9, 13, 14, 15, 16, 19, 24, 26, 28, 29, 30], maxlen=250000), 1.5: deque([0], maxlen=250000), 1: deque([5, 7, 8, 10, 12, 17, 25, 27, 31], maxlen=250000)}","{1: deque([6, 21, 23, 33], maxlen=250000), 1.5: deque([0], maxlen=250000), -1: deque([11, 18, 20, 22, 32], maxlen=250000)}"
817,"{1: deque([1, 3, 4, 6, 7, 12, 20, 27, 31, 33], maxlen=250000), 1.5: deque([0], maxlen=250000), -1: deque([2, 5, 8, 14, 15, 16, 18, 19, 22, 24, 25, 26, 28, 29, 32], maxlen=250000)}","{-1: deque([9, 11, 17, 21, 30], maxlen=250000), 1.5: deque([0], maxlen=250000), 1: deque([10, 13, 23], maxlen=250000)}"
818,"{1: deque([1, 3, 5, 8, 13, 14, 16, 31, 32], maxlen=250000), 1.5: deque([0], maxlen=250000), -1: deque([2, 4, 6, 7, 11, 12, 19, 21, 22, 24, 26, 27, 28, 29, 30], maxlen=250000)}","{-1: deque([9, 10, 17, 18, 20], maxlen=250000), 1.5: deque([0], maxlen=250000), 1: deque([15, 23, 25, 33], maxlen=250000)}"
819,"{1: deque([1, 2, 5, 12, 14, 21, 23, 26, 31, 33], maxlen=250000), 1.5: deque([0], maxlen=250000), -1: deque([3, 4, 7, 8, 9, 10, 11, 13, 17, 18, 20, 24, 28, 30, 32], maxlen=250000)}","{-1: deque([6, 22, 25, 27, 29], maxlen=250000), 1.5: deque([0], maxlen=250000), 1: deque([15, 16, 19], maxlen=250000)}"
820,"{-1: deque([2, 4, 5, 10, 12, 13, 14, 16, 17, 18, 21, 22, 23, 29, 32], maxlen=250000), 1.5: deque([0], maxlen=250000), 1: deque([6, 8, 9, 11, 19, 20, 24, 28, 31], maxlen=250000)}","{1: deque([1, 27, 30, 33], maxlen=250000), 1.5: deque([0], maxlen=250000), -1: deque([3, 7, 15, 25, 26], maxlen=250000)}"
821,"{-1: deque([2, 3, 4, 12, 14, 15, 16, 17, 19, 20, 21, 26, 27, 28, 29], maxlen=250000), 1.5: deque([0], maxlen=250000), 1: deque([6, 7, 8, 11, 22, 23, 24, 25, 30, 33], maxlen=250000)}","{1: deque([1, 9, 31], maxlen=250000), 1.5: deque([0], maxlen=250000), -1: deque([5, 10, 13, 18, 32], maxlen=250000)}"
822,"{-1: deque([1, 2, 3, 6, 9, 10, 12, 13, 14, 17, 24, 25, 26, 28, 32], maxlen=250000), 1.5: deque([0], maxlen=250000), 1: deque([7, 8, 11, 15, 20, 21, 27, 29, 30, 33], maxlen=250000)}","{-1: deque([4, 5, 19, 23, 31], maxlen=250000), 1.5: deque([0], maxlen=250000), 1: deque([16, 18, 22], maxlen=250000)}"
823,"{1: deque([1, 12, 15, 24, 25, 26, 28, 30, 32], maxlen=250000), 1.5: deque([0], maxlen=250000), -1: deque([2, 4, 5, 6, 9, 13, 14, 16, 19, 20, 21, 22, 23, 27, 31], maxlen=250000)}","{-1: deque([3, 7, 10, 18, 29], maxlen=250000), 1.5: deque([0], maxlen=250000), 1: deque([8, 11, 17, 33], maxlen=250000)}"
824,"{-1: deque([1, 2, 5, 8, 12, 13, 15, 16, 22, 23, 24, 29, 30, 31, 32], maxlen=250000), 1.5: deque([0], maxlen=250000), 1: deque([3, 4, 6, 9, 10, 11, 18, 19, 25], maxlen=250000)}","{-1: deque([7, 20, 21, 27, 28], maxlen=250000), 1.5: deque([0], maxlen=250000), 1: deque([14, 17, 26, 33], maxlen=250000)}"
825,"{-1: deque([3, 4, 7, 9, 10, 12, 13, 14, 17, 18, 19, 23, 26, 27, 29], maxlen=250000), 1.5: deque([0], maxlen=250000), 1: deque([5, 6, 16, 20, 24, 28, 30, 31, 32, 33], maxlen=250000)}","{1: deque([1, 11, 21], maxlen=250000), 1.5: deque([0], maxlen=250000), -1: deque([2, 8, 15, 22, 25], maxlen=250000)}"
826,"{-1: deque([2, 7, 8, 10, 12, 17, 19, 20, 21, 22, 23, 24, 27, 30, 31], maxlen=250000), 1.5: deque([0], maxlen=250000), 1: deque([3, 4, 5, 6, 14, 15, 26, 28, 29], maxlen=250000)}","{1: deque([1, 11, 25, 33], maxlen=250000), 1.5: deque([0], maxlen=250000), -1: deque([9, 13, 16, 18, 32], maxlen=250000)}"
827,"{1: deque([1, 3, 8, 13, 20, 24, 28, 29, 32, 33], maxlen=250000), 1.5: deque([0], maxlen=250000), -1: deque([5, 6, 7, 9, 10, 11, 14, 15, 17, 19, 22, 23, 27, 30, 31], maxlen=250000)}","{1: deque([2, 4, 21], maxlen=250000), 1.5: deque([0], maxlen=250000), -1: deque([12, 16, 18, 25, 26], maxlen=250000)}"
828,"{1: deque([1, 3, 4, 5, 6, 7, 21, 22, 26], maxlen=250000), 1.5: deque([0], maxlen=250000), -1: deque([2, 8, 9, 10, 11, 13, 14, 15, 17, 18, 19, 24, 25, 30, 31], maxlen=250000)}","{-1: deque([12, 20, 23, 27, 32], maxlen=250000), 1.5: deque([0], maxlen=250000), 1: deque([16, 28, 29, 33], maxlen=250000)}"
829,"{-1: deque([1, 2, 3, 6, 7, 9, 10, 14, 17, 18, 23, 24, 25, 28, 29], maxlen=250000), 1.5: deque([0], maxlen=250000), 1: deque([4, 8, 11, 13, 20, 22, 30, 31, 32], maxlen=250000)}","{-1: deque([5, 12, 15, 21, 26], maxlen=250000), 1.5: deque([0], maxlen=250000), 1: deque([16, 19, 27, 33], maxlen=250000)}"
830,"{-1: deque([1, 2, 5, 9, 12, 13, 15, 17, 18, 21, 22, 24, 26, 30, 32], maxlen=250000), 1.5: deque([0], maxlen=250000), 1: deque([3, 4, 8, 10, 20, 25, 27, 29, 31, 33], maxlen=250000)}","{-1: deque([6, 11, 14, 19, 23], maxlen=250000), 1.5: deque([0], maxlen=250000), 1: deque([7, 16, 28], maxlen=250000)}"
831,"{-1: deque([1, 2, 3, 5, 7, 11, 12, 13, 15, 18, 21, 24, 26, 27, 28], maxlen=250000), 1.5: deque([0], maxlen=250000), 1: deque([4, 8, 16, 19, 20, 22, 23, 29, 30], maxlen=250000)}","{-1: deque([6, 9, 10, 14, 17], maxlen=250000), 1.5: deque([0], maxlen=250000), 1: deque([25, 31, 32, 33], maxlen=250000)}"
832,"{-1: deque([2, 6, 7, 8, 9, 10, 15, 16, 17, 20, 23, 24, 25, 26, 28], maxlen=250000), 1.5: deque([0], maxlen=250000), 1: deque([4, 5, 12, 14, 18, 21, 22, 30, 31, 33], maxlen=250000)}","{1: deque([1, 3, 19], maxlen=250000), 1.5: deque([0], maxlen=250000), -1: deque([11, 13, 27, 29, 32], maxlen=250000)}"
833,"{-1: deque([1, 3, 5, 6, 9, 10, 11, 15, 17, 19, 23, 24, 28, 30, 32], maxlen=250000), 1.5: deque([0], maxlen=250000), 1: deque([2, 4, 7, 8, 13, 20, 22, 25, 27, 33], maxlen=250000)}","{1: deque([12, 21, 26], maxlen=250000), 1.5: deque([0], maxlen=250000), -1: deque([14, 16, 18, 29, 31], maxlen=250000)}"
834,"{1: deque([1, 7, 12, 15, 16, 17, 19, 22, 23, 33], maxlen=250000), 1.5: deque([0], maxlen=250000), -1: deque([3, 4, 5, 9, 10, 11, 13, 18, 21, 25, 27, 28, 29, 30, 32], maxlen=250000)}","{1: deque([2, 14, 24], maxlen=250000), 1.5: deque([0], maxlen=250000), -1: deque([6, 8, 20, 26, 31], maxlen=250000)}"
835,"{1: deque([2, 9, 11, 13, 17, 19, 21, 25, 26], maxlen=250000), 1.5: deque([0], maxlen=250000), -1: deque([5, 6, 7, 8, 14, 16, 20, 22, 24, 27, 28, 29, 30, 31, 32], maxlen=250000)}","{-1: deque([1, 3, 10, 15, 18], maxlen=250000), 1.5: deque([0], maxlen=250000), 1: deque([4, 12, 23, 33], maxlen=250000)}"
836,"{1: deque([1, 2, 8, 10, 11, 12, 19, 20, 27], maxlen=250000), 1.5: deque([0], maxlen=250000), -1: deque([3, 4, 7, 13, 14, 15, 16, 17, 18, 21, 25, 26, 28, 29, 32], maxlen=250000)}","{1: deque([5, 22, 24, 33], maxlen=250000), 1.5: deque([0], maxlen=250000), -1: deque([6, 9, 23, 30, 31], maxlen=250000)}"
837,"{1: deque([1, 2, 4, 5, 10, 11, 21, 24, 29], maxlen=250000), 1.5: deque([0], maxlen=250000), -1: deque([3, 7, 9, 14, 17, 18, 19, 20, 25, 26, 27, 28, 30, 31, 32], maxlen=250000)}","{1: deque([6, 12, 15, 33], maxlen=250000), 1.5: deque([0], maxlen=250000), -1: deque([8, 13, 16, 22, 23], maxlen=250000)}"
838,"{-1: deque([1, 2, 3, 4, 6, 9, 10, 12, 15, 17, 18, 23, 26, 29, 31], maxlen=250000), 1.5: deque([0], maxlen=250000), 1: deque([7, 13, 14, 16, 21, 25, 27, 28, 30, 33], maxlen=250000)}","{-1: deque([5, 8, 19, 24, 32], maxlen=250000), 1.5: deque([0], maxlen=250000), 1: deque([11, 20, 22], maxlen=250000)}"
839,"{1: deque([1, 4, 9, 13, 14, 16, 19, 21, 26], maxlen=250000), 1.5: deque([0], maxlen=250000), -1: deque([2, 7, 8, 10, 11, 12, 15, 17, 20, 22, 25, 27, 28, 31, 32], maxlen=250000)}","{-1: deque([3, 5, 6, 18, 23], maxlen=250000), 1.5: deque([0], maxlen=250000), 1: deque([24, 29, 30, 33], maxlen=250000)}"
840,"{-1: deque([1, 3, 4, 9, 10, 11, 16, 18, 19, 23, 24, 25, 26, 29, 30], maxlen=250000), 1.5: deque([0], maxlen=250000), 1: deque([5, 7, 12, 13, 14, 17, 20, 22, 31], maxlen=250000)}","{1: deque([2, 27, 32, 33], maxlen=250000), 1.5: deque([0], maxlen=250000), -1: deque([6, 8, 15, 21, 28], maxlen=250000)}"
841,"{-1: deque([2, 3, 4, 17, 18, 20, 21, 23, 24, 25, 27, 28, 29, 30, 31], maxlen=250000), 1.5: deque([0], maxlen=250000), 1: deque([5, 6, 7, 8, 11, 12, 15, 26, 32], maxlen=250000)}","{1: deque([1, 13, 19, 33], maxlen=250000), 1.5: deque([0], maxlen=250000), -1: deque([9, 10, 14, 16, 22], maxlen=250000)}"
842,"{-1: deque([1, 5, 6, 7, 8, 10, 11, 15, 17, 20, 22, 24, 27, 28, 32], maxlen=250000), 1.5: deque([0], maxlen=250000), 1: deque([2, 9, 12, 14, 18, 23, 26, 29, 30], maxlen=250000)}","{-1: deque([3, 19, 21, 25, 31], maxlen=250000), 1.5: deque([0], maxlen=250000), 1: deque([4, 13, 16, 33], maxlen=250000)}"
843,"{1: deque([2, 3, 5, 6, 7, 14, 17, 25, 29, 33], maxlen=250000), 1.5: deque([0], maxlen=250000), -1: deque([4, 12, 13, 16, 18, 20, 21, 23, 24, 26, 27, 28, 30, 31, 32], maxlen=250000)}","{-1: deque([1, 9, 10, 19, 22], maxlen=250000), 1.5: deque([0], maxlen=250000), 1: deque([8, 11, 15], maxlen=250000)}"
844,"{-1: deque([4, 5, 9, 10, 11, 13, 14, 15, 16, 17, 20, 24, 28, 29, 32], maxlen=250000), 1.5: deque([0], maxlen=250000), 1: deque([6, 7, 8, 12, 19, 21, 23, 26, 30, 33], maxlen=250000)}","{1: deque([1, 3, 22], maxlen=250000), 1.5: deque([0], maxlen=250000), -1: deque([2, 18, 25, 27, 31], maxlen=250000)}"
845,"{-1: deque([1, 6, 9, 15, 17, 18, 19, 20, 21, 22, 25, 27, 28, 29, 32], maxlen=250000), 1.5: deque([0], maxlen=250000), 1: deque([2, 3, 4, 7, 13, 14, 16, 26, 31, 33], maxlen=250000)}","{-1: deque([5, 8, 10, 12, 23], maxlen=250000), 1.5: deque([0], maxlen=250000), 1: deque([11, 24, 30], maxlen=250000)}"
846,"{-1: deque([1, 3, 4, 6, 7, 9, 11, 15, 16, 18, 20, 21, 25, 28, 32], maxlen=250000), 1.5: deque([0], maxlen=250000), 1: deque([2, 5, 8, 12, 13, 23, 24, 30, 31, 33], maxlen=250000)}","{1: deque([10, 22, 26], maxlen=250000), 1.5: deque([0], maxlen=250000), -1: deque([14, 17, 19, 27, 29], maxlen=250000)}"
847,"{-1: deque([1, 2, 8, 11, 14, 16, 17, 20, 22, 23, 24, 27, 28, 29, 32], maxlen=250000), 1.5: deque([0], maxlen=250000), 1: deque([4, 7, 9, 10, 12, 13, 25, 26, 30], maxlen=250000)}","{1: deque([3, 15, 19, 33], maxlen=250000), 1.5: deque([0], maxlen=250000), -1: deque([5, 6, 18, 21, 31], maxlen=250000)}"
848,"{1: deque([1, 8, 10, 14, 19, 24, 27, 29, 30], maxlen=250000), 1.5: deque([0], maxlen=250000), -1: deque([2, 3, 4, 6, 7, 12, 13, 15, 16, 17, 20, 21, 22, 28, 31], maxlen=250000)}","{-1: deque([5, 9, 11, 23, 32], maxlen=250000), 1.5: deque([0], maxlen=250000), 1: deque([18, 25, 26, 33], maxlen=250000)}"
849,"{-1: deque([1, 4, 5, 6, 11, 12, 14, 15, 16, 19, 20, 28, 29, 31, 32], maxlen=250000), 1.5: deque([0], maxlen=250000), 1: deque([3, 7, 17, 21, 22, 24, 25, 26, 30, 33], maxlen=250000)}","{-1: deque([2, 9, 18, 23, 27], maxlen=250000), 1.5: deque([0], maxlen=250000), 1: deque([8, 10, 13], maxlen=250000)}"
850,"{-1: deque([1, 3, 5, 7, 10, 11, 14, 16, 17, 18, 23, 25, 28, 31, 32], maxlen=250000), 1.5: deque([0], maxlen=250000), 1: deque([4, 8, 9, 13, 19, 20, 24, 26, 30, 33], maxlen=250000)}","{-1: deque([2, 6, 15, 27, 29], maxlen=250000), 1.5: deque([0], maxlen=250000), 1: deque([12, 21, 22], maxlen=250000)}"
851,"{1: deque([1, 7, 8, 9, 11, 18, 25, 30, 31], maxlen=250000), 1.5: deque([0], maxlen=250000), -1: deque([4, 5, 6, 10, 13, 14, 16, 22, 23, 24, 26, 27, 28, 29, 32], maxlen=250000)}","{-1: deque([2, 3, 12, 19, 20], maxlen=250000), 1.5: deque([0], maxlen=250000), 1: deque([15, 17, 21, 33], maxlen=250000)}"
852,"{-1: deque([1, 3, 4, 11, 13, 17, 19, 20, 21, 22, 23, 25, 26, 27, 32], maxlen=250000), 1.5: deque([0], maxlen=250000), 1: deque([2, 6, 8, 9, 15, 16, 18, 28, 29, 33], maxlen=250000)}","{-1: deque([5, 12, 14, 30, 31], maxlen=250000), 1.5: deque([0], maxlen=250000), 1: deque([7, 10, 24], maxlen=250000)}"
853,"{1: deque([1, 2, 7, 8, 11, 14, 15, 16, 17], maxlen=250000), 1.5: deque([0], maxlen=250000), -1: deque([4, 5, 9, 12, 13, 18, 19, 20, 21, 22, 26, 27, 28, 29, 32], maxlen=250000)}","{-1: deque([3, 10, 23, 24, 31], maxlen=250000), 1.5: deque([0], maxlen=250000), 1: deque([6, 25, 30, 33], maxlen=250000)}"
854,"{1: deque([1, 5, 11, 14, 16, 19, 26, 28, 29], maxlen=250000), 1.5: deque([0], maxlen=250000), -1: deque([2, 4, 7, 8, 9, 10, 12, 17, 18, 20, 21, 22, 25, 30, 31], maxlen=250000)}","{-1: deque([3, 6, 15, 23, 24], maxlen=250000), 1.5: deque([0], maxlen=250000), 1: deque([13, 27, 32, 33], maxlen=250000)}"
855,"{-1: deque([1, 3, 6, 7, 13, 14, 16, 19, 21, 22, 26, 27, 29, 31, 32], maxlen=250000), 1.5: deque([0], maxlen=250000), 1: deque([2, 9, 10, 17, 20, 23, 24, 25, 28, 33], maxlen=250000)}","{-1: deque([4, 5, 8, 12, 30], maxlen=250000), 1.5: deque([0], maxlen=250000), 1: deque([11, 15, 18], maxlen=250000)}"
856,"{1: deque([1, 6, 11, 16, 21, 25, 26, 30, 31, 33], maxlen=250000), 1.5: deque([0], maxlen=250000), -1: deque([4, 5, 7, 8, 10, 14, 15, 17, 18, 19, 20, 22, 24, 28, 32], maxlen=250000)}","{-1: deque([2, 3, 9, 13, 23], maxlen=250000), 1.5: deque([0], maxlen=250000), 1: deque([12, 27, 29], maxlen=250000)}"
857,"{-1: deque([1, 4, 5, 6, 9, 12, 15, 16, 19, 21, 22, 25, 30, 31, 32], maxlen=250000), 1.5: deque([0], maxlen=250000), 1: deque([3, 7, 10, 11, 14, 17, 24, 26, 28], maxlen=250000)}","{1: deque([2, 8, 29, 33], maxlen=250000), 1.5: deque([0], maxlen=250000), -1: deque([13, 18, 20, 23, 27], maxlen=250000)}"
858,"{1: deque([1, 2, 3, 4, 11, 21, 24, 29, 31, 33], maxlen=250000), 1.5: deque([0], maxlen=250000), -1: deque([6, 10, 12, 13, 14, 15, 16, 19, 20, 22, 23, 25, 26, 27, 32], maxlen=250000)}","{1: deque([5, 9, 30], maxlen=250000), 1.5: deque([0], maxlen=250000), -1: deque([7, 8, 17, 18, 28], maxlen=250000)}"
859,"{-1: deque([1, 6, 9, 10, 11, 12, 14, 19, 26, 27, 28, 29, 30, 31, 32], maxlen=250000), 1.5: deque([0], maxlen=250000), 1: deque([2, 3, 4, 5, 13, 20, 21, 23, 25], maxlen=250000)}","{-1: deque([7, 8, 15, 16, 18], maxlen=250000), 1.5: deque([0], maxlen=250000), 1: deque([17, 22, 24, 33], maxlen=250000)}"
860,"{-1: deque([1, 2, 5, 11, 16, 18, 20, 21, 22, 24, 25, 26, 27, 31, 32], maxlen=250000), 1.5: deque([0], maxlen=250000), 1: deque([4, 6, 8, 9, 10, 17, 19, 23, 28], maxlen=250000)}","{1: deque([3, 7, 30, 33], maxlen=250000), 1.5: deque([0], maxlen=250000), -1: deque([12, 13, 14, 15, 29], maxlen=250000)}"
861,"{-1: deque([1, 7, 9, 10, 11, 12, 13, 14, 20, 23, 24, 27, 28, 29, 30], maxlen=250000), 1.5: deque([0], maxlen=250000), 1: deque([3, 5, 8, 15, 16, 25, 26, 31, 32, 33], maxlen=250000)}","{1: deque([2, 17, 21], maxlen=250000), 1.5: deque([0], maxlen=250000), -1: deque([4, 6, 18, 19, 22], maxlen=250000)}"
862,"{-1: deque([1, 5, 6, 7, 8, 9, 10, 16, 18, 20, 24, 25, 26, 29, 31], maxlen=250000), 1.5: deque([0], maxlen=250000), 1: deque([4, 11, 12, 13, 15, 17, 19, 23, 27], maxlen=250000)}","{-1: deque([2, 3, 28, 30, 32], maxlen=250000), 1.5: deque([0], maxlen=250000), 1: deque([14, 21, 22, 33], maxlen=250000)}"
863,"{-1: deque([1, 2, 7, 9, 11, 12, 13, 19, 23, 24, 25, 27, 28, 31, 32], maxlen=250000), 1.5: deque([0], maxlen=250000), 1: deque([3, 4, 5, 10, 17, 18, 20, 21, 22], maxlen=250000)}","{1: deque([6, 26, 29, 33], maxlen=250000), 1.5: deque([0], maxlen=250000), -1: deque([8, 14, 15, 16, 30], maxlen=250000)}"
864,"{1: deque([1, 9, 12, 17, 19, 20, 26, 28, 31, 33], maxlen=250000), 1.5: deque([0], maxlen=250000), -1: deque([2, 3, 4, 5, 10, 11, 13, 14, 18, 21, 22, 24, 25, 29, 32], maxlen=250000)}","{1: deque([6, 8, 23], maxlen=250000), 1.5: deque([0], maxlen=250000), -1: deque([7, 15, 16, 27, 30], maxlen=250000)}"
865,"{-1: deque([3, 4, 5, 6, 8, 11, 13, 14, 15, 20, 21, 24, 27, 29, 32], maxlen=250000), 1.5: deque([0], maxlen=250000), 1: deque([7, 10, 16, 18, 19, 23, 25, 26, 28, 33], maxlen=250000)}","{-1: deque([1, 9, 12, 22, 31], maxlen=250000), 1.5: deque([0], maxlen=250000), 1: deque([2, 17, 30], maxlen=250000)}"
866,"{-1: deque([1, 3, 5, 6, 10, 11, 12, 16, 19, 22, 24, 26, 27, 28, 31], maxlen=250000), 1.5: deque([0], maxlen=250000), 1: deque([2, 7, 14, 15, 17, 18, 21, 30, 32], maxlen=250000)}","{-1: deque([4, 9, 13, 20, 23], maxlen=250000), 1.5: deque([0], maxlen=250000), 1: deque([8, 25, 29, 33], maxlen=250000)}"
867,"{-1: deque([1, 3, 4, 5, 6, 7, 10, 14, 15, 21, 23, 27, 30, 31, 32], maxlen=250000), 1.5: deque([0], maxlen=250000), 1: deque([2, 8, 11, 12, 13, 16, 22, 25, 29, 33], maxlen=250000)}","{1: deque([9, 18, 19], maxlen=250000), 1.5: deque([0], maxlen=250000), -1: deque([17, 20, 24, 26, 28], maxlen=250000)}"
868,"{1: deque([1, 8, 9, 10, 17, 20, 21, 23, 28, 33], maxlen=250000), 1.5: deque([0], maxlen=250000), -1: deque([3, 4, 11, 12, 13, 14, 16, 18, 22, 24, 25, 26, 27, 31, 32], maxlen=250000)}","{1: deque([2, 5, 6], maxlen=250000), 1.5: deque([0], maxlen=250000), -1: deque([7, 15, 19, 29, 30], maxlen=250000)}"
869,"{-1: deque([1, 3, 4, 5, 6, 12, 16, 17, 19, 21, 22, 24, 25, 26, 27], maxlen=250000), 1.5: deque([0], maxlen=250000), 1: deque([2, 7, 8, 9, 11, 13, 20, 30, 31, 33], maxlen=250000)}","{-1: deque([10, 14, 28, 29, 32], maxlen=250000), 1.5: deque([0], maxlen=250000), 1: deque([15, 18, 23], maxlen=250000)}"
870,"{-1: deque([1, 2, 3, 4, 9, 11, 12, 17, 20, 21, 23, 24, 27, 29, 31], maxlen=250000), 1.5: deque([0], maxlen=250000), 1: deque([8, 10, 15, 16, 22, 25, 26, 28, 32, 33], maxlen=250000)}","{-1: deque([5, 13, 18, 19, 30], maxlen=250000), 1.5: deque([0], maxlen=250000), 1: deque([6, 7, 14], maxlen=250000)}"
871,"{-1: deque([1, 2, 3, 9, 10, 11, 13, 16, 17, 19, 20, 24, 25, 28, 29], maxlen=250000), 1.5: deque([0], maxlen=250000), 1: deque([5, 7, 8, 15, 18, 23, 26, 30, 32, 33], maxlen=250000)}","{-1: deque([4, 6, 22, 27, 31], maxlen=250000), 1.5: deque([0], maxlen=250000), 1: deque([12, 14, 21], maxlen=250000)}"
872,"{-1: deque([1, 2, 5, 12, 19, 20, 21, 22, 23, 25, 26, 27, 28, 29, 31], maxlen=250000), 1.5: deque([0], maxlen=250000), 1: deque([3, 9, 10, 11, 14, 16, 17, 24, 30], maxlen=250000)}","{-1: deque([4, 6, 7, 8, 15], maxlen=250000), 1.5: deque([0], maxlen=250000), 1: deque([13, 18, 32, 33], maxlen=250000)}"
873,"{-1: deque([2, 6, 8, 10, 12, 13, 14, 18, 19, 24, 26, 27, 28, 30, 31], maxlen=250000), 1.5: deque([0], maxlen=250000), 1: deque([3, 4, 9, 11, 15, 16, 22, 23, 29, 33], maxlen=250000)}","{1: deque([1, 5, 21], maxlen=250000), 1.5: deque([0], maxlen=250000), -1: deque([7, 17, 20, 25, 32], maxlen=250000)}"
874,"{-1: deque([1, 3, 8, 9, 11, 14, 17, 19, 20, 24, 25, 29, 30, 31, 32], maxlen=250000), 1.5: deque([0], maxlen=250000), 1: deque([4, 5, 7, 13, 15, 16, 22, 26, 27], maxlen=250000)}","{-1: deque([2, 6, 10, 12, 23], maxlen=250000), 1.5: deque([0], maxlen=250000), 1: deque([18, 21, 28, 33], maxlen=250000)}"
875,"{-1: deque([2, 5, 6, 9, 11, 12, 14, 16, 17, 18, 19, 24, 25, 27, 31], maxlen=250000), 1.5: deque([0], maxlen=250000), 1: deque([3, 8, 10, 15, 22, 23, 28, 29, 30, 33], maxlen=250000)}","{1: deque([1, 7, 32], maxlen=250000), 1.5: deque([0], maxlen=250000), -1: deque([4, 13, 20, 21, 26], maxlen=250000)}"
876,"{-1: deque([1, 2, 5, 13, 15, 16, 18, 19, 20, 21, 23, 24, 27, 28, 32], maxlen=250000), 1.5: deque([0], maxlen=250000), 1: deque([3, 6, 7, 8, 9, 17, 25, 29, 30], maxlen=250000)}","{-1: deque([4, 11, 12, 14, 31], maxlen=250000), 1.5: deque([0], maxlen=250000), 1: deque([10, 22, 26, 33], maxlen=250000)}"
877,"{1: deque([2, 4, 5, 6, 7, 11, 19, 22, 23, 33], maxlen=250000), 1.5: deque([0], maxlen=250000), -1: deque([3, 8, 9, 10, 12, 13, 15, 16, 18, 20, 21, 27, 30, 31, 32], maxlen=250000)}","{1: deque([1, 25, 28], maxlen=250000), 1.5: deque([0], maxlen=250000), -1: deque([14, 17, 24, 26, 29], maxlen=250000)}"
878,"{1: deque([1, 6, 7, 9, 10, 13, 21, 22, 30], maxlen=250000), 1.5: deque([0], maxlen=250000), -1: deque([3, 5, 8, 11, 12, 14, 17, 19, 23, 24, 25, 26, 28, 29, 31], maxlen=250000)}","{-1: deque([2, 15, 16, 18, 27], maxlen=250000), 1.5: deque([0], maxlen=250000), 1: deque([4, 20, 32, 33], maxlen=250000)}"
879,"{-1: deque([2, 6, 7, 10, 11, 12, 14, 20, 22, 23, 25, 26, 27, 28, 32], maxlen=250000), 1.5: deque([0], maxlen=250000), 1: deque([3, 4, 5, 9, 13, 16, 18, 19, 29, 33], maxlen=250000)}","{-1: deque([1, 8, 15, 17, 24], maxlen=250000), 1.5: deque([0], maxlen=250000), 1: deque([21, 30, 31], maxlen=250000)}"
880,"{1: deque([1, 6, 7, 9, 10, 12, 18, 29, 31, 33], maxlen=250000), 1.5: deque([0], maxlen=250000), -1: deque([2, 3, 5, 11, 13, 15, 17, 19, 20, 22, 23, 24, 25, 27, 28], maxlen=250000)}","{-1: deque([4, 16, 26, 30, 32], maxlen=250000), 1.5: deque([0], maxlen=250000), 1: deque([8, 14, 21], maxlen=250000)}"
881,"{1: deque([2, 3, 6, 13, 16, 19, 24, 27, 30, 33], maxlen=250000), 1.5: deque([0], maxlen=250000), -1: deque([4, 8, 9, 12, 14, 15, 17, 18, 20, 21, 23, 25, 28, 31, 32], maxlen=250000)}","{1: deque([1, 10, 11], maxlen=250000), 1.5: deque([0], maxlen=250000), -1: deque([5, 7, 22, 26, 29], maxlen=250000)}"
882,"{1: deque([1, 3, 4, 13, 14, 18, 19, 21, 25, 33], maxlen=250000), 1.5: deque([0], maxlen=250000), -1: deque([5, 7, 8, 11, 12, 15, 16, 17, 20, 22, 26, 27, 28, 30, 31], maxlen=250000)}","{1: deque([2, 9, 32], maxlen=250000), 1.5: deque([0], maxlen=250000), -1: deque([6, 10, 23, 24, 29], maxlen=250000)}"
883,"{1: deque([1, 3, 4, 11, 17, 19, 20, 21, 29], maxlen=250000), 1.5: deque([0], maxlen=250000), -1: deque([2, 5, 6, 7, 10, 12, 15, 16, 18, 22, 23, 24, 26, 27, 30], maxlen=250000)}","{-1: deque([8, 13, 14, 25, 32], maxlen=250000), 1.5: deque([0], maxlen=250000), 1: deque([9, 28, 31, 33], maxlen=250000)}"
884,"{-1: deque([1, 4, 5, 6, 12, 14, 16, 17, 20, 22, 23, 24, 27, 30, 32], maxlen=250000), 1.5: deque([0], maxlen=250000), 1: deque([3, 7, 9, 10, 13, 15, 18, 19, 28, 33], maxlen=250000)}","{-1: deque([2, 8, 25, 26, 31], maxlen=250000), 1.5: deque([0], maxlen=250000), 1: deque([11, 21, 29], maxlen=250000)}"
885,"{-1: deque([1, 5, 6, 7, 8, 10, 11, 12, 18, 22, 25, 27, 30, 31, 32], maxlen=250000), 1.5: deque([0], maxlen=250000), 1: deque([3, 4, 14, 15, 16, 17, 24, 28, 29, 33], maxlen=250000)}","{1: deque([2, 9, 23], maxlen=250000), 1.5: deque([0], maxlen=250000), -1: deque([13, 19, 20, 21, 26], maxlen=250000)}"
886,"{-1: deque([1, 2, 3, 4, 5, 6, 11, 13, 19, 21, 22, 25, 28, 29, 32], maxlen=250000), 1.5: deque([0], maxlen=250000), 1: deque([7, 8, 10, 12, 18, 20, 23, 27, 31], maxlen=250000)}","{1: deque([9, 16, 26, 33], maxlen=250000), 1.5: deque([0], maxlen=250000), -1: deque([14, 15, 17, 24, 30], maxlen=250000)}"
887,"{1: deque([1, 5, 6, 9, 11, 19, 20, 22, 29], maxlen=250000), 1.5: deque([0], maxlen=250000), -1: deque([3, 4, 8, 10, 12, 13, 17, 18, 21, 23, 25, 27, 28, 30, 32], maxlen=250000)}","{-1: deque([2, 7, 14, 16, 24], maxlen=250000), 1.5: deque([0], maxlen=250000), 1: deque([15, 26, 31, 33], maxlen=250000)}"
888,"{-1: deque([1, 2, 3, 5, 6, 7, 8, 10, 12, 15, 16, 17, 27, 30, 31], maxlen=250000), 1.5: deque([0], maxlen=250000), 1: deque([4, 9, 11, 19, 20, 22, 24, 25, 26], maxlen=250000)}","{-1: deque([13, 14, 18, 23, 29], maxlen=250000), 1.5: deque([0], maxlen=250000), 1: deque([21, 28, 32, 33], maxlen=250000)}"
889,"{-1: deque([1, 10, 13, 20, 21, 22, 23, 24, 25, 27, 28, 29, 30, 31, 32], maxlen=250000), 1.5: deque([0], maxlen=250000), 1: deque([3, 5, 7, 9, 11, 12, 14, 17, 26], maxlen=250000)}","{-1: deque([2, 4, 6, 15, 16], maxlen=250000), 1.5: deque([0], maxlen=250000), 1: deque([8, 18, 19, 33], maxlen=250000)}"
890,"{-1: deque([1, 9, 10, 12, 13, 14, 16, 17, 19, 20, 21, 23, 27, 28, 32], maxlen=250000), 1.5: deque([0], maxlen=250000), 1: deque([2, 3, 5, 11, 15, 18, 24, 26, 30], maxlen=250000)}","{-1: deque([4, 8, 22, 25, 31], maxlen=250000), 1.5: deque([0], maxlen=250000), 1: deque([6, 7, 29, 33], maxlen=250000)}"
891,"{1: deque([1, 2, 13, 14, 16, 17, 27, 31, 32, 33], maxlen=250000), 1.5: deque([0], maxlen=250000), -1: deque([7, 10, 11, 12, 18, 19, 20, 21, 22, 23, 24, 25, 26, 28, 29], maxlen=250000)}","{1: deque([3, 5, 6], maxlen=250000), 1.5: deque([0], maxlen=250000), -1: deque([4, 8, 9, 15, 30], maxlen=250000)}"
892,"{1: deque([2, 5, 9, 11, 12, 13, 18, 20, 27], maxlen=250000), 1.5: deque([0], maxlen=250000), -1: deque([7, 8, 10, 14, 15, 16, 17, 21, 22, 25, 26, 28, 30, 31, 32], maxlen=250000)}","{-1: deque([1, 4, 6, 23, 24], maxlen=250000), 1.5: deque([0], maxlen=250000), 1: deque([3, 19, 29, 33], maxlen=250000)}"
893,"{-1: deque([1, 4, 7, 8, 11, 12, 14, 17, 20, 25, 27, 29, 30, 31, 32], maxlen=250000), 1.5: deque([0], maxlen=250000), 1: deque([2, 5, 6, 13, 15, 16, 18, 19, 23, 33], maxlen=250000)}","{-1: deque([3, 9, 21, 22, 28], maxlen=250000), 1.5: deque([0], maxlen=250000), 1: deque([10, 24, 26], maxlen=250000)}"
894,"{1: deque([1, 8, 11, 17, 19, 20, 29, 30, 31], maxlen=250000), 1.5: deque([0], maxlen=250000), -1: deque([4, 5, 6, 7, 9, 10, 12, 13, 15, 21, 22, 25, 26, 27, 32], maxlen=250000)}","{-1: deque([2, 14, 16, 18, 28], maxlen=250000), 1.5: deque([0], maxlen=250000), 1: deque([3, 23, 24, 33], maxlen=250000)}"
895,"{1: deque([1, 2, 3, 7, 8, 20, 23, 25, 30, 33], maxlen=250000), 1.5: deque([0], maxlen=250000), -1: deque([4, 5, 10, 11, 13, 14, 15, 16, 19, 21, 22, 26, 27, 31, 32], maxlen=250000)}","{-1: deque([6, 17, 18, 28, 29], maxlen=250000), 1.5: deque([0], maxlen=250000), 1: deque([9, 12, 24], maxlen=250000)}"
896,"{-1: deque([3, 5, 6, 7, 9, 10, 12, 13, 21, 23, 26, 27, 29, 30, 31], maxlen=250000), 1.5: deque([0], maxlen=250000), 1: deque([4, 11, 14, 15, 17, 20, 22, 24, 25, 33], maxlen=250000)}","{1: deque([1, 18, 28], maxlen=250000), 1.5: deque([0], maxlen=250000), -1: deque([2, 8, 16, 19, 32], maxlen=250000)}"
897,"{1: deque([1, 3, 11, 13, 14, 22, 25, 26, 30, 33], maxlen=250000), 1.5: deque([0], maxlen=250000), -1: deque([2, 7, 8, 10, 15, 16, 17, 19, 20, 21, 23, 24, 27, 28, 31], maxlen=250000)}","{-1: deque([4, 6, 12, 29, 32], maxlen=250000), 1.5: deque([0], maxlen=250000), 1: deque([5, 9, 18], maxlen=250000)}"
898,"{1: deque([1, 3, 12, 17, 26, 29, 30, 31, 32], maxlen=250000), 1.5: deque([0], maxlen=250000), -1: deque([2, 4, 5, 6, 7, 9, 10, 14, 16, 18, 19, 22, 25, 27, 28], maxlen=250000)}","{1: deque([8, 13, 21, 33], maxlen=250000), 1.5: deque([0], maxlen=250000), -1: deque([11, 15, 20, 23, 24], maxlen=250000)}"
899,"{1: deque([1, 2, 3, 5, 14, 23, 24, 31, 32, 33], maxlen=250000), 1.5: deque([0], maxlen=250000), -1: deque([4, 6, 7, 8, 9, 10, 12, 16, 17, 18, 19, 20, 21, 22, 27], maxlen=250000)}","{-1: deque([11, 13, 15, 26, 30], maxlen=250000), 1.5: deque([0], maxlen=250000), 1: deque([25, 28, 29], maxlen=250000)}"
900,"{-1: deque([1, 3, 8, 11, 12, 14, 15, 19, 21, 23, 24, 25, 26, 30, 32], maxlen=250000), 1.5: deque([0], maxlen=250000), 1: deque([4, 9, 10, 13, 16, 22, 27, 29, 31], maxlen=250000)}","{1: deque([2, 6, 20, 33], maxlen=250000), 1.5: deque([0], maxlen=250000), -1: deque([5, 7, 17, 18, 28], maxlen=250000)}"
901,"{-1: deque([2, 3, 5, 6, 7, 12, 13, 16, 18, 22, 23, 24, 30, 31, 32], maxlen=250000), 1.5: deque([0], maxlen=250000), 1: deque([4, 8, 11, 14, 17, 20, 21, 26, 27], maxlen=250000)}","{-1: deque([1, 9, 10, 25, 28], maxlen=250000), 1.5: deque([0], maxlen=250000), 1: deque([15, 19, 29, 33], maxlen=250000)}"
902,"{-1: deque([1, 5, 6, 8, 9, 10, 11, 14, 18, 22, 23, 25, 29, 31, 32], maxlen=250000), 1.5: deque([0], maxlen=250000), 1: deque([2, 4, 7, 13, 20, 21, 24, 27, 28], maxlen=250000)}","{1: deque([3, 19, 26, 33], maxlen=250000), 1.5: deque([0], maxlen=250000), -1: deque([12, 15, 16, 17, 30], maxlen=250000)}"
903,"{-1: deque([1, 4, 10, 12, 13, 14, 15, 19, 20, 21, 22, 25, 26, 29, 30], maxlen=250000), 1.5: deque([0], maxlen=250000), 1: deque([2, 5, 6, 7, 11, 16, 23, 24, 27], maxlen=250000)}","{-1: deque([3, 8, 17, 18, 28], maxlen=250000), 1.5: deque([0], maxlen=250000), 1: deque([9, 31, 32, 33], maxlen=250000)}"
904,"{-1: deque([1, 2, 4, 6, 8, 10, 11, 14, 18, 19, 20, 21, 23, 25, 29], maxlen=250000), 1.5: deque([0], maxlen=250000), 1: deque([3, 5, 9, 12, 16, 22, 26, 28, 32], maxlen=250000)}","{-1: deque([7, 17, 27, 30, 31], maxlen=250000), 1.5: deque([0], maxlen=250000), 1: deque([13, 15, 24, 33], maxlen=250000)}"
905,"{-1: deque([2, 3, 8, 9, 10, 13, 15, 19, 20, 22, 25, 26, 29, 30, 31], maxlen=250000), 1.5: deque([0], maxlen=250000), 1: deque([4, 6, 12, 17, 18, 23, 24, 28, 32], maxlen=250000)}","{-1: deque([1, 5, 7, 11, 27], maxlen=250000), 1.5: deque([0], maxlen=250000), 1: deque([14, 16, 21, 33], maxlen=250000)}"
906,"{-1: deque([1, 3, 5, 6, 8, 9, 11, 12, 16, 17, 20, 23, 25, 26, 30], maxlen=250000), 1.5: deque([0], maxlen=250000), 1: deque([10, 14, 18, 19, 21, 22, 24, 27, 29, 33], maxlen=250000)}","{-1: deque([2, 4, 7, 13, 15], maxlen=250000), 1.5: deque([0], maxlen=250000), 1: deque([28, 31, 32], maxlen=250000)}"
907,"{1: deque([1, 2, 5, 9, 10, 21, 23, 25, 28, 33], maxlen=250000), 1.5: deque([0], maxlen=250000), -1: deque([3, 7, 8, 11, 14, 15, 18, 19, 20, 22, 24, 26, 27, 30, 32], maxlen=250000)}","{1: deque([4, 16, 31], maxlen=250000), 1.5: deque([0], maxlen=250000), -1: deque([6, 12, 13, 17, 29], maxlen=250000)}"
908,"{1: deque([1, 3, 6, 9, 18, 23, 24, 29, 32, 33], maxlen=250000), 1.5: deque([0], maxlen=250000), -1: deque([2, 4, 5, 8, 10, 12, 14, 15, 16, 17, 19, 21, 26, 27, 30], maxlen=250000)}","{-1: deque([7, 11, 13, 20, 31], maxlen=250000), 1.5: deque([0], maxlen=250000), 1: deque([22, 25, 28], maxlen=250000)}"
909,"{-1: deque([1, 2, 4, 5, 6, 8, 9, 11, 16, 17, 20, 24, 27, 30, 32], maxlen=250000), 1.5: deque([0], maxlen=250000), 1: deque([10, 12, 14, 15, 18, 21, 23, 28, 29], maxlen=250000)}","{1: deque([3, 7, 26, 33], maxlen=250000), 1.5: deque([0], maxlen=250000), -1: deque([13, 19, 22, 25, 31], maxlen=250000)}"
910,"{-1: deque([1, 3, 5, 8, 9, 10, 13, 14, 16, 17, 18, 20, 21, 27, 32], maxlen=250000), 1.5: deque([0], maxlen=250000), 1: deque([6, 7, 11, 12, 25, 26, 28, 29, 31], maxlen=250000)}","{-1: deque([2, 15, 19, 22, 24], maxlen=250000), 1.5: deque([0], maxlen=250000), 1: deque([4, 23, 30, 33], maxlen=250000)}"
911,"{-1: deque([1, 3, 6, 9, 11, 15, 16, 18, 19, 25, 26, 28, 29, 30, 32], maxlen=250000), 1.5: deque([0], maxlen=250000), 1: deque([2, 4, 7, 12, 13, 17, 20, 21, 24], maxlen=250000)}","{-1: deque([5, 10, 14, 22, 23], maxlen=250000), 1.5: deque([0], maxlen=250000), 1: deque([8, 27, 31, 33], maxlen=250000)}"
912,"{-1: deque([2, 4, 6, 7, 8, 17, 18, 20, 23, 25, 26, 27, 28, 29, 31], maxlen=250000), 1.5: deque([0], maxlen=250000), 1: deque([3, 5, 9, 10, 11, 13, 16, 21, 30, 33], maxlen=250000)}","{1: deque([1, 14, 24], maxlen=250000), 1.5: deque([0], maxlen=250000), -1: deque([12, 15, 19, 22, 32], maxlen=250000)}"
913,"{1: deque([1, 9, 12, 20, 21, 24, 25, 27, 30, 33], maxlen=250000), 1.5: deque([0], maxlen=250000), -1: deque([2, 3, 4, 5, 11, 13, 14, 15, 19, 22, 23, 26, 28, 31, 32], maxlen=250000)}","{1: deque([6, 7, 29], maxlen=250000), 1.5: deque([0], maxlen=250000), -1: deque([8, 10, 16, 17, 18], maxlen=250000)}"
914,"{-1: deque([3, 8, 10, 11, 14, 15, 16, 19, 20, 22, 24, 25, 26, 31, 32], maxlen=250000), 1.5: deque([0], maxlen=250000), 1: deque([6, 9, 12, 13, 17, 18, 27, 28, 30], maxlen=250000)}","{1: deque([1, 7, 29, 33], maxlen=250000), 1.5: deque([0], maxlen=250000), -1: deque([2, 4, 5, 21, 23], maxlen=250000)}"
915,"{1: deque([2, 5, 14, 15, 17, 19, 20, 23, 24], maxlen=250000), 1.5: deque([0], maxlen=250000), -1: deque([6, 7, 8, 11, 12, 13, 16, 18, 22, 25, 26, 28, 29, 31, 32], maxlen=250000)}","{1: deque([1, 3, 4, 33], maxlen=250000), 1.5: deque([0], maxlen=250000), -1: deque([9, 10, 21, 27, 30], maxlen=250000)}"
916,"{1: deque([1, 15, 20, 23, 24, 25, 27, 31, 32], maxlen=250000), 1.5: deque([0], maxlen=250000), -1: deque([6, 8, 9, 10, 11, 12, 14, 17, 18, 19, 21, 22, 26, 28, 30], maxlen=250000)}","{1: deque([2, 4, 29, 33], maxlen=250000), 1.5: deque([0], maxlen=250000), -1: deque([3, 5, 7, 13, 16], maxlen=250000)}"
917,"{-1: deque([1, 2, 7, 8, 9, 15, 19, 20, 21, 22, 24, 25, 27, 30, 31], maxlen=250000), 1.5: deque([0], maxlen=250000), 1: deque([3, 11, 12, 14, 16, 17, 18, 23, 28, 33], maxlen=250000)}","{1: deque([4, 5, 26], maxlen=250000), 1.5: deque([0], maxlen=250000), -1: deque([6, 10, 13, 29, 32], maxlen=250000)}"
918,"{1: deque([1, 3, 12, 21, 23, 25, 27, 31, 32, 33], maxlen=250000), 1.5: deque([0], maxlen=250000), -1: deque([2, 4, 7, 8, 10, 11, 14, 16, 17, 18, 19, 20, 22, 24, 30], maxlen=250000)}","{-1: deque([5, 6, 15, 28, 29], maxlen=250000), 1.5: deque([0], maxlen=250000), 1: deque([9, 13, 26], maxlen=250000)}"
919,"{1: deque([2, 3, 6, 9, 10, 20, 25, 28, 31], maxlen=250000), 1.5: deque([0], maxlen=250000), -1: deque([5, 7, 11, 12, 13, 14, 15, 17, 19, 21, 22, 23, 27, 30, 32], maxlen=250000)}","{-1: deque([1, 4, 8, 16, 18], maxlen=250000), 1.5: deque([0], maxlen=250000), 1: deque([24, 26, 29, 33], maxlen=250000)}"
920,"{-1: deque([2, 3, 5, 6, 10, 11, 13, 14, 16, 18, 19, 20, 25, 26, 31], maxlen=250000), 1.5: deque([0], maxlen=250000), 1: deque([7, 8, 9, 17, 21, 28, 29, 30, 32], maxlen=250000)}","{-1: deque([1, 4, 15, 23, 24], maxlen=250000), 1.5: deque([0], maxlen=250000), 1: deque([12, 22, 27, 33], maxlen=250000)}"
921,"{1: deque([1, 4, 5, 9, 11, 21, 23, 26, 28], maxlen=250000), 1.5: deque([0], maxlen=250000), -1: deque([6, 7, 8, 10, 12, 13, 14, 16, 17, 18, 24, 25, 27, 30, 32], maxlen=250000)}","{-1: deque([2, 3, 19, 20, 29], maxlen=250000), 1.5: deque([0], maxlen=250000), 1: deque([15, 22, 31, 33], maxlen=250000)}"
922,"{-1: deque([3, 4, 6, 9, 14, 15, 16, 18, 19, 21, 24, 25, 26, 28, 31], maxlen=250000), 1.5: deque([0], maxlen=250000), 1: deque([7, 8, 11, 12, 13, 22, 23, 29, 30, 33], maxlen=250000)}","{1: deque([1, 10, 27], maxlen=250000), 1.5: deque([0], maxlen=250000), -1: deque([2, 5, 17, 20, 32], maxlen=250000)}"
923,"{-1: deque([1, 2, 7, 10, 13, 15, 16, 18, 23, 24, 25, 26, 27, 30, 31], maxlen=250000), 1.5: deque([0], maxlen=250000), 1: deque([4, 12, 14, 17, 19, 20, 21, 28, 32], maxlen=250000)}","{-1: deque([3, 8, 11, 22, 29], maxlen=250000), 1.5: deque([0], maxlen=250000), 1: deque([5, 6, 9, 33], maxlen=250000)}"
924,"{-1: deque([1, 2, 5, 6, 7, 11, 13, 14, 16, 18, 19, 20, 21, 24, 28], maxlen=250000), 1.5: deque([0], maxlen=250000), 1: deque([9, 10, 15, 22, 23, 26, 27, 29, 31], maxlen=250000)}","{-1: deque([3, 4, 12, 25, 30], maxlen=250000), 1.5: deque([0], maxlen=250000), 1: deque([8, 17, 32, 33], maxlen=250000)}"
925,"{-1: deque([1, 3, 5, 7, 8, 9, 18, 20, 21, 22, 24, 25, 28, 29, 32], maxlen=250000), 1.5: deque([0], maxlen=250000), 1: deque([4, 10, 12, 13, 15, 17, 19, 26, 30, 33], maxlen=250000)}","{-1: deque([2, 11, 14, 16, 27], maxlen=250000), 1.5: deque([0], maxlen=250000), 1: deque([6, 23, 31], maxlen=250000)}"
926,"{-1: deque([1, 3, 6, 9, 14, 15, 17, 18, 21, 22, 23, 25, 30, 31, 32], maxlen=250000), 1.5: deque([0], maxlen=250000), 1: deque([2, 8, 11, 12, 13, 19, 24, 26, 27, 33], maxlen=250000)}","{1: deque([4, 5, 28], maxlen=250000), 1.5: deque([0], maxlen=250000), -1: deque([7, 10, 16, 20, 29], maxlen=250000)}"
927,"{1: deque([1, 2, 10, 13, 17, 20, 28, 30, 32], maxlen=250000), 1.5: deque([0], maxlen=250000), -1: deque([5, 6, 8, 9, 11, 15, 18, 21, 22, 23, 24, 26, 27, 29, 31], maxlen=250000)}","{-1: deque([3, 4, 14, 19, 25], maxlen=250000), 1.5: deque([0], maxlen=250000), 1: deque([7, 12, 16, 33], maxlen=250000)}"
928,"{-1: deque([1, 3, 5, 7, 8, 14, 16, 19, 20, 21, 22, 27, 28, 29, 31], maxlen=250000), 1.5: deque([0], maxlen=250000), 1: deque([4, 6, 9, 12, 15, 18, 24, 25, 32], maxlen=250000)}","{1: deque([2, 10, 13, 33], maxlen=250000), 1.5: deque([0], maxlen=250000), -1: deque([11, 17, 23, 26, 30], maxlen=250000)}"
929,"{1: deque([1, 7, 8, 11, 12, 18, 19, 20, 25], maxlen=250000), 1.5: deque([0], maxlen=250000), -1: deque([2, 3, 5, 6, 9, 10, 14, 15, 16, 22, 23, 24, 27, 30, 31], maxlen=250000)}","{-1: deque([4, 21, 26, 29, 32], maxlen=250000), 1.5: deque([0], maxlen=250000), 1: deque([13, 17, 28, 33], maxlen=250000)}"
930,"{-1: deque([1, 4, 6, 7, 8, 10, 12, 13, 14, 16, 20, 21, 28, 30, 31], maxlen=250000), 1.5: deque([0], maxlen=250000), 1: deque([2, 5, 11, 15, 17, 18, 23, 25, 29, 33], maxlen=250000)}","{-1: deque([3, 9, 19, 22, 32], maxlen=250000), 1.5: deque([0], maxlen=250000), 1: deque([24, 26, 27], maxlen=250000)}"
931,"{1: deque([1, 6, 7, 14, 17, 28, 30, 31, 32, 33], maxlen=250000), 1.5: deque([0], maxlen=250000), -1: deque([2, 3, 9, 10, 12, 13, 16, 18, 19, 20, 21, 22, 25, 26, 29], maxlen=250000)}","{1: deque([4, 5, 8], maxlen=250000), 1.5: deque([0], maxlen=250000), -1: deque([11, 15, 23, 24, 27], maxlen=250000)}"
932,"{-1: deque([2, 3, 5, 6, 7, 8, 10, 12, 13, 18, 22, 24, 26, 30, 32], maxlen=250000), 1.5: deque([0], maxlen=250000), 1: deque([9, 11, 17, 19, 20, 21, 23, 25, 29], maxlen=250000)}","{-1: deque([1, 4, 16, 28, 31], maxlen=250000), 1.5: deque([0], maxlen=250000), 1: deque([14, 15, 27, 33], maxlen=250000)}"
933,"{1: deque([1, 9, 14, 15, 16, 20, 22, 26, 29, 33], maxlen=250000), 1.5: deque([0], maxlen=250000), -1: deque([2, 4, 6, 7, 10, 11, 13, 17, 18, 19, 21, 23, 27, 30, 31], maxlen=250000)}","{-1: deque([3, 5, 24, 25, 28], maxlen=250000), 1.5: deque([0], maxlen=250000), 1: deque([8, 12, 32], maxlen=250000)}"
934,"{1: deque([1, 5, 9, 12, 15, 17, 20, 25, 27, 33], maxlen=250000), 1.5: deque([0], maxlen=250000), -1: deque([2, 3, 8, 11, 13, 14, 16, 21, 22, 26, 28, 29, 30, 31, 32], maxlen=250000)}","{-1: deque([4, 6, 18, 23, 24], maxlen=250000), 1.5: deque([0], maxlen=250000), 1: deque([7, 10, 19], maxlen=250000)}"
935,"{-1: deque([1, 2, 3, 4, 5, 6, 11, 12, 18, 20, 23, 25, 26, 27, 29], maxlen=250000), 1.5: deque([0], maxlen=250000), 1: deque([8, 14, 16, 17, 21, 22, 24, 28, 31, 33], maxlen=250000)}","{1: deque([7, 9, 32], maxlen=250000), 1.5: deque([0], maxlen=250000), -1: deque([10, 13, 15, 19, 30], maxlen=250000)}"
936,"{-1: deque([1, 2, 5, 6, 9, 14, 15, 17, 21, 22, 23, 24, 26, 30, 31], maxlen=250000), 1.5: deque([0], maxlen=250000), 1: deque([4, 7, 8, 13, 16, 27, 28, 29, 32], maxlen=250000)}","{1: deque([3, 10, 12, 33], maxlen=250000), 1.5: deque([0], maxlen=250000), -1: deque([11, 18, 19, 20, 25], maxlen=250000)}"
937,"{1: deque([1, 7, 11, 13, 18, 21, 23, 25, 28, 33], maxlen=250000), 1.5: deque([0], maxlen=250000), -1: deque([2, 3, 8, 9, 12, 14, 15, 16, 19, 22, 26, 27, 30, 31, 32], maxlen=250000)}","{1: deque([4, 20, 24], maxlen=250000), 1.5: deque([0], maxlen=250000), -1: deque([5, 6, 10, 17, 29], maxlen=250000)}"
938,"{1: deque([1, 10, 11, 13, 14, 19, 25, 26, 27, 33], maxlen=250000), 1.5: deque([0], maxlen=250000), -1: deque([2, 3, 4, 5, 8, 9, 12, 15, 18, 20, 24, 28, 30, 31, 32], maxlen=250000)}","{1: deque([6, 16, 22], maxlen=250000), 1.5: deque([0], maxlen=250000), -1: deque([7, 17, 21, 23, 29], maxlen=250000)}"
939,"{-1: deque([1, 2, 3, 4, 6, 10, 11, 12, 13, 16, 17, 19, 28, 30, 32], maxlen=250000), 1.5: deque([0], maxlen=250000), 1: deque([5, 7, 8, 18, 21, 24, 26, 27, 31, 33], maxlen=250000)}","{-1: deque([9, 22, 23, 25, 29], maxlen=250000), 1.5: deque([0], maxlen=250000), 1: deque([14, 15, 20], maxlen=250000)}"
940,"{1: deque([1, 5, 8, 11, 12, 18, 24, 25, 26, 33], maxlen=250000), 1.5: deque([0], maxlen=250000), -1: deque([4, 6, 7, 9, 10, 17, 19, 20, 22, 23, 28, 29, 30, 31, 32], maxlen=250000)}","{-1: deque([2, 3, 15, 16, 21], maxlen=250000), 1.5: deque([0], maxlen=250000), 1: deque([13, 14, 27], maxlen=250000)}"
941,"{1: deque([1, 10, 11, 12, 13, 15, 23, 24, 26], maxlen=250000), 1.5: deque([0], maxlen=250000), -1: deque([3, 4, 8, 14, 17, 18, 19, 20, 21, 22, 25, 27, 28, 30, 32], maxlen=250000)}","{1: deque([2, 5, 31, 33], maxlen=250000), 1.5: deque([0], maxlen=250000), -1: deque([6, 7, 9, 16, 29], maxlen=250000)}"
942,"{1: deque([1, 2, 9, 16, 19, 22, 24, 28, 30], maxlen=250000), 1.5: deque([0], maxlen=250000), -1: deque([3, 4, 5, 8, 10, 12, 13, 18, 20, 21, 23, 26, 27, 31, 32], maxlen=250000)}","{1: deque([6, 15, 25, 33], maxlen=250000), 1.5: deque([0], maxlen=250000), -1: deque([7, 11, 14, 17, 29], maxlen=250000)}"
943,"{1: deque([2, 7, 10, 12, 13, 14, 17, 23, 30, 33], maxlen=250000), 1.5: deque([0], maxlen=250000), -1: deque([4, 6, 9, 15, 16, 18, 19, 20, 21, 22, 24, 25, 28, 29, 31], maxlen=250000)}","{1: deque([1, 3, 11], maxlen=250000), 1.5: deque([0], maxlen=250000), -1: deque([5, 8, 26, 27, 32], maxlen=250000)}"
944,"{1: deque([1, 5, 10, 14, 15, 17, 23, 26, 31, 33], maxlen=250000), 1.5: deque([0], maxlen=250000), -1: deque([2, 7, 9, 11, 12, 18, 19, 21, 22, 24, 25, 27, 28, 29, 30], maxlen=250000)}","{-1: deque([3, 4, 8, 20, 32], maxlen=250000), 1.5: deque([0], maxlen=250000), 1: deque([6, 13, 16], maxlen=250000)}"
945,"{1: deque([1, 3, 9, 10, 13, 21, 27, 28, 29], maxlen=250000), 1.5: deque([0], maxlen=250000), -1: deque([4, 5, 6, 7, 8, 11, 14, 15, 16, 18, 19, 22, 23, 26, 30], maxlen=250000)}","{1: deque([2, 20, 25, 33], maxlen=250000), 1.5: deque([0], maxlen=250000), -1: deque([12, 17, 24, 31, 32], maxlen=250000)}"
946,"{1: deque([1, 7, 12, 14, 16, 20, 21, 26, 30], maxlen=250000), 1.5: deque([0], maxlen=250000), -1: deque([2, 4, 6, 8, 9, 10, 11, 13, 17, 18, 25, 27, 28, 29, 32], maxlen=250000)}","{1: deque([3, 5, 24, 33], maxlen=250000), 1.5: deque([0], maxlen=250000), -1: deque([15, 19, 22, 23, 31], maxlen=250000)}"
947,"{1: deque([4, 7, 11, 15, 20, 22, 23, 27, 29, 33], maxlen=250000), 1.5: deque([0], maxlen=250000), -1: deque([5, 6, 8, 12, 13, 14, 17, 19, 21, 24, 25, 28, 30, 31, 32], maxlen=250000)}","{-1: deque([1, 3, 9, 10, 26], maxlen=250000), 1.5: deque([0], maxlen=250000), 1: deque([2, 16, 18], maxlen=250000)}"
948,"{-1: deque([3, 5, 8, 11, 13, 15, 17, 21, 23, 24, 25, 26, 29, 30, 32], maxlen=250000), 1.5: deque([0], maxlen=250000), 1: deque([4, 10, 14, 16, 18, 19, 20, 22, 28], maxlen=250000)}","{-1: deque([1, 2, 7, 27, 31], maxlen=250000), 1.5: deque([0], maxlen=250000), 1: deque([6, 9, 12, 33], maxlen=250000)}"
949,"{-1: deque([1, 2, 3, 4, 5, 6, 13, 15, 18, 19, 22, 24, 27, 28, 29], maxlen=250000), 1.5: deque([0], maxlen=250000), 1: deque([9, 16, 20, 21, 25, 26, 30, 31, 32], maxlen=250000)}","{-1: deque([7, 10, 11, 17, 23], maxlen=250000), 1.5: deque([0], maxlen=250000), 1: deque([8, 12, 14, 33], maxlen=250000)}"
950,"{-1: deque([1, 3, 4, 5, 7, 8, 9, 10, 14, 17, 18, 19, 21, 26, 31], maxlen=250000), 1.5: deque([0], maxlen=250000), 1: deque([2, 6, 12, 16, 23, 25, 28, 30, 32], maxlen=250000)}","{1: deque([11, 20, 29, 33], maxlen=250000), 1.5: deque([0], maxlen=250000), -1: deque([13, 15, 22, 24, 27], maxlen=250000)}"
951,"{-1: deque([1, 3, 5, 10, 11, 13, 16, 18, 19, 21, 22, 26, 28, 31, 32], maxlen=250000), 1.5: deque([0], maxlen=250000), 1: deque([7, 8, 12, 14, 20, 24, 25, 29, 30], maxlen=250000)}","{-1: deque([2, 4, 6, 9, 15], maxlen=250000), 1.5: deque([0], maxlen=250000), 1: deque([17, 23, 27, 33], maxlen=250000)}"
952,"{-1: deque([1, 4, 6, 8, 9, 10, 12, 14, 16, 20, 23, 24, 25, 27, 30], maxlen=250000), 1.5: deque([0], maxlen=250000), 1: deque([2, 3, 11, 18, 21, 26, 28, 29, 32, 33], maxlen=250000)}","{-1: deque([5, 15, 17, 22, 31], maxlen=250000), 1.5: deque([0], maxlen=250000), 1: deque([7, 13, 19], maxlen=250000)}"
953,"{1: deque([1, 5, 7, 15, 16, 18, 26, 29, 31, 33], maxlen=250000), 1.5: deque([0], maxlen=250000), -1: deque([2, 3, 4, 9, 10, 12, 14, 19, 20, 21, 23, 24, 25, 27, 30], maxlen=250000)}","{-1: deque([6, 8, 22, 28, 32], maxlen=250000), 1.5: deque([0], maxlen=250000), 1: deque([11, 13, 17], maxlen=250000)}"
954,"{-1: deque([2, 3, 7, 10, 15, 16, 19, 20, 21, 22, 24, 27, 30, 31, 32], maxlen=250000), 1.5: deque([0], maxlen=250000), 1: deque([4, 5, 6, 8, 11, 12, 17, 25, 28], maxlen=250000)}","{-1: deque([1, 9, 14, 18, 23], maxlen=250000), 1.5: deque([0], maxlen=250000), 1: deque([13, 26, 29, 33], maxlen=250000)}"
955,"{1: deque([1, 7, 12, 15, 16, 20, 21, 24, 30], maxlen=250000), 1.5: deque([0], maxlen=250000), -1: deque([2, 3, 4, 6, 8, 10, 11, 13, 14, 17, 18, 27, 28, 29, 32], maxlen=250000)}","{-1: deque([5, 9, 23, 25, 31], maxlen=250000), 1.5: deque([0], maxlen=250000), 1: deque([19, 22, 26, 33], maxlen=250000)}"
956,"{1: deque([1, 2, 3, 5, 7, 9, 11, 23, 25], maxlen=250000), 1.5: deque([0], maxlen=250000), -1: deque([6, 10, 12, 13, 17, 18, 19, 20, 21, 22, 24, 27, 28, 30, 32], maxlen=250000)}","{-1: deque([4, 14, 16, 29, 31], maxlen=250000), 1.5: deque([0], maxlen=250000), 1: deque([8, 15, 26, 33], maxlen=250000)}"
957,"{-1: deque([2, 3, 4, 5, 10, 11, 12, 14, 17, 19, 20, 23, 24, 26, 27], maxlen=250000), 1.5: deque([0], maxlen=250000), 1: deque([6, 8, 9, 16, 18, 25, 29, 30, 32], maxlen=250000)}","{1: deque([1, 13, 22, 33], maxlen=250000), 1.5: deque([0], maxlen=250000), -1: deque([7, 15, 21, 28, 31], maxlen=250000)}"
958,"{-1: deque([1, 2, 3, 9, 10, 17, 18, 20, 23, 24, 25, 26, 28, 29, 31], maxlen=250000), 1.5: deque([0], maxlen=250000), 1: deque([4, 6, 11, 12, 13, 15, 16, 19, 27, 33], maxlen=250000)}","{1: deque([5, 8, 22], maxlen=250000), 1.5: deque([0], maxlen=250000), -1: deque([7, 14, 21, 30, 32], maxlen=250000)}"
959,"{1: deque([1, 3, 4, 11, 14, 22, 23, 24, 28, 33], maxlen=250000), 1.5: deque([0], maxlen=250000), -1: deque([2, 6, 7, 8, 9, 12, 15, 16, 17, 21, 25, 26, 29, 31, 32], maxlen=250000)}","{1: deque([5, 10, 18], maxlen=250000), 1.5: deque([0], maxlen=250000), -1: deque([13, 19, 20, 27, 30], maxlen=250000)}"
960,"{-1: deque([1, 2, 3, 4, 5, 8, 9, 10, 12, 15, 17, 19, 26, 28, 30], maxlen=250000), 1.5: deque([0], maxlen=250000), 1: deque([6, 11, 13, 14, 16, 18, 27, 31, 32, 33], maxlen=250000)}","{1: deque([7, 22, 29], maxlen=250000), 1.5: deque([0], maxlen=250000), -1: deque([20, 21, 23, 24, 25], maxlen=250000)}"
961,"{-1: deque([1, 3, 8, 10, 11, 12, 14, 17, 20, 23, 25, 27, 29, 31, 32], maxlen=250000), 1.5: deque([0], maxlen=250000), 1: deque([2, 4, 5, 6, 9, 16, 21, 24, 26], maxlen=250000)}","{-1: deque([7, 15, 18, 19, 28], maxlen=250000), 1.5: deque([0], maxlen=250000), 1: deque([13, 22, 30, 33], maxlen=250000)}"
962,"{-1: deque([1, 2, 6, 7, 8, 11, 12, 14, 15, 17, 22, 23, 26, 27, 31], maxlen=250000), 1.5: deque([0], maxlen=250000), 1: deque([5, 9, 16, 19, 21, 24, 25, 28, 32, 33], maxlen=250000)}","{-1: deque([3, 10, 13, 18, 30], maxlen=250000), 1.5: deque([0], maxlen=250000), 1: deque([4, 20, 29], maxlen=250000)}"
963,"{-1: deque([1, 2, 9, 11, 13, 15, 17, 18, 19, 20, 23, 27, 28, 30, 32], maxlen=250000), 1.5: deque([0], maxlen=250000), 1: deque([3, 4, 5, 6, 10, 14, 16, 26, 31, 33], maxlen=250000)}","{-1: deque([7, 8, 12, 22, 29], maxlen=250000), 1.5: deque([0], maxlen=250000), 1: deque([21, 24, 25], maxlen=250000)}"
964,"{-1: deque([1, 3, 4, 7, 8, 9, 10, 16, 17, 20, 21, 26, 29, 31, 32], maxlen=250000), 1.5: deque([0], maxlen=250000), 1: deque([6, 12, 13, 14, 15, 18, 22, 27, 30], maxlen=250000)}","{1: deque([2, 24, 25, 33], maxlen=250000), 1.5: deque([0], maxlen=250000), -1: deque([5, 11, 19, 23, 28], maxlen=250000)}"
965,"{1: deque([1, 2, 6, 8, 18, 23, 27, 31, 32, 33], maxlen=250000), 1.5: deque([0], maxlen=250000), -1: deque([5, 7, 11, 12, 13, 15, 16, 17, 19, 20, 22, 24, 25, 26, 28], maxlen=250000)}","{1: deque([3, 10, 21], maxlen=250000), 1.5: deque([0], maxlen=250000), -1: deque([4, 9, 14, 29, 30], maxlen=250000)}"
966,"{-1: deque([2, 4, 9, 11, 12, 13, 15, 17, 20, 23, 24, 26, 27, 30, 32], maxlen=250000), 1.5: deque([0], maxlen=250000), 1: deque([7, 8, 10, 14, 18, 19, 21, 25, 28], maxlen=250000)}","{-1: deque([1, 3, 6, 16, 22], maxlen=250000), 1.5: deque([0], maxlen=250000), 1: deque([5, 29, 31, 33], maxlen=250000)}"
967,"{1: deque([3, 7, 11, 13, 15, 19, 22, 24, 31, 33], maxlen=250000), 1.5: deque([0], maxlen=250000), -1: deque([4, 5, 6, 9, 12, 16, 17, 18, 20, 21, 23, 25, 27, 30, 32], maxlen=250000)}","{-1: deque([1, 2, 10, 14, 29], maxlen=250000), 1.5: deque([0], maxlen=250000), 1: deque([8, 26, 28], maxlen=250000)}"
968,"{1: deque([1, 3, 4, 5, 8, 13, 18, 19, 32, 33], maxlen=250000), 1.5: deque([0], maxlen=250000), -1: deque([2, 6, 10, 12, 14, 15, 16, 20, 21, 22, 24, 25, 27, 28, 29], maxlen=250000)}","{1: deque([7, 26, 30], maxlen=250000), 1.5: deque([0], maxlen=250000), -1: deque([9, 11, 17, 23, 31], maxlen=250000)}"
969,"{-1: deque([1, 3, 4, 9, 10, 11, 12, 14, 20, 21, 25, 26, 28, 29, 30], maxlen=250000), 1.5: deque([0], maxlen=250000), 1: deque([5, 6, 7, 13, 16, 17, 19, 24, 31], maxlen=250000)}","{-1: deque([2, 8, 15, 18, 22], maxlen=250000), 1.5: deque([0], maxlen=250000), 1: deque([23, 27, 32, 33], maxlen=250000)}"
970,"{-1: deque([1, 4, 5, 6, 8, 9, 14, 17, 19, 20, 22, 24, 25, 27, 29], maxlen=250000), 1.5: deque([0], maxlen=250000), 1: deque([3, 7, 10, 12, 18, 21, 26, 28, 31], maxlen=250000)}","{-1: deque([2, 13, 15, 16, 32], maxlen=250000), 1.5: deque([0], maxlen=250000), 1: deque([11, 23, 30, 33], maxlen=250000)}"
971,"{-1: deque([1, 3, 4, 8, 9, 12, 19, 20, 21, 22, 23, 26, 28, 29, 31], maxlen=250000), 1.5: deque([0], maxlen=250000), 1: deque([6, 7, 14, 15, 17, 18, 25, 30, 32, 33], maxlen=250000)}","{1: deque([2, 5, 16], maxlen=250000), 1.5: deque([0], maxlen=250000), -1: deque([10, 11, 13, 24, 27], maxlen=250000)}"
972,"{1: deque([1, 3, 7, 15, 19, 21, 23, 24, 25, 33], maxlen=250000), 1.5: deque([0], maxlen=250000), -1: deque([4, 6, 9, 10, 11, 13, 14, 16, 20, 26, 27, 28, 29, 31, 32], maxlen=250000)}","{-1: deque([2, 8, 12, 18, 22], maxlen=250000), 1.5: deque([0], maxlen=250000), 1: deque([5, 17, 30], maxlen=250000)}"
973,"{1: deque([1, 6, 11, 13, 17, 22, 30, 31, 32, 33], maxlen=250000), 1.5: deque([0], maxlen=250000), -1: deque([3, 4, 9, 10, 12, 14, 15, 18, 19, 20, 23, 24, 25, 26, 29], maxlen=250000)}","{1: deque([2, 7, 8], maxlen=250000), 1.5: deque([0], maxlen=250000), -1: deque([5, 16, 21, 27, 28], maxlen=250000)}"
974,"{1: deque([1, 2, 7, 13, 15, 17, 22, 23, 27, 33], maxlen=250000), 1.5: deque([0], maxlen=250000), -1: deque([3, 4, 8, 9, 10, 11, 12, 14, 16, 18, 21, 24, 25, 26, 28], maxlen=250000)}","{-1: deque([5, 19, 20, 31, 32], maxlen=250000), 1.5: deque([0], maxlen=250000), 1: deque([6, 29, 30], maxlen=250000)}"
975,"{-1: deque([2, 3, 4, 5, 6, 7, 8, 10, 12, 14, 16, 18, 25, 29, 30], maxlen=250000), 1.5: deque([0], maxlen=250000), 1: deque([9, 11, 15, 19, 20, 21, 26, 31, 32], maxlen=250000)}","{-1: deque([1, 13, 23, 24, 27], maxlen=250000), 1.5: deque([0], maxlen=250000), 1: deque([17, 22, 28, 33], maxlen=250000)}"
976,"{-1: deque([1, 4, 5, 7, 17, 19, 20, 21, 22, 25, 29, 32], maxlen=250000), 1.5: deque([0], maxlen=250000), 1: deque([2, 3, 6, 9, 10, 13, 16, 23, 26, 27, 28, 30], maxlen=250000)}","{1: deque([8, 14, 15, 31, 33], maxlen=250000), 1.5: deque([0], maxlen=250000), -1: deque([11, 12, 18, 24], maxlen=250000)}"
977,"{-1: deque([1, 5, 7, 9, 12, 15, 18, 19, 22, 23, 24, 32], maxlen=250000), 1.5: deque([0], maxlen=250000), 1: deque([2, 3, 8, 10, 11, 14, 16, 20, 25, 27, 29, 30, 33], maxlen=250000)}","{1: deque([4, 6, 21, 26], maxlen=250000), 1.5: deque([0], maxlen=250000), -1: deque([13, 17, 28, 31], maxlen=250000)}"
978,"{1: deque([1, 10, 13, 15, 18, 21, 22, 23, 24, 26, 31, 32], maxlen=250000), 1.5: deque([0], maxlen=250000), -1: deque([3, 4, 5, 7, 9, 11, 12, 14, 17, 27, 29, 30], maxlen=250000)}","{1: deque([2, 8, 20, 25, 33], maxlen=250000), 1.5: deque([0], maxlen=250000), -1: deque([6, 16, 19, 28], maxlen=250000)}"
979,"{-1: deque([2, 5, 7, 10, 12, 13, 15, 16, 17, 28, 30, 31], maxlen=250000), 1.5: deque([0], maxlen=250000), 1: deque([4, 6, 9, 11, 14, 20, 21, 23, 25, 27, 29, 32, 33], maxlen=250000)}","{1: deque([1, 8, 18, 19], maxlen=250000), 1.5: deque([0], maxlen=250000), -1: deque([3, 22, 24, 26], maxlen=250000)}"
980,"{-1: deque([1, 3, 4, 7, 10, 15, 19, 20, 27, 30, 31, 32], maxlen=250000), 1.5: deque([0], maxlen=250000), 1: deque([5, 9, 11, 12, 13, 14, 16, 18, 21, 25, 26, 29], maxlen=250000)}","{1: deque([2, 6, 22, 23, 33], maxlen=250000), 1.5: deque([0], maxlen=250000), -1: deque([8, 17, 24, 28], maxlen=250000)}"
981,"{-1: deque([1, 2, 4, 5, 6, 8, 10, 19, 20, 23, 24, 30], maxlen=250000), 1.5: deque([0], maxlen=250000), 1: deque([3, 12, 14, 16, 17, 18, 21, 22, 26, 27, 31, 32], maxlen=250000)}","{1: deque([7, 9, 13, 15, 33], maxlen=250000), 1.5: deque([0], maxlen=250000), -1: deque([11, 25, 28, 29], maxlen=250000)}"
982,"{-1: deque([3, 5, 10, 12, 14, 16, 18, 22, 25, 28, 30, 32], maxlen=250000), 1.5: deque([0], maxlen=250000), 1: deque([4, 6, 7, 11, 13, 15, 17, 21, 23, 26, 29, 31], maxlen=250000)}","{-1: deque([1, 8, 19, 24], maxlen=250000), 1.5: deque([0], maxlen=250000), 1: deque([2, 9, 20, 27, 33], maxlen=250000)}"
983,"{1: deque([2, 3, 4, 10, 13, 14, 16, 20, 25, 27, 29, 32, 33], maxlen=250000), 1.5: deque([0], maxlen=250000), -1: deque([5, 6, 7, 9, 11, 22, 23, 24, 26, 28, 30, 31], maxlen=250000)}","{-1: deque([1, 15, 19, 21], maxlen=250000), 1.5: deque([0], maxlen=250000), 1: deque([8, 12, 17, 18], maxlen=250000)}"
984,"{-1: deque([1, 3, 8, 11, 12, 13, 19, 22, 24, 28, 30, 31], maxlen=250000), 1.5: deque([0], maxlen=250000), 1: deque([2, 7, 9, 10, 16, 18, 20, 21, 23, 26, 27, 29, 33], maxlen=250000)}","{1: deque([4, 5, 6, 14], maxlen=250000), 1.5: deque([0], maxlen=250000), -1: deque([15, 17, 25, 32], maxlen=250000)}"
985,"{-1: deque([1, 4, 5, 6, 9, 10, 17, 18, 25, 27, 28, 30], maxlen=250000), 1.5: deque([0], maxlen=250000), 1: deque([3, 7, 8, 11, 12, 14, 15, 19, 20, 21, 31, 32], maxlen=250000)}","{1: deque([2, 22, 26, 29, 33], maxlen=250000), 1.5: deque([0], maxlen=250000), -1: deque([13, 16, 23, 24], maxlen=250000)}"
986,"{1: deque([2, 3, 7, 9, 12, 15, 17, 21, 23, 29, 31, 32], maxlen=250000), 1.5: deque([0], maxlen=250000), -1: deque([4, 6, 11, 14, 16, 18, 22, 24, 25, 26, 27, 28], maxlen=250000)}","{-1: deque([1, 10, 13, 19], maxlen=250000), 1.5: deque([0], maxlen=250000), 1: deque([5, 8, 20, 30, 33], maxlen=250000)}"
987,"{1: deque([3, 4, 12, 14, 16, 17, 20, 23, 24, 27, 30, 32], maxlen=250000), 1.5: deque([0], maxlen=250000), -1: deque([7, 8, 11, 13, 15, 19, 21, 22, 25, 26, 29, 31], maxlen=250000)}","{-1: deque([1, 2, 6, 9], maxlen=250000), 1.5: deque([0], maxlen=250000), 1: deque([5, 10, 18, 28, 33], maxlen=250000)}"
988,"{-1: deque([2, 3, 5, 9, 17, 18, 19, 20, 21, 27, 30, 31], maxlen=250000), 1.5: deque([0], maxlen=250000), 1: deque([4, 7, 8, 10, 12, 14, 15, 16, 22, 26, 29, 32], maxlen=250000)}","{1: deque([1, 6, 23, 25, 33], maxlen=250000), 1.5: deque([0], maxlen=250000), -1: deque([11, 13, 24, 28], maxlen=250000)}"
989,"{-1: deque([2, 3, 9, 12, 16, 18, 22, 23, 25, 28, 30, 31], maxlen=250000), 1.5: deque([0], maxlen=250000), 1: deque([5, 7, 8, 13, 14, 15, 17, 19, 20, 21, 24, 26, 33], maxlen=250000)}","{-1: deque([1, 11, 27, 29], maxlen=250000), 1.5: deque([0], maxlen=250000), 1: deque([4, 6, 10, 32], maxlen=250000)}"
990,"{-1: deque([1, 5, 10, 11, 12, 14, 15, 17, 18, 21, 24, 26], maxlen=250000), 1.5: deque([0], maxlen=250000), 1: deque([2, 3, 7, 8, 9, 13, 16, 19, 25, 28, 30, 32, 33], maxlen=250000)}","{-1: deque([4, 6, 20, 23], maxlen=250000), 1.5: deque([0], maxlen=250000), 1: deque([22, 27, 29, 31], maxlen=250000)}"
991,"{1: deque([2, 3, 5, 7, 8, 16, 17, 20, 26, 27, 31, 32, 33], maxlen=250000), 1.5: deque([0], maxlen=250000), -1: deque([4, 9, 10, 11, 12, 15, 18, 19, 22, 24, 25, 29], maxlen=250000)}","{1: deque([1, 13, 14, 30], maxlen=250000), 1.5: deque([0], maxlen=250000), -1: deque([6, 21, 23, 28], maxlen=250000)}"
992,"{-1: deque([1, 2, 3, 6, 10, 12, 15, 18, 19, 20, 27, 31], maxlen=250000), 1.5: deque([0], maxlen=250000), 1: deque([5, 7, 8, 13, 14, 17, 21, 25, 26, 28, 29, 32, 33], maxlen=250000)}","{1: deque([4, 9, 16, 23], maxlen=250000), 1.5: deque([0], maxlen=250000), -1: deque([11, 22, 24, 30], maxlen=250000)}"
993,"{-1: deque([1, 8, 11, 13, 15, 16, 17, 18, 19, 23, 29, 30], maxlen=250000), 1.5: deque([0], maxlen=250000), 1: deque([2, 4, 6, 9, 12, 14, 21, 22, 24, 25, 27, 28, 33], maxlen=250000)}","{-1: deque([3, 20, 31, 32], maxlen=250000), 1.5: deque([0], maxlen=250000), 1: deque([5, 7, 10, 26], maxlen=250000)}"
994,"{1: deque([1, 3, 10, 11, 19, 20, 24, 25, 27, 29, 30, 32, 33], maxlen=250000), 1.5: deque([0], maxlen=250000), -1: deque([2, 5, 8, 12, 13, 14, 15, 17, 18, 22, 26, 28], maxlen=250000)}","{-1: deque([4, 6, 9, 16], maxlen=250000), 1.5: deque([0], maxlen=250000), 1: deque([7, 21, 23, 31], maxlen=250000)}"
995,"{1: deque([1, 3, 5, 6, 11, 12, 20, 22, 27, 29, 31, 32, 33], maxlen=250000), 1.5: deque([0], maxlen=250000), -1: deque([2, 4, 7, 8, 9, 10, 16, 17, 19, 25, 28, 30], maxlen=250000)}","{-1: deque([13, 14, 15, 18], maxlen=250000), 1.5: deque([0], maxlen=250000), 1: deque([21, 23, 24, 26], maxlen=250000)}"
996,"{1: deque([1, 6, 7, 10, 15, 16, 19, 21, 23, 24, 29, 32], maxlen=250000), 1.5: deque([0], maxlen=250000), -1: deque([2, 3, 4, 8, 11, 12, 17, 18, 25, 28, 30, 31], maxlen=250000)}","{1: deque([5, 13, 26, 27, 33], maxlen=250000), 1.5: deque([0], maxlen=250000), -1: deque([9, 14, 20, 22], maxlen=250000)}"
997,"{1: deque([4, 6, 8, 11, 12, 16, 17, 20, 24, 25, 27, 29], maxlen=250000), 1.5: deque([0], maxlen=250000), -1: deque([5, 7, 9, 10, 13, 14, 15, 18, 23, 26, 28, 30], maxlen=250000)}","{-1: deque([1, 21, 22, 32], maxlen=250000), 1.5: deque([0], maxlen=250000), 1: deque([2, 3, 19, 31, 33], maxlen=250000)}"
998,"{1: deque([1, 5, 10, 12, 15, 17, 19, 21, 22, 24, 25, 32], maxlen=250000), 1.5: deque([0], maxlen=250000), -1: deque([3, 6, 8, 9, 14, 16, 18, 20, 23, 26, 29, 31], maxlen=250000)}","{-1: deque([2, 4, 28, 30], maxlen=250000), 1.5: deque([0], maxlen=250000), 1: deque([7, 11, 13, 27, 33], maxlen=250000)}"
999,"{-1: deque([1, 6, 8, 19, 21, 23, 24, 25, 27, 30, 31, 32], maxlen=250000), 1.5: deque([0], maxlen=250000), 1: deque([2, 3, 7, 11, 13, 15, 16, 17, 18, 20, 28, 29, 33], maxlen=250000)}","{-1: deque([4, 9, 10, 22], maxlen=250000), 1.5: deque([0], maxlen=250000), 1: deque([5, 12, 14, 26], maxlen=250000)}"
1000,"{-1: deque([1, 3, 7, 9, 10, 12, 19, 20, 22, 24, 26, 28], maxlen=250000), 1.5: deque([0], maxlen=250000), 1: deque([2, 5, 6, 8, 11, 18, 21, 23, 25, 29, 30, 32, 33], maxlen=250000)}","{1: deque([4, 13, 16, 17], maxlen=250000), 1.5: deque([0], maxlen=250000), -1: deque([14, 15, 27, 31], maxlen=250000)}"
1001,"{1: deque([2, 3, 12, 14, 20, 22, 23, 25, 26, 30, 31, 32], maxlen=250000), 1.5: deque([0], maxlen=250000), -1: deque([6, 7, 8, 10, 11, 13, 15, 16, 17, 21, 27, 29], maxlen=250000)}","{-1: deque([1, 9, 18, 19], maxlen=250000), 1.5: deque([0], maxlen=250000), 1: deque([4, 5, 24, 28, 33], maxlen=250000)}"
1002,"{-1: deque([1, 3, 6, 7, 8, 13, 21, 22, 23, 24, 25, 30], maxlen=250000), 1.5: deque([0], maxlen=250000), 1: deque([2, 4, 9, 10, 11, 12, 15, 18, 20, 28, 31, 32], maxlen=250000)}","{-1: deque([5, 14, 16, 19], maxlen=250000), 1.5: deque([0], maxlen=250000), 1: deque([17, 26, 27, 29, 33], maxlen=250000)}"
1003,"{-1: deque([1, 2, 3, 4, 9, 11, 14, 15, 16, 21, 22, 28], maxlen=250000), 1.5: deque([0], maxlen=250000), 1: deque([5, 6, 7, 10, 12, 13, 17, 18, 19, 25, 26, 30], maxlen=250000)}","{1: deque([8, 24, 29, 32, 33], maxlen=250000), 1.5: deque([0], maxlen=250000), -1: deque([20, 23, 27, 31], maxlen=250000)}"
1004,"{-1: deque([1, 5, 8, 13, 15, 16, 18, 20, 22, 23, 24, 32], maxlen=250000), 1.5: deque([0], maxlen=250000), 1: deque([3, 4, 7, 9, 11, 12, 19, 21, 25, 26, 28, 31, 33], maxlen=250000)}","{-1: deque([2, 14, 29, 30], maxlen=250000), 1.5: deque([0], maxlen=250000), 1: deque([6, 10, 17, 27], maxlen=250000)}"
1005,"{1: deque([1, 2, 3, 7, 8, 9, 12, 13, 15, 22, 27, 29, 33], maxlen=250000), 1.5: deque([0], maxlen=250000), -1: deque([10, 11, 14, 16, 17, 19, 20, 23, 24, 26, 30, 31], maxlen=250000)}","{-1: deque([4, 6, 21, 32], maxlen=250000), 1.5: deque([0], maxlen=250000), 1: deque([5, 18, 25, 28], maxlen=250000)}"
1006,"{1: deque([1, 5, 6, 7, 8, 9, 11, 13, 15, 17, 26, 32, 33], maxlen=250000), 1.5: deque([0], maxlen=250000), -1: deque([2, 3, 12, 16, 18, 21, 22, 23, 24, 25, 28, 30], maxlen=250000)}","{-1: deque([4, 10, 19, 31], maxlen=250000), 1.5: deque([0], maxlen=250000), 1: deque([14, 20, 27, 29], maxlen=250000)}"
1007,"{1: deque([1, 6, 9, 12, 13, 14, 17, 18, 20, 21, 26, 31], maxlen=250000), 1.5: deque([0], maxlen=250000), -1: deque([2, 4, 8, 10, 16, 19, 22, 23, 24, 25, 30, 32], maxlen=250000)}","{-1: deque([3, 7, 11, 15], maxlen=250000), 1.5: deque([0], maxlen=250000), 1: deque([5, 27, 28, 29, 33], maxlen=250000)}"
1008,"{1: deque([3, 6, 8, 10, 11, 14, 15, 23, 24, 30, 31, 32], maxlen=250000), 1.5: deque([0], maxlen=250000), -1: deque([4, 5, 7, 12, 13, 17, 19, 20, 26, 27, 28, 29], maxlen=250000)}","{1: deque([1, 2, 9, 21, 33], maxlen=250000), 1.5: deque([0], maxlen=250000), -1: deque([16, 18, 22, 25], maxlen=250000)}"
1009,"{-1: deque([1, 3, 4, 8, 9, 12, 17, 18, 19, 20, 23, 25], maxlen=250000), 1.5: deque([0], maxlen=250000), 1: deque([2, 5, 7, 10, 13, 14, 16, 22, 24, 26, 28, 29], maxlen=250000)}","{1: deque([6, 21, 30, 31, 33], maxlen=250000), 1.5: deque([0], maxlen=250000), -1: deque([11, 15, 27, 32], maxlen=250000)}"
1010,"{-1: deque([3, 4, 6, 12, 13, 15, 16, 17, 20, 24, 25, 28], maxlen=250000), 1.5: deque([0], maxlen=250000), 1: deque([5, 9, 11, 14, 18, 19, 26, 27, 29, 30, 31, 32], maxlen=250000)}","{1: deque([1, 8, 21, 23, 33], maxlen=250000), 1.5: deque([0], maxlen=250000), -1: deque([2, 7, 10, 22], maxlen=250000)}"
1011,"{1: deque([2, 3, 5, 7, 10, 12, 14, 17, 19, 26, 30, 31], maxlen=250000), 1.5: deque([0], maxlen=250000), -1: deque([4, 6, 8, 9, 11, 13, 15, 16, 23, 24, 27, 29], maxlen=250000)}","{1: deque([1, 21, 25, 32, 33], maxlen=250000), 1.5: deque([0], maxlen=250000), -1: deque([18, 20, 22, 28], maxlen=250000)}"
1012,"{-1: deque([1, 3, 5, 6, 9, 10, 12, 17, 21, 23, 31, 32], maxlen=250000), 1.5: deque([0], maxlen=250000), 1: deque([2, 4, 7, 11, 13, 14, 15, 16, 19, 22, 26, 29, 33], maxlen=250000)}","{1: deque([8, 18, 20, 30], maxlen=250000), 1.5: deque([0], maxlen=250000), -1: deque([24, 25, 27, 28], maxlen=250000)}"
1013,"{-1: deque([1, 3, 8, 10, 11, 14, 15, 17, 20, 23, 24, 31], maxlen=250000), 1.5: deque([0], maxlen=250000), 1: deque([2, 4, 6, 7, 12, 13, 16, 18, 19, 22, 28, 30, 33], maxlen=250000)}","{1: deque([5, 25, 26, 27], maxlen=250000), 1.5: deque([0], maxlen=250000), -1: deque([9, 21, 29, 32], maxlen=250000)}"
1014,"{-1: deque([1, 4, 7, 12, 15, 17, 19, 20, 26, 28, 30, 32], maxlen=250000), 1.5: deque([0], maxlen=250000), 1: deque([2, 3, 6, 10, 11, 13, 14, 18, 24, 25, 29, 31, 33], maxlen=250000)}","{1: deque([5, 9, 16, 22], maxlen=250000), 1.5: deque([0], maxlen=250000), -1: deque([8, 21, 23, 27], maxlen=250000)}"
1015,"{1: deque([2, 5, 6, 8, 13, 15, 17, 18, 21, 25, 28, 32], maxlen=250000), 1.5: deque([0], maxlen=250000), -1: deque([3, 4, 9, 10, 12, 16, 19, 23, 24, 26, 27, 31], maxlen=250000)}","{-1: deque([1, 11, 14, 22], maxlen=250000), 1.5: deque([0], maxlen=250000), 1: deque([7, 20, 29, 30, 33], maxlen=250000)}"
1016,"{1: deque([1, 2, 3, 4, 9, 10, 13, 16, 27, 28, 30, 31], maxlen=250000), 1.5: deque([0], maxlen=250000), -1: deque([5, 6, 7, 8, 15, 19, 20, 21, 22, 25, 29, 32], maxlen=250000)}","{-1: deque([11, 12, 24, 26], maxlen=250000), 1.5: deque([0], maxlen=250000), 1: deque([14, 17, 18, 23, 33], maxlen=250000)}"
1017,"{-1: deque([2, 3, 4, 8, 9, 16, 17, 19, 22, 25, 28, 29], maxlen=250000), 1.5: deque([0], maxlen=250000), 1: deque([5, 6, 11, 12, 14, 18, 21, 23, 26, 27, 31, 32, 33], maxlen=250000)}","{1: deque([1, 7, 13, 24], maxlen=250000), 1.5: deque([0], maxlen=250000), -1: deque([10, 15, 20, 30], maxlen=250000)}"
1018,"{-1: deque([2, 3, 4, 5, 7, 11, 14, 18, 19, 26, 28, 31], maxlen=250000), 1.5: deque([0], maxlen=250000), 1: deque([6, 10, 13, 15, 16, 17, 20, 21, 23, 25, 29, 30], maxlen=250000)}","{1: deque([1, 8, 22, 32, 33], maxlen=250000), 1.5: deque([0], maxlen=250000), -1: deque([9, 12, 24, 27], maxlen=250000)}"
1019,"{-1: deque([1, 6, 8, 10, 14, 17, 22, 25, 26, 27, 29, 32], maxlen=250000), 1.5: deque([0], maxlen=250000), 1: deque([5, 7, 9, 11, 12, 15, 19, 23, 24, 28, 30, 31, 33], maxlen=250000)}","{1: deque([2, 16, 18, 21], maxlen=250000), 1.5: deque([0], maxlen=250000), -1: deque([3, 4, 13, 20], maxlen=250000)}"
1020,"{-1: deque([1, 2, 6, 8, 9, 11, 13, 20, 22, 24, 25, 26], maxlen=250000), 1.5: deque([0], maxlen=250000), 1: deque([4, 5, 7, 14, 15, 16, 19, 21, 28, 29, 30, 31, 33], maxlen=250000)}","{1: deque([3, 10, 17, 32], maxlen=250000), 1.5: deque([0], maxlen=250000), -1: deque([12, 18, 23, 27], maxlen=250000)}"
1021,"{1: deque([1, 3, 9, 10, 12, 15, 19, 23, 26, 27, 30, 32, 33], maxlen=250000), 1.5: deque([0], maxlen=250000), -1: deque([2, 4, 5, 6, 7, 11, 13, 17, 20, 21, 24, 31], maxlen=250000)}","{1: deque([8, 14, 28, 29], maxlen=250000), 1.5: deque([0], maxlen=250000), -1: deque([16, 18, 22, 25], maxlen=250000)}"
1022,"{-1: deque([2, 4, 7, 9, 11, 14, 15, 18, 19, 20, 23, 27], maxlen=250000), 1.5: deque([0], maxlen=250000), 1: deque([3, 5, 12, 16, 17, 22, 25, 26, 28, 29, 30, 32, 33], maxlen=250000)}","{1: deque([1, 8, 10, 31], maxlen=250000), 1.5: deque([0], maxlen=250000), -1: deque([6, 13, 21, 24], maxlen=250000)}"
1023,"{-1: deque([1, 4, 8, 11, 18, 19, 21, 24, 25, 26, 30, 32], maxlen=250000), 1.5: deque([0], maxlen=250000), 1: deque([2, 5, 7, 13, 15, 16, 20, 22, 23, 27, 28, 31], maxlen=250000)}","{1: deque([3, 6, 14, 17, 33], maxlen=250000), 1.5: deque([0], maxlen=250000), -1: deque([9, 10, 12, 29], maxlen=250000)}"
1024,"{1: deque([1, 2, 6, 16, 17, 19, 20, 21, 22, 23, 24, 28], maxlen=250000), 1.5: deque([0], maxlen=250000), -1: deque([4, 8, 9, 10, 11, 13, 14, 26, 27, 30, 31, 32], maxlen=250000)}","{-1: deque([3, 12, 18, 25], maxlen=250000), 1.5: deque([0], maxlen=250000), 1: deque([5, 7, 15, 29, 33], maxlen=250000)}"
1025,"{-1: deque([3, 4, 6, 7, 10, 12, 13, 14, 18, 19, 29, 30], maxlen=250000), 1.5: deque([0], maxlen=250000), 1: deque([5, 8, 11, 15, 16, 20, 22, 24, 25, 26, 28, 32, 33], maxlen=250000)}","{-1: deque([1, 2, 21, 31], maxlen=250000), 1.5: deque([0], maxlen=250000), 1: deque([9, 17, 23, 27], maxlen=250000)}"
1026,"{-1: deque([1, 3, 8, 11, 12, 13, 16, 19, 23, 24, 31, 32], maxlen=250000), 1.5: deque([0], maxlen=250000), 1: deque([2, 4, 5, 7, 9, 10, 14, 15, 20, 25, 26, 27], maxlen=250000)}","{-1: deque([6, 17, 21, 29], maxlen=250000), 1.5: deque([0], maxlen=250000), 1: deque([18, 22, 28, 30, 33], maxlen=250000)}"
1027,"{1: deque([1, 2, 7, 10, 11, 12, 14, 24, 25, 26, 29, 31, 33], maxlen=250000), 1.5: deque([0], maxlen=250000), -1: deque([3, 4, 6, 9, 15, 16, 18, 20, 22, 23, 27, 30], maxlen=250000)}","{1: deque([5, 17, 19, 21], maxlen=250000), 1.5: deque([0], maxlen=250000), -1: deque([8, 13, 28, 32], maxlen=250000)}"
1028,"{1: deque([1, 5, 7, 8, 9, 20, 21, 24, 25, 26, 28, 29], maxlen=250000), 1.5: deque([0], maxlen=250000), -1: deque([3, 6, 10, 11, 14, 15, 16, 22, 23, 30, 31, 32], maxlen=250000)}","{1: deque([2, 13, 17, 27, 33], maxlen=250000), 1.5: deque([0], maxlen=250000), -1: deque([4, 12, 18, 19], maxlen=250000)}"
1029,"{1: deque([1, 7, 10, 13, 15, 16, 17, 18, 23, 24, 27, 30, 33], maxlen=250000), 1.5: deque([0], maxlen=250000), -1: deque([2, 4, 5, 6, 9, 11, 14, 20, 21, 26, 28, 32], maxlen=250000)}","{-1: deque([3, 12, 22, 29], maxlen=250000), 1.5: deque([0], maxlen=250000), 1: deque([8, 19, 25, 31], maxlen=250000)}"
1030,"{1: deque([2, 3, 6, 12, 16, 17, 18, 19, 21, 25, 28, 30], maxlen=250000), 1.5: deque([0], maxlen=250000), -1: deque([5, 7, 11, 13, 14, 15, 20, 23, 24, 29, 31, 32], maxlen=250000)}","{-1: deque([1, 8, 22, 27], maxlen=250000), 1.5: deque([0], maxlen=250000), 1: deque([4, 9, 10, 26, 33], maxlen=250000)}"
1031,"{1: deque([1, 2, 9, 14, 19, 20, 23, 24, 26, 30, 31, 32, 33], maxlen=250000), 1.5: deque([0], maxlen=250000), -1: deque([3, 4, 5, 6, 8, 10, 12, 13, 22, 25, 28, 29], maxlen=250000)}","{-1: deque([7, 11, 16, 21], maxlen=250000), 1.5: deque([0], maxlen=250000), 1: deque([15, 17, 18, 27], maxlen=250000)}"
1032,"{-1: deque([1, 5, 10, 14, 16, 17, 18, 23, 25, 27, 28, 29], maxlen=250000), 1.5: deque([0], maxlen=250000), 1: deque([2, 3, 7, 8, 11, 15, 21, 22, 24, 26, 30, 32, 33], maxlen=250000)}","{-1: deque([4, 6, 9, 19], maxlen=250000), 1.5: deque([0], maxlen=250000), 1: deque([12, 13, 20, 31], maxlen=250000)}"
1033,"{-1: deque([2, 6, 8, 9, 11, 16, 17, 18, 21, 22, 29, 31], maxlen=250000), 1.5: deque([0], maxlen=250000), 1: deque([4, 7, 12, 13, 14, 15, 19, 20, 24, 26, 27, 30, 33], maxlen=250000)}","{-1: deque([1, 3, 25, 28], maxlen=250000), 1.5: deque([0], maxlen=250000), 1: deque([5, 10, 23, 32], maxlen=250000)}"
1034,"{1: deque([1, 2, 3, 6, 9, 12, 15, 19, 23, 24, 28, 31], maxlen=250000), 1.5: deque([0], maxlen=250000), -1: deque([4, 5, 7, 8, 13, 14, 18, 20, 22, 26, 29, 30], maxlen=250000)}","{-1: deque([10, 21, 25, 27], maxlen=250000), 1.5: deque([0], maxlen=250000), 1: deque([11, 16, 17, 32, 33], maxlen=250000)}"
1035,"{-1: deque([1, 2, 6, 7, 14, 19, 22, 23, 25, 26, 27, 28], maxlen=250000), 1.5: deque([0], maxlen=250000), 1: deque([3, 4, 5, 9, 10, 11, 13, 15, 16, 18, 24, 29, 33], maxlen=250000)}","{1: deque([8, 12, 17, 20], maxlen=250000), 1.5: deque([0], maxlen=250000), -1: deque([21, 30, 31, 32], maxlen=250000)}"
1036,"{-1: deque([1, 4, 10, 11, 15, 18, 20, 22, 25, 26, 29, 31], maxlen=250000), 1.5: deque([0], maxlen=250000), 1: deque([3, 6, 7, 8, 9, 14, 16, 17, 21, 24, 27, 30, 33], maxlen=250000)}","{1: deque([2, 23, 28, 32], maxlen=250000), 1.5: deque([0], maxlen=250000), -1: deque([5, 12, 13, 19], maxlen=250000)}"
1037,"{1: deque([1, 4, 7, 8, 11, 12, 20, 24, 26, 30, 31, 32], maxlen=250000), 1.5: deque([0], maxlen=250000), -1: deque([5, 13, 14, 16, 17, 18, 21, 22, 25, 27, 28, 29], maxlen=250000)}","{1: deque([2, 6, 9, 10, 33], maxlen=250000), 1.5: deque([0], maxlen=250000), -1: deque([3, 15, 19, 23], maxlen=250000)}"
1038,"{-1: deque([1, 4, 6, 7, 8, 9, 10, 12, 16, 20, 25, 26], maxlen=250000), 1.5: deque([0], maxlen=250000), 1: deque([2, 5, 11, 13, 17, 18, 21, 23, 24, 28, 29, 31], maxlen=250000)}","{-1: deque([3, 19, 30, 32], maxlen=250000), 1.5: deque([0], maxlen=250000), 1: deque([14, 15, 22, 27, 33], maxlen=250000)}"
1039,"{1: deque([1, 3, 4, 5, 8, 11, 14, 19, 20, 21, 28, 32], maxlen=250000), 1.5: deque([0], maxlen=250000), -1: deque([2, 7, 9, 10, 12, 13, 15, 16, 22, 26, 29, 30], maxlen=250000)}","{-1: deque([6, 18, 24, 31], maxlen=250000), 1.5: deque([0], maxlen=250000), 1: deque([17, 23, 25, 27, 33], maxlen=250000)}"
1040,"{1: deque([1, 2, 6, 7, 8, 16, 18, 21, 22, 27, 29, 30], maxlen=250000), 1.5: deque([0], maxlen=250000), -1: deque([4, 5, 10, 12, 13, 14, 15, 17, 25, 28, 31, 32], maxlen=250000)}","{-1: deque([3, 19, 20, 24], maxlen=250000), 1.5: deque([0], maxlen=250000), 1: deque([9, 11, 23, 26, 33], maxlen=250000)}"
1041,"{1: deque([1, 2, 3, 4, 7, 12, 13, 14, 15, 16, 24, 31], maxlen=250000), 1.5: deque([0], maxlen=250000), -1: deque([5, 6, 8, 11, 17, 20, 21, 22, 25, 28, 29, 30], maxlen=250000)}","{1: deque([9, 18, 26, 32, 33], maxlen=250000), 1.5: deque([0], maxlen=250000), -1: deque([10, 19, 23, 27], maxlen=250000)}"
1042,"{1: deque([1, 3, 5, 11, 12, 15, 17, 21, 27, 29, 30, 31, 33], maxlen=250000), 1.5: deque([0], maxlen=250000), -1: deque([2, 4, 6, 8, 9, 10, 16, 18, 24, 26, 28, 32], maxlen=250000)}","{-1: deque([7, 19, 22, 23], maxlen=250000), 1.5: deque([0], maxlen=250000), 1: deque([13, 14, 20, 25], maxlen=250000)}"
1043,"{1: deque([1, 7, 8, 9, 12, 13, 16, 18, 21, 28, 31, 32, 33], maxlen=250000), 1.5: deque([0], maxlen=250000), -1: deque([2, 6, 10, 15, 17, 19, 20, 22, 25, 26, 27, 30], maxlen=250000)}","{1: deque([3, 4, 14, 24], maxlen=250000), 1.5: deque([0], maxlen=250000), -1: deque([5, 11, 23, 29], maxlen=250000)}"
1044,"{-1: deque([1, 3, 5, 6, 8, 11, 12, 17, 23, 24, 25, 28], maxlen=250000), 1.5: deque([0], maxlen=250000), 1: deque([2, 4, 9, 10, 14, 15, 18, 21, 27, 29, 30, 32, 33], maxlen=250000)}","{-1: deque([7, 13, 20, 22], maxlen=250000), 1.5: deque([0], maxlen=250000), 1: deque([16, 19, 26, 31], maxlen=250000)}"
1045,"{-1: deque([1, 3, 4, 13, 18, 19, 20, 23, 24, 26, 30, 31], maxlen=250000), 1.5: deque([0], maxlen=250000), 1: deque([2, 10, 11, 12, 14, 15, 17, 21, 27, 28, 29, 32, 33], maxlen=250000)}","{-1: deque([5, 8, 16, 22], maxlen=250000), 1.5: deque([0], maxlen=250000), 1: deque([6, 7, 9, 25], maxlen=250000)}"
1046,"{1: deque([1, 2, 6, 7, 13, 15, 19, 21, 25, 26, 27, 30], maxlen=250000), 1.5: deque([0], maxlen=250000), -1: deque([3, 4, 5, 8, 10, 16, 17, 22, 23, 24, 28, 31], maxlen=250000)}","{1: deque([9, 14, 18, 29, 33], maxlen=250000), 1.5: deque([0], maxlen=250000), -1: deque([11, 12, 20, 32], maxlen=250000)}"
1047,"{1: deque([2, 7, 9, 12, 13, 18, 22, 25, 26, 29, 31, 32, 33], maxlen=250000), 1.5: deque([0], maxlen=250000), -1: deque([3, 4, 8, 10, 11, 15, 16, 20, 21, 23, 24, 27], maxlen=250000)}","{1: deque([1, 5, 28, 30], maxlen=250000), 1.5: deque([0], maxlen=250000), -1: deque([6, 14, 17, 19], maxlen=250000)}"
1048,"{1: deque([1, 2, 3, 4, 7, 10, 11, 16, 23, 26, 27, 32, 33], maxlen=250000), 1.5: deque([0], maxlen=250000), -1: deque([6, 9, 13, 14, 15, 18, 19, 21, 22, 24, 25, 28], maxlen=250000)}","{1: deque([5, 12, 17, 20], maxlen=250000), 1.5: deque([0], maxlen=250000), -1: deque([8, 29, 30, 31], maxlen=250000)}"
1049,"{-1: deque([1, 2, 5, 9, 11, 14, 18, 21, 24, 25, 26, 29], maxlen=250000), 1.5: deque([0], maxlen=250000), 1: deque([3, 8, 10, 12, 13, 15, 17, 19, 20, 23, 27, 32, 33], maxlen=250000)}","{-1: deque([4, 7, 28, 31], maxlen=250000), 1.5: deque([0], maxlen=250000), 1: deque([6, 16, 22, 30], maxlen=250000)}"
1050,"{1: deque([1, 6, 8, 10, 12, 16, 19, 21, 25, 26, 31, 32], maxlen=250000), 1.5: deque([0], maxlen=250000), -1: deque([2, 5, 9, 11, 17, 18, 20, 23, 24, 27, 28, 29], maxlen=250000)}","{1: deque([3, 4, 15, 30, 33], maxlen=250000), 1.5: deque([0], maxlen=250000), -1: deque([7, 13, 14, 22], maxlen=250000)}"
1051,"{1: deque([1, 4, 7, 9, 11, 13, 16, 20, 21, 22, 30, 31], maxlen=250000), 1.5: deque([0], maxlen=250000), -1: deque([2, 3, 6, 10, 14, 15, 24, 25, 26, 27, 29, 32], maxlen=250000)}","{-1: deque([5, 8, 18, 23], maxlen=250000), 1.5: deque([0], maxlen=250000), 1: deque([12, 17, 19, 28, 33], maxlen=250000)}"
1052,"{-1: deque([1, 2, 4, 6, 8, 10, 11, 12, 16, 22, 24, 32], maxlen=250000), 1.5: deque([0], maxlen=250000), 1: deque([7, 13, 15, 17, 18, 19, 20, 25, 28, 29, 30, 31], maxlen=250000)}","{-1: deque([3, 14, 21, 26], maxlen=250000), 1.5: deque([0], maxlen=250000), 1: deque([5, 9, 23, 27, 33], maxlen=250000)}"
1053,"{1: deque([1, 4, 7, 10, 13, 14, 15, 16, 18, 19, 22, 25, 33], maxlen=250000), 1.5: deque([0], maxlen=250000), -1: deque([2, 5, 8, 9, 11, 17, 20, 21, 26, 27, 29, 32], maxlen=250000)}","{1: deque([3, 6, 12, 28], maxlen=250000), 1.5: deque([0], maxlen=250000), -1: deque([23, 24, 30, 31], maxlen=250000)}"
1054,"{1: deque([1, 4, 7, 12, 14, 15, 16, 21, 24, 25, 28, 29, 33], maxlen=250000), 1.5: deque([0], maxlen=250000), -1: deque([2, 6, 8, 11, 13, 17, 18, 19, 20, 22, 23, 31], maxlen=250000)}","{1: deque([3, 9, 27, 30], maxlen=250000), 1.5: deque([0], maxlen=250000), -1: deque([5, 10, 26, 32], maxlen=250000)}"
1055,"{1: deque([1, 7, 9, 14, 17, 19, 22, 24, 26, 27, 30, 32, 33], maxlen=250000), 1.5: deque([0], maxlen=250000), -1: deque([2, 3, 6, 13, 16, 20, 21, 23, 25, 28, 29, 31], maxlen=250000)}","{-1: deque([4, 8, 10, 12], maxlen=250000), 1.5: deque([0], maxlen=250000), 1: deque([5, 11, 15, 18], maxlen=250000)}"
1056,"{1: deque([1, 4, 5, 7, 10, 11, 16, 17, 22, 23, 28, 29, 33], maxlen=250000), 1.5: deque([0], maxlen=250000), -1: deque([2, 3, 8, 9, 19, 20, 24, 26, 27, 30, 31, 32], maxlen=250000)}","{-1: deque([6, 12, 14, 21], maxlen=250000), 1.5: deque([0], maxlen=250000), 1: deque([13, 15, 18, 25], maxlen=250000)}"
1057,"{-1: deque([1, 2, 8, 9, 11, 12, 14, 18, 20, 30, 31, 32], maxlen=250000), 1.5: deque([0], maxlen=250000), 1: deque([4, 5, 10, 15, 16, 21, 22, 25, 26, 27, 28, 29, 33], maxlen=250000)}","{1: deque([3, 6, 7, 23], maxlen=250000), 1.5: deque([0], maxlen=250000), -1: deque([13, 17, 19, 24], maxlen=250000)}"
1058,"{-1: deque([2, 3, 4, 6, 8, 11, 12, 13, 19, 20, 22, 25], maxlen=250000), 1.5: deque([0], maxlen=250000), 1: deque([9, 10, 14, 16, 18, 23, 24, 26, 27, 28, 30, 31, 33], maxlen=250000)}","{1: deque([1, 17, 21, 29], maxlen=250000), 1.5: deque([0], maxlen=250000), -1: deque([5, 7, 15, 32], maxlen=250000)}"
1059,"{-1: deque([1, 3, 7, 9, 12, 17, 18, 22, 26, 28, 29, 32], maxlen=250000), 1.5: deque([0], maxlen=250000), 1: deque([2, 5, 8, 10, 13, 14, 15, 16, 23, 27, 30, 31, 33], maxlen=250000)}","{-1: deque([4, 11, 19, 20], maxlen=250000), 1.5: deque([0], maxlen=250000), 1: deque([6, 21, 24, 25], maxlen=250000)}"
1060,"{-1: deque([3, 6, 7, 8, 9, 10, 11, 17, 20, 23, 25, 32], maxlen=250000), 1.5: deque([0], maxlen=250000), 1: deque([5, 12, 13, 14, 15, 16, 19, 21, 24, 29, 30, 31, 33], maxlen=250000)}","{-1: deque([1, 22, 27, 28], maxlen=250000), 1.5: deque([0], maxlen=250000), 1: deque([2, 4, 18, 26], maxlen=250000)}"
1061,"{1: deque([1, 4, 7, 8, 9, 10, 11, 13, 16, 28, 29, 31, 33], maxlen=250000), 1.5: deque([0], maxlen=250000), -1: deque([5, 6, 15, 17, 18, 20, 21, 23, 24, 25, 26, 27], maxlen=250000)}","{1: deque([2, 3, 12, 22], maxlen=250000), 1.5: deque([0], maxlen=250000), -1: deque([14, 19, 30, 32], maxlen=250000)}"
1062,"{-1: deque([2, 3, 6, 8, 9, 10, 12, 15, 19, 22, 31, 32], maxlen=250000), 1.5: deque([0], maxlen=250000), 1: deque([4, 5, 11, 13, 14, 16, 18, 21, 23, 25, 26, 30, 33], maxlen=250000)}","{1: deque([1, 24, 27, 28], maxlen=250000), 1.5: deque([0], maxlen=250000), -1: deque([7, 17, 20, 29], maxlen=250000)}"
1063,"{-1: deque([1, 10, 11, 17, 18, 19, 20, 23, 24, 27, 28, 32], maxlen=250000), 1.5: deque([0], maxlen=250000), 1: deque([4, 5, 8, 9, 12, 13, 15, 16, 21, 22, 29, 31], maxlen=250000)}","{1: deque([2, 3, 25, 30, 33], maxlen=250000), 1.5: deque([0], maxlen=250000), -1: deque([6, 7, 14, 26], maxlen=250000)}"
1064,"{-1: deque([1, 3, 5, 19, 20, 21, 22, 23, 26, 27, 31, 32], maxlen=250000), 1.5: deque([0], maxlen=250000), 1: deque([2, 4, 8, 10, 11, 13, 15, 16, 18, 24, 25, 29], maxlen=250000)}","{1: deque([6, 12, 17, 28, 33], maxlen=250000), 1.5: deque([0], maxlen=250000), -1: deque([7, 9, 14, 30], maxlen=250000)}"
1065,"{-1: deque([1, 6, 8, 9, 11, 15, 19, 22, 24, 25, 28, 32], maxlen=250000), 1.5: deque([0], maxlen=250000), 1: deque([3, 5, 7, 10, 16, 17, 18, 21, 23, 26, 29, 30], maxlen=250000)}","{1: deque([2, 14, 20, 27, 33], maxlen=250000), 1.5: deque([0], maxlen=250000), -1: deque([4, 12, 13, 31], maxlen=250000)}"
1066,"{1: deque([1, 6, 8, 10, 13, 17, 18, 20, 22, 24, 28, 31, 33], maxlen=250000), 1.5: deque([0], maxlen=250000), -1: deque([2, 4, 5, 9, 12, 14, 19, 21, 23, 26, 30, 32], maxlen=250000)}","{-1: deque([3, 15, 27, 29], maxlen=250000), 1.5: deque([0], maxlen=250000), 1: deque([7, 11, 16, 25], maxlen=250000)}"
1067,"{1: deque([2, 6, 8, 12, 13, 17, 20, 23, 26, 29, 30, 32, 33], maxlen=250000), 1.5: deque([0], maxlen=250000), -1: deque([3, 4, 5, 7, 9, 10, 11, 18, 19, 25, 27, 28], maxlen=250000)}","{1: deque([1, 15, 22, 24], maxlen=250000), 1.5: deque([0], maxlen=250000), -1: deque([14, 16, 21, 31], maxlen=250000)}"
1068,"{-1: deque([1, 2, 4, 9, 10, 11, 15, 16, 17, 19, 25, 29], maxlen=250000), 1.5: deque([0], maxlen=250000), 1: deque([3, 6, 8, 12, 13, 14, 20, 22, 26, 28, 30, 31, 33], maxlen=250000)}","{1: deque([5, 18, 21, 32], maxlen=250000), 1.5: deque([0], maxlen=250000), -1: deque([7, 23, 24, 27], maxlen=250000)}"
1069,"{-1: deque([1, 5, 7, 9, 14, 17, 19, 21, 25, 27, 28, 29], maxlen=250000), 1.5: deque([0], maxlen=250000), 1: deque([2, 3, 6, 10, 12, 13, 15, 20, 22, 23, 30, 31], maxlen=250000)}","{1: deque([4, 8, 11, 32, 33], maxlen=250000), 1.5: deque([0], maxlen=250000), -1: deque([16, 18, 24, 26], maxlen=250000)}"
1070,"{-1: deque([1, 2, 3, 4, 6, 9, 14, 16, 20, 26, 28, 31], maxlen=250000), 1.5: deque([0], maxlen=250000), 1: deque([7, 10, 11, 13, 17, 19, 21, 23, 24, 27, 29, 32, 33], maxlen=250000)}","{-1: deque([5, 12, 15, 22], maxlen=250000), 1.5: deque([0], maxlen=250000), 1: deque([8, 18, 25, 30], maxlen=250000)}"
1071,"{-1: deque([1, 2, 7, 9, 12, 15, 16, 17, 21, 23, 28, 29], maxlen=250000), 1.5: deque([0], maxlen=250000), 1: deque([4, 5, 6, 8, 10, 13, 14, 20, 24, 25, 31, 32, 33], maxlen=250000)}","{-1: deque([3, 26, 27, 30], maxlen=250000), 1.5: deque([0], maxlen=250000), 1: deque([11, 18, 19, 22], maxlen=250000)}"
1072,"{-1: deque([1, 2, 6, 7, 10, 12, 17, 24, 28, 30, 31, 32], maxlen=250000), 1.5: deque([0], maxlen=250000), 1: deque([4, 5, 9, 11, 13, 14, 15, 16, 19, 22, 26, 27], maxlen=250000)}","{1: deque([3, 21, 23, 29, 33], maxlen=250000), 1.5: deque([0], maxlen=250000), -1: deque([8, 18, 20, 25], maxlen=250000)}"
1073,"{1: deque([1, 2, 3, 6, 10, 15, 17, 22, 28, 29, 31, 32], maxlen=250000), 1.5: deque([0], maxlen=250000), -1: deque([4, 5, 11, 12, 14, 19, 21, 23, 24, 25, 26, 30], maxlen=250000)}","{1: deque([7, 9, 13, 20, 33], maxlen=250000), 1.5: deque([0], maxlen=250000), -1: deque([8, 16, 18, 27], maxlen=250000)}"
1074,"{1: deque([1, 2, 3, 6, 12, 16, 20, 21, 22, 23, 25, 28, 33], maxlen=250000), 1.5: deque([0], maxlen=250000), -1: deque([4, 5, 8, 9, 13, 14, 15, 26, 29, 30, 31, 32], maxlen=250000)}","{-1: deque([7, 19, 24, 27], maxlen=250000), 1.5: deque([0], maxlen=250000), 1: deque([10, 11, 17, 18], maxlen=250000)}"
1075,"{1: deque([2, 5, 6, 9, 10, 20, 24, 26, 27, 30, 31, 32], maxlen=250000), 1.5: deque([0], maxlen=250000), -1: deque([8, 11, 12, 13, 16, 17, 21, 22, 23, 25, 28, 29], maxlen=250000)}","{-1: deque([1, 3, 4, 15], maxlen=250000), 1.5: deque([0], maxlen=250000), 1: deque([7, 14, 18, 19, 33], maxlen=250000)}"
1076,"{-1: deque([1, 2, 5, 9, 12, 15, 21, 23, 24, 28, 30, 32], maxlen=250000), 1.5: deque([0], maxlen=250000), 1: deque([7, 10, 11, 13, 14, 17, 18, 19, 20, 25, 29, 31], maxlen=250000)}","{-1: deque([3, 6, 16, 22], maxlen=250000), 1.5: deque([0], maxlen=250000), 1: deque([4, 8, 26, 27, 33], maxlen=250000)}"
1077,"{-1: deque([1, 2, 3, 4, 9, 14, 17, 23, 24, 25, 26, 31], maxlen=250000), 1.5: deque([0], maxlen=250000), 1: deque([5, 6, 7, 8, 12, 15, 16, 19, 20, 21, 22, 29], maxlen=250000)}","{-1: deque([10, 13, 27, 30], maxlen=250000), 1.5: deque([0], maxlen=250000), 1: deque([11, 18, 28, 32, 33], maxlen=250000)}"
1078,"{1: deque([1, 5, 6, 7, 8, 11, 12, 14, 16, 27, 29, 30], maxlen=250000), 1.5: deque([0], maxlen=250000), -1: deque([4, 9, 10, 15, 17, 18, 21, 23, 24, 25, 28, 31], maxlen=250000)}","{-1: deque([2, 3, 20, 22], maxlen=250000), 1.5: deque([0], maxlen=250000), 1: deque([13, 19, 26, 32, 33], maxlen=250000)}"
1079,"{1: deque([1, 9, 10, 11, 13, 18, 19, 23, 24, 27, 31, 32], maxlen=250000), 1.5: deque([0], maxlen=250000), -1: deque([2, 4, 6, 8, 12, 14, 16, 17, 21, 22, 26, 30], maxlen=250000)}","{1: deque([3, 20, 25, 29, 33], maxlen=250000), 1.5: deque([0], maxlen=250000), -1: deque([5, 7, 15, 28], maxlen=250000)}"
1080,"{-1: deque([1, 2, 3, 6, 7, 16, 21, 22, 25, 26, 27, 29], maxlen=250000), 1.5: deque([0], maxlen=250000), 1: deque([8, 9, 11, 13, 14, 17, 18, 20, 23, 24, 30, 31], maxlen=250000)}","{-1: deque([4, 10, 12, 28], maxlen=250000), 1.5: deque([0], maxlen=250000), 1: deque([5, 15, 19, 32, 33], maxlen=250000)}"
1081,"{1: deque([2, 6, 8, 12, 15, 17, 18, 21, 23, 26, 29, 32, 33], maxlen=250000), 1.5: deque([0], maxlen=250000), -1: deque([3, 4, 5, 7, 11, 13, 14, 16, 19, 25, 27, 28], maxlen=250000)}","{1: deque([1, 9, 10, 20], maxlen=250000), 1.5: deque([0], maxlen=250000), -1: deque([22, 24, 30, 31], maxlen=250000)}"
1082,"{-1: deque([1, 5, 8, 13, 17, 21, 23, 24, 27, 30, 31, 32], maxlen=250000), 1.5: deque([0], maxlen=250000), 1: deque([6, 7, 9, 12, 15, 19, 20, 22, 25, 26, 28, 29, 33], maxlen=250000)}","{1: deque([2, 3, 4, 16], maxlen=250000), 1.5: deque([0], maxlen=250000), -1: deque([10, 11, 14, 18], maxlen=250000)}"
1083,"{1: deque([1, 2, 4, 6, 15, 16, 17, 20, 24, 27, 31, 32, 33], maxlen=250000), 1.5: deque([0], maxlen=250000), -1: deque([3, 5, 7, 8, 9, 10, 11, 13, 14, 18, 23, 29], maxlen=250000)}","{1: deque([12, 19, 21, 26], maxlen=250000), 1.5: deque([0], maxlen=250000), -1: deque([22, 25, 28, 30], maxlen=250000)}"
1084,"{1: deque([2, 4, 6, 10, 12, 14, 16, 18, 24, 29, 31, 32], maxlen=250000), 1.5: deque([0], maxlen=250000), -1: deque([8, 11, 15, 17, 19, 20, 21, 22, 23, 25, 27, 30], maxlen=250000)}","{1: deque([1, 3, 7, 26, 33], maxlen=250000), 1.5: deque([0], maxlen=250000), -1: deque([5, 9, 13, 28], maxlen=250000)}"
1085,"{-1: deque([1, 2, 4, 7, 10, 12, 16, 17, 21, 22, 27, 28], maxlen=250000), 1.5: deque([0], maxlen=250000), 1: deque([6, 8, 11, 15, 18, 19, 20, 23, 25, 30, 31, 32, 33], maxlen=250000)}","{-1: deque([3, 5, 9, 14], maxlen=250000), 1.5: deque([0], maxlen=250000), 1: deque([13, 24, 26, 29], maxlen=250000)}"
1086,"{-1: deque([1, 4, 5, 9, 11, 17, 20, 21, 22, 24, 26, 28], maxlen=250000), 1.5: deque([0], maxlen=250000), 1: deque([3, 10, 12, 13, 14, 15, 16, 19, 23, 25, 30, 32, 33], maxlen=250000)}","{-1: deque([2, 6, 18, 31], maxlen=250000), 1.5: deque([0], maxlen=250000), 1: deque([7, 8, 27, 29], maxlen=250000)}"
1087,"{1: deque([1, 2, 3, 8, 10, 12, 17, 19, 22, 27, 29, 31], maxlen=250000), 1.5: deque([0], maxlen=250000), -1: deque([4, 5, 6, 9, 13, 15, 18, 20, 23, 25, 26, 32], maxlen=250000)}","{1: deque([7, 11, 21, 30, 33], maxlen=250000), 1.5: deque([0], maxlen=250000), -1: deque([14, 16, 24, 28], maxlen=250000)}"
1088,"{1: deque([1, 2, 5, 7, 10, 11, 20, 21, 22, 24, 25, 32, 33], maxlen=250000), 1.5: deque([0], maxlen=250000), -1: deque([3, 8, 12, 13, 14, 15, 16, 18, 23, 28, 29, 31], maxlen=250000)}","{1: deque([4, 6, 17, 26], maxlen=250000), 1.5: deque([0], maxlen=250000), -1: deque([9, 19, 27, 30], maxlen=250000)}"
1089,"{1: deque([1, 6, 7, 8, 14, 16, 17, 18, 21, 22, 29, 30], maxlen=250000), 1.5: deque([0], maxlen=250000), -1: deque([2, 4, 9, 11, 13, 19, 20, 23, 24, 25, 27, 32], maxlen=250000)}","{-1: deque([3, 15, 26, 31], maxlen=250000), 1.5: deque([0], maxlen=250000), 1: deque([5, 10, 12, 28, 33], maxlen=250000)}"
1090,"{-1: deque([1, 3, 4, 5, 7, 8, 9, 12, 15, 16, 19, 32], maxlen=250000), 1.5: deque([0], maxlen=250000), 1: deque([11, 13, 14, 17, 20, 21, 22, 24, 26, 28, 29, 30], maxlen=250000)}","{1: deque([2, 23, 25, 31, 33], maxlen=250000), 1.5: deque([0], maxlen=250000), -1: deque([6, 10, 18, 27], maxlen=250000)}"
1091,"{1: deque([1, 2, 7, 8, 22, 25, 26, 28, 29, 30, 31, 32, 33], maxlen=250000), 1.5: deque([0], maxlen=250000), -1: deque([3, 4, 6, 10, 15, 16, 17, 18, 19, 20, 24, 27], maxlen=250000)}","{1: deque([5, 12, 13, 14], maxlen=250000), 1.5: deque([0], maxlen=250000), -1: deque([9, 11, 21, 23], maxlen=250000)}"
1092,"{-1: deque([1, 2, 6, 10, 11, 13, 16, 19, 21, 25, 26, 31], maxlen=250000), 1.5: deque([0], maxlen=250000), 1: deque([3, 5, 7, 8, 9, 12, 15, 23, 24, 28, 29, 30, 33], maxlen=250000)}","{1: deque([4, 14, 22, 27], maxlen=250000), 1.5: deque([0], maxlen=250000), -1: deque([17, 18, 20, 32], maxlen=250000)}"
1093,"{1: deque([1, 6, 7, 8, 11, 12, 13, 18, 22, 24, 25, 32], maxlen=250000), 1.5: deque([0], maxlen=250000), -1: deque([2, 4, 10, 14, 15, 17, 19, 21, 28, 29, 30, 31], maxlen=250000)}","{-1: deque([3, 9, 23, 26], maxlen=250000), 1.5: deque([0], maxlen=250000), 1: deque([5, 16, 20, 27, 33], maxlen=250000)}"
1094,"{-1: deque([1, 4, 5, 7, 9, 11, 12, 15, 18, 29, 30, 31], maxlen=250000), 1.5: deque([0], maxlen=250000), 1: deque([3, 6, 8, 10, 14, 16, 19, 20, 22, 23, 24, 25, 33], maxlen=250000)}","{-1: deque([2, 21, 28, 32], maxlen=250000), 1.5: deque([0], maxlen=250000), 1: deque([13, 17, 26, 27], maxlen=250000)}"
1095,"{1: deque([1, 3, 7, 12, 15, 17, 18, 20, 25, 26, 28, 30, 33], maxlen=250000), 1.5: deque([0], maxlen=250000), -1: deque([4, 5, 6, 10, 13, 14, 16, 19, 21, 23, 27, 31], maxlen=250000)}","{1: deque([2, 8, 11, 29], maxlen=250000), 1.5: deque([0], maxlen=250000), -1: deque([9, 22, 24, 32], maxlen=250000)}"
1096,"{-1: deque([1, 2, 5, 6, 12, 13, 16, 18, 19, 23, 28, 29], maxlen=250000), 1.5: deque([0], maxlen=250000), 1: deque([4, 7, 8, 9, 10, 11, 14, 20, 21, 22, 27, 30], maxlen=250000)}","{-1: deque([3, 17, 25, 32], maxlen=250000), 1.5: deque([0], maxlen=250000), 1: deque([15, 24, 26, 31, 33], maxlen=250000)}"
1097,"{-1: deque([2, 10, 11, 13, 14, 15, 21, 22, 24, 26, 27, 32], maxlen=250000), 1.5: deque([0], maxlen=250000), 1: deque([5, 7, 8, 9, 12, 16, 17, 18, 19, 25, 29, 30], maxlen=250000)}","{1: deque([1, 23, 28, 31, 33], maxlen=250000), 1.5: deque([0], maxlen=250000), -1: deque([3, 4, 6, 20], maxlen=250000)}"
1098,"{1: deque([1, 5, 10, 11, 14, 16, 18, 24, 25, 26, 29, 30, 33], maxlen=250000), 1.5: deque([0], maxlen=250000), -1: deque([2, 4, 6, 9, 12, 13, 19, 20, 21, 23, 28, 32], maxlen=250000)}","{-1: deque([3, 17, 22, 31], maxlen=250000), 1.5: deque([0], maxlen=250000), 1: deque([7, 8, 15, 27], maxlen=250000)}"
1099,"{-1: deque([1, 2, 5, 7, 8, 14, 16, 17, 18, 21, 27, 30], maxlen=250000), 1.5: deque([0], maxlen=250000), 1: deque([4, 9, 10, 11, 13, 15, 19, 24, 26, 28, 31, 32, 33], maxlen=250000)}","{1: deque([3, 6, 20, 29], maxlen=250000), 1.5: deque([0], maxlen=250000), -1: deque([12, 22, 23, 25], maxlen=250000)}"
1100,"{1: deque([1, 7, 10, 13, 18, 19, 21, 22, 23, 24, 26, 29], maxlen=250000), 1.5: deque([0], maxlen=250000), -1: deque([2, 4, 11, 12, 14, 15, 17, 20, 25, 27, 28, 30], maxlen=250000)}","{-1: deque([3, 5, 16, 32], maxlen=250000), 1.5: deque([0], maxlen=250000), 1: deque([6, 8, 9, 31, 33], maxlen=250000)}"
1101,"{1: deque([2, 3, 4, 12, 14, 15, 16, 17, 20, 25, 30, 32], maxlen=250000), 1.5: deque([0], maxlen=250000), -1: deque([5, 6, 7, 8, 11, 13, 18, 19, 22, 23, 24, 26], maxlen=250000)}","{1: deque([1, 9, 21, 31, 33], maxlen=250000), 1.5: deque([0], maxlen=250000), -1: deque([10, 27, 28, 29], maxlen=250000)}"
1102,"{-1: deque([5, 6, 7, 10, 11, 12, 13, 16, 23, 28, 31, 32], maxlen=250000), 1.5: deque([0], maxlen=250000), 1: deque([9, 14, 15, 18, 20, 21, 22, 25, 26, 27, 29, 30, 33], maxlen=250000)}","{1: deque([1, 2, 4, 24], maxlen=250000), 1.5: deque([0], maxlen=250000), -1: deque([3, 8, 17, 19], maxlen=250000)}"
1103,"{1: deque([1, 3, 4, 5, 6, 18, 20, 23, 24, 27, 29, 30, 33], maxlen=250000), 1.5: deque([0], maxlen=250000), -1: deque([2, 7, 8, 9, 10, 12, 15, 19, 25, 26, 28, 31], maxlen=250000)}","{-1: deque([11, 13, 16, 32], maxlen=250000), 1.5: deque([0], maxlen=250000), 1: deque([14, 17, 21, 22], maxlen=250000)}"
1104,"{1: deque([2, 5, 17, 18, 19, 20, 21, 22, 27, 28, 31, 32, 33], maxlen=250000), 1.5: deque([0], maxlen=250000), -1: deque([3, 4, 7, 8, 11, 13, 16, 23, 24, 25, 29, 30], maxlen=250000)}","{-1: deque([1, 6, 9, 14], maxlen=250000), 1.5: deque([0], maxlen=250000), 1: deque([10, 12, 15, 26], maxlen=250000)}"
1105,"{1: deque([1, 3, 5, 6, 11, 15, 19, 21, 25, 28, 29, 30], maxlen=250000), 1.5: deque([0], maxlen=250000), -1: deque([2, 4, 8, 13, 14, 18, 22, 23, 24, 27, 31, 32], maxlen=250000)}","{1: deque([7, 9, 20, 26, 33], maxlen=250000), 1.5: deque([0], maxlen=250000), -1: deque([10, 12, 16, 17], maxlen=250000)}"
1106,"{1: deque([1, 2, 3, 6, 8, 9, 12, 15, 24, 29, 30, 32, 33], maxlen=250000), 1.5: deque([0], maxlen=250000), -1: deque([4, 5, 7, 11, 16, 18, 19, 21, 23, 25, 26, 31], maxlen=250000)}","{-1: deque([10, 13, 14, 27], maxlen=250000), 1.5: deque([0], maxlen=250000), 1: deque([17, 20, 22, 28], maxlen=250000)}"
1107,"{1: deque([1, 6, 7, 11, 12, 13, 23, 26, 28, 29, 31, 32, 33], maxlen=250000), 1.5: deque([0], maxlen=250000), -1: deque([3, 5, 9, 15, 16, 17, 19, 20, 21, 24, 27, 30], maxlen=250000)}","{-1: deque([2, 18, 22, 25], maxlen=250000), 1.5: deque([0], maxlen=250000), 1: deque([4, 8, 10, 14], maxlen=250000)}"
1108,"{1: deque([1, 6, 7, 10, 14, 15, 19, 22, 24, 25, 27, 29], maxlen=250000), 1.5: deque([0], maxlen=250000), -1: deque([2, 3, 9, 13, 17, 18, 20, 23, 26, 28, 31, 32], maxlen=250000)}","{-1: deque([4, 8, 11, 16], maxlen=250000), 1.5: deque([0], maxlen=250000), 1: deque([5, 12, 21, 30, 33], maxlen=250000)}"
1109,"{-1: deque([1, 6, 8, 10, 14, 15, 16, 18, 24, 25, 28, 29], maxlen=250000), 1.5: deque([0], maxlen=250000), 1: deque([2, 3, 4, 5, 7, 11, 17, 19, 20, 22, 26, 30, 33], maxlen=250000)}","{1: deque([9, 12, 13, 21], maxlen=250000), 1.5: deque([0], maxlen=250000), -1: deque([23, 27, 31, 32], maxlen=250000)}"
1110,"{1: deque([1, 9, 12, 19, 21, 22, 23, 24, 27, 28, 29, 30, 33], maxlen=250000), 1.5: deque([0], maxlen=250000), -1: deque([2, 6, 7, 8, 10, 13, 14, 15, 17, 20, 25, 31], maxlen=250000)}","{1: deque([3, 4, 5, 32], maxlen=250000), 1.5: deque([0], maxlen=250000), -1: deque([11, 16, 18, 26], maxlen=250000)}"
1111,"{-1: deque([1, 7, 9, 13, 14, 18, 19, 20, 26, 27, 28, 31], maxlen=250000), 1.5: deque([0], maxlen=250000), 1: deque([2, 3, 4, 6, 8, 11, 15, 17, 22, 23, 24, 30, 33], maxlen=250000)}","{1: deque([5, 12, 21, 32], maxlen=250000), 1.5: deque([0], maxlen=250000), -1: deque([10, 16, 25, 29], maxlen=250000)}"
1112,"{1: deque([3, 6, 7, 12, 13, 17, 19, 22, 26, 30, 31, 32], maxlen=250000), 1.5: deque([0], maxlen=250000), -1: deque([4, 8, 10, 11, 14, 15, 20, 21, 23, 25, 28, 29], maxlen=250000)}","{1: deque([1, 9, 24, 27, 33], maxlen=250000), 1.5: deque([0], maxlen=250000), -1: deque([2, 5, 16, 18], maxlen=250000)}"
1113,"{-1: deque([3, 7, 8, 9, 10, 12, 15, 20, 23, 26, 29, 30], maxlen=250000), 1.5: deque([0], maxlen=250000), 1: deque([4, 5, 11, 14, 17, 18, 19, 21, 25, 27, 28, 32], maxlen=250000)}","{-1: deque([1, 2, 16, 24], maxlen=250000), 1.5: deque([0], maxlen=250000), 1: deque([6, 13, 22, 31, 33], maxlen=250000)}"
1114,"{1: deque([1, 2, 3, 5, 6, 8, 12, 19, 23, 24, 29, 32, 33], maxlen=250000), 1.5: deque([0], maxlen=250000), -1: deque([4, 7, 10, 11, 15, 16, 17, 21, 22, 25, 26, 28], maxlen=250000)}","{-1: deque([9, 13, 18, 30], maxlen=250000), 1.5: deque([0], maxlen=250000), 1: deque([14, 20, 27, 31], maxlen=250000)}"
1115,"{1: deque([1, 3, 10, 14, 15, 19, 20, 21, 23, 25, 26, 31, 33], maxlen=250000), 1.5: deque([0], maxlen=250000), -1: deque([4, 5, 7, 11, 13, 16, 17, 22, 24, 27, 30, 32], maxlen=250000)}","{1: deque([2, 6, 8, 18], maxlen=250000), 1.5: deque([0], maxlen=250000), -1: deque([9, 12, 28, 29], maxlen=250000)}"
1116,"{1: deque([2, 3, 8, 9, 12, 15, 18, 21, 22, 24, 29, 30, 33], maxlen=250000), 1.5: deque([0], maxlen=250000), -1: deque([4, 5, 6, 7, 11, 13, 17, 19, 20, 26, 27, 32], maxlen=250000)}","{1: deque([1, 10, 14, 28], maxlen=250000), 1.5: deque([0], maxlen=250000), -1: deque([16, 23, 25, 31], maxlen=250000)}"
1117,"{-1: deque([1, 7, 8, 10, 11, 13, 14, 19, 25, 26, 28, 32], maxlen=250000), 1.5: deque([0], maxlen=250000), 1: deque([4, 6, 9, 17, 18, 21, 22, 23, 24, 27, 30, 31, 33], maxlen=250000)}","{-1: deque([2, 3, 12, 15], maxlen=250000), 1.5: deque([0], maxlen=250000), 1: deque([5, 16, 20, 29], maxlen=250000)}"
1118,"{1: deque([3, 4, 7, 10, 11, 14, 15, 21, 25, 27, 28, 29], maxlen=250000), 1.5: deque([0], maxlen=250000), -1: deque([5, 6, 8, 9, 12, 18, 19, 22, 23, 24, 26, 30], maxlen=250000)}","{1: deque([1, 13, 17, 20, 33], maxlen=250000), 1.5: deque([0], maxlen=250000), -1: deque([2, 16, 31, 32], maxlen=250000)}"
1119,"{-1: deque([1, 2, 5, 8, 16, 17, 20, 21, 23, 25, 27, 30], maxlen=250000), 1.5: deque([0], maxlen=250000), 1: deque([6, 7, 9, 10, 11, 12, 14, 19, 22, 24, 28, 29], maxlen=250000)}","{-1: deque([3, 4, 15, 31], maxlen=250000), 1.5: deque([0], maxlen=250000), 1: deque([13, 18, 26, 32, 33], maxlen=250000)}"
1120,"{-1: deque([1, 2, 4, 7, 9, 12, 18, 22, 24, 28, 29, 30], maxlen=250000), 1.5: deque([0], maxlen=250000), 1: deque([5, 8, 10, 14, 15, 16, 17, 21, 23, 25, 27, 31, 33], maxlen=250000)}","{-1: deque([3, 6, 20, 26], maxlen=250000), 1.5: deque([0], maxlen=250000), 1: deque([11, 13, 19, 32], maxlen=250000)}"
1121,"{1: deque([1, 4, 7, 9, 14, 15, 17, 21, 22, 26, 27, 31, 33], maxlen=250000), 1.5: deque([0], maxlen=250000), -1: deque([3, 5, 6, 10, 11, 13, 16, 18, 19, 23, 28, 29], maxlen=250000)}","{-1: deque([2, 12, 20, 25], maxlen=250000), 1.5: deque([0], maxlen=250000), 1: deque([8, 24, 30, 32], maxlen=250000)}"
1122,"{1: deque([1, 2, 7, 10, 16, 19, 20, 22, 23, 25, 27, 28], maxlen=250000), 1.5: deque([0], maxlen=250000), -1: deque([3, 4, 6, 8, 9, 11, 13, 15, 18, 21, 29, 32], maxlen=250000)}","{-1: deque([5, 17, 24, 30], maxlen=250000), 1.5: deque([0], maxlen=250000), 1: deque([12, 14, 26, 31, 33], maxlen=250000)}"
1123,"{1: deque([1, 4, 5, 6, 13, 14, 16, 17, 24, 25, 27, 28, 33], maxlen=250000), 1.5: deque([0], maxlen=250000), -1: deque([2, 7, 8, 9, 10, 11, 12, 18, 23, 26, 30, 32], maxlen=250000)}","{1: deque([3, 19, 20, 22], maxlen=250000), 1.5: deque([0], maxlen=250000), -1: deque([15, 21, 29, 31], maxlen=250000)}"
1124,"{1: deque([3, 4, 6, 9, 13, 14, 15, 19, 21, 22, 24, 25, 33], maxlen=250000), 1.5: deque([0], maxlen=250000), -1: deque([5, 8, 10, 11, 12, 18, 20, 26, 27, 28, 31, 32], maxlen=250000)}","{-1: deque([1, 7, 16, 17], maxlen=250000), 1.5: deque([0], maxlen=250000), 1: deque([2, 23, 29, 30], maxlen=250000)}"
1125,"{1: deque([2, 4, 7, 10, 11, 12, 14, 19, 20, 27, 28, 30], maxlen=250000), 1.5: deque([0], maxlen=250000), -1: deque([9, 13, 15, 16, 17, 21, 22, 23, 25, 26, 29, 32], maxlen=250000)}","{-1: deque([1, 5, 6, 18], maxlen=250000), 1.5: deque([0], maxlen=250000), 1: deque([3, 8, 24, 31, 33], maxlen=250000)}"
1126,"{1: deque([1, 2, 4, 5, 7, 8, 19, 21, 23, 24, 30, 32], maxlen=250000), 1.5: deque([0], maxlen=250000), -1: deque([3, 6, 10, 11, 14, 18, 20, 25, 27, 28, 29, 31], maxlen=250000)}","{-1: deque([9, 12, 16, 17], maxlen=250000), 1.5: deque([0], maxlen=250000), 1: deque([13, 15, 22, 26, 33], maxlen=250000)}"
1127,"{1: deque([2, 3, 4, 5, 6, 15, 21, 23, 25, 26, 30, 31, 33], maxlen=250000), 1.5: deque([0], maxlen=250000), -1: deque([7, 10, 11, 16, 17, 18, 19, 22, 24, 28, 29, 32], maxlen=250000)}","{1: deque([1, 9, 12, 13], maxlen=250000), 1.5: deque([0], maxlen=250000), -1: deque([8, 14, 20, 27], maxlen=250000)}"
1128,"{-1: deque([1, 3, 8, 9, 13, 14, 18, 19, 25, 26, 29, 30], maxlen=250000), 1.5: deque([0], maxlen=250000), 1: deque([4, 5, 10, 12, 16, 17, 20, 22, 27, 28, 31, 32, 33], maxlen=250000)}","{1: deque([2, 6, 23, 24], maxlen=250000), 1.5: deque([0], maxlen=250000), -1: deque([7, 11, 15, 21], maxlen=250000)}"
1129,"{1: deque([1, 3, 8, 9, 11, 12, 15, 16, 17, 21, 22, 24, 33], maxlen=250000), 1.5: deque([0], maxlen=250000), -1: deque([4, 5, 7, 10, 13, 14, 18, 20, 28, 29, 31, 32], maxlen=250000)}","{-1: deque([2, 19, 26, 30], maxlen=250000), 1.5: deque([0], maxlen=250000), 1: deque([6, 23, 25, 27], maxlen=250000)}"
1130,"{1: deque([2, 6, 8, 11, 14, 17, 18, 21, 22, 25, 29, 30], maxlen=250000), 1.5: deque([0], maxlen=250000), -1: deque([4, 5, 7, 13, 15, 16, 19, 20, 24, 26, 31, 32], maxlen=250000)}","{-1: deque([1, 9, 12, 23], maxlen=250000), 1.5: deque([0], maxlen=250000), 1: deque([3, 10, 27, 28, 33], maxlen=250000)}"
1131,"{1: deque([1, 2, 3, 7, 10, 11, 12, 14, 17, 18, 31, 32, 33], maxlen=250000), 1.5: deque([0], maxlen=250000), -1: deque([4, 5, 6, 8, 16, 19, 22, 23, 24, 27, 29, 30], maxlen=250000)}","{1: deque([9, 21, 26, 28], maxlen=250000), 1.5: deque([0], maxlen=250000), -1: deque([13, 15, 20, 25], maxlen=250000)}"
1132,"{-1: deque([1, 2, 9, 11, 14, 15, 18, 24, 26, 30, 31, 32], maxlen=250000), 1.5: deque([0], maxlen=250000), 1: deque([3, 5, 6, 7, 10, 12, 16, 17, 23, 25, 28, 29], maxlen=250000)}","{-1: deque([4, 19, 21, 22], maxlen=250000), 1.5: deque([0], maxlen=250000), 1: deque([8, 13, 20, 27, 33], maxlen=250000)}"
1133,"{-1: deque([1, 9, 11, 12, 15, 17, 20, 21, 24, 27, 31, 32], maxlen=250000), 1.5: deque([0], maxlen=250000), 1: deque([5, 6, 7, 8, 10, 13, 16, 18, 22, 23, 26, 28, 33], maxlen=250000)}","{1: deque([2, 14, 19, 25], maxlen=250000), 1.5: deque([0], maxlen=250000), -1: deque([3, 4, 29, 30], maxlen=250000)}"
1134,"{-1: deque([1, 3, 4, 7, 8, 10, 13, 15, 19, 22, 23, 30], maxlen=250000), 1.5: deque([0], maxlen=250000), 1: deque([5, 6, 9, 11, 12, 16, 18, 24, 25, 27, 31, 32], maxlen=250000)}","{-1: deque([2, 21, 26, 29], maxlen=250000), 1.5: deque([0], maxlen=250000), 1: deque([14, 17, 20, 28, 33], maxlen=250000)}"
1135,"{1: deque([1, 5, 6, 7, 8, 9, 11, 18, 21, 24, 28, 29], maxlen=250000), 1.5: deque([0], maxlen=250000), -1: deque([2, 3, 12, 13, 14, 16, 17, 19, 20, 22, 30, 31], maxlen=250000)}","{1: deque([4, 10, 23, 25, 33], maxlen=250000), 1.5: deque([0], maxlen=250000), -1: deque([15, 26, 27, 32], maxlen=250000)}"
1136,"{1: deque([1, 3, 7, 10, 11, 12, 13, 15, 18, 23, 25, 28], maxlen=250000), 1.5: deque([0], maxlen=250000), -1: deque([2, 5, 8, 17, 19, 21, 22, 27, 29, 30, 31, 32], maxlen=250000)}","{1: deque([4, 9, 16, 26, 33], maxlen=250000), 1.5: deque([0], maxlen=250000), -1: deque([6, 14, 20, 24], maxlen=250000)}"
1137,"{-1: deque([1, 7, 8, 10, 12, 16, 17, 23, 24, 25, 28, 29], maxlen=250000), 1.5: deque([0], maxlen=250000), 1: deque([2, 3, 5, 6, 9, 11, 14, 15, 20, 30, 31, 32], maxlen=250000)}","{-1: deque([4, 19, 21, 22], maxlen=250000), 1.5: deque([0], maxlen=250000), 1: deque([13, 18, 26, 27, 33], maxlen=250000)}"
1138,"{1: deque([1, 3, 4, 8, 10, 14, 15, 20, 25, 26, 27, 30, 33], maxlen=250000), 1.5: deque([0], maxlen=250000), -1: deque([2, 5, 6, 7, 11, 12, 17, 21, 22, 23, 28, 32], maxlen=250000)}","{1: deque([9, 13, 29, 31], maxlen=250000), 1.5: deque([0], maxlen=250000), -1: deque([16, 18, 19, 24], maxlen=250000)}"
1139,"{1: deque([1, 4, 6, 9, 11, 15, 16, 18, 20, 24, 28, 30, 33], maxlen=250000), 1.5: deque([0], maxlen=250000), -1: deque([2, 7, 10, 13, 14, 17, 21, 22, 23, 29, 31, 32], maxlen=250000)}","{1: deque([3, 8, 26, 27], maxlen=250000), 1.5: deque([0], maxlen=250000), -1: deque([5, 12, 19, 25], maxlen=250000)}"
1140,"{-1: deque([1, 4, 6, 9, 11, 15, 17, 18, 22, 23, 26, 31], maxlen=250000), 1.5: deque([0], maxlen=250000), 1: deque([2, 3, 5, 12, 14, 19, 20, 21, 24, 25, 29, 32], maxlen=250000)}","{-1: deque([7, 8, 16, 30], maxlen=250000), 1.5: deque([0], maxlen=250000), 1: deque([10, 13, 27, 28, 33], maxlen=250000)}"
1141,"{1: deque([1, 4, 5, 8, 9, 12, 16, 19, 22, 25, 26, 28, 33], maxlen=250000), 1.5: deque([0], maxlen=250000), -1: deque([6, 7, 10, 11, 14, 15, 20, 23, 27, 29, 30, 31], maxlen=250000)}","{1: deque([2, 3, 17, 24], maxlen=250000), 1.5: deque([0], maxlen=250000), -1: deque([13, 18, 21, 32], maxlen=250000)}"
1142,"{-1: deque([1, 9, 12, 13, 15, 19, 21, 22, 23, 25, 28, 32], maxlen=250000), 1.5: deque([0], maxlen=250000), 1: deque([4, 6, 7, 8, 10, 11, 14, 17, 18, 20, 30, 31, 33], maxlen=250000)}","{1: deque([2, 5, 26, 27], maxlen=250000), 1.5: deque([0], maxlen=250000), -1: deque([3, 16, 24, 29], maxlen=250000)}"
1143,"{-1: deque([1, 4, 8, 12, 15, 20, 21, 24, 25, 26, 29, 32], maxlen=250000), 1.5: deque([0], maxlen=250000), 1: deque([2, 6, 10, 11, 13, 14, 16, 17, 19, 28, 30, 31], maxlen=250000)}","{-1: deque([3, 7, 9, 18], maxlen=250000), 1.5: deque([0], maxlen=250000), 1: deque([5, 22, 23, 27, 33], maxlen=250000)}"
1144,"{1: deque([1, 3, 6, 8, 13, 14, 16, 24, 25, 28, 30, 32, 33], maxlen=250000), 1.5: deque([0], maxlen=250000), -1: deque([2, 11, 12, 17, 19, 20, 21, 22, 23, 26, 27, 31], maxlen=250000)}","{-1: deque([4, 5, 9, 15], maxlen=250000), 1.5: deque([0], maxlen=250000), 1: deque([7, 10, 18, 29], maxlen=250000)}"
1145,"{-1: deque([1, 9, 11, 12, 16, 17, 18, 19, 21, 23, 27, 29], maxlen=250000), 1.5: deque([0], maxlen=250000), 1: deque([2, 3, 4, 5, 8, 13, 20, 22, 28, 30, 31, 32, 33], maxlen=250000)}","{1: deque([6, 15, 24, 25], maxlen=250000), 1.5: deque([0], maxlen=250000), -1: deque([7, 10, 14, 26], maxlen=250000)}"
1146,"{-1: deque([1, 4, 7, 11, 14, 16, 25, 26, 28, 30, 31, 32], maxlen=250000), 1.5: deque([0], maxlen=250000), 1: deque([2, 5, 9, 13, 17, 18, 21, 22, 23, 24, 27, 29], maxlen=250000)}","{-1: deque([3, 12, 15, 20], maxlen=250000), 1.5: deque([0], maxlen=250000), 1: deque([6, 8, 10, 19, 33], maxlen=250000)}"
1147,"{-1: deque([2, 4, 9, 14, 15, 16, 18, 23, 26, 28, 29, 30], maxlen=250000), 1.5: deque([0], maxlen=250000), 1: deque([3, 5, 6, 8, 13, 17, 19, 20, 21, 24, 27, 31], maxlen=250000)}","{-1: deque([1, 10, 11, 32], maxlen=250000), 1.5: deque([0], maxlen=250000), 1: deque([7, 12, 22, 25, 33], maxlen=250000)}"
1148,"{1: deque([1, 2, 5, 9, 15, 16, 23, 24, 26, 27, 29, 31], maxlen=250000), 1.5: deque([0], maxlen=250000), -1: deque([4, 8, 11, 12, 13, 14, 17, 19, 22, 25, 28, 30], maxlen=250000)}","{-1: deque([3, 6, 10, 20], maxlen=250000), 1.5: deque([0], maxlen=250000), 1: deque([7, 18, 21, 32, 33], maxlen=250000)}"
1149,"{-1: deque([1, 3, 8, 9, 13, 16, 17, 18, 20, 22, 25, 28], maxlen=250000), 1.5: deque([0], maxlen=250000), 1: deque([2, 5, 10, 12, 15, 19, 21, 23, 26, 27, 29, 32, 33], maxlen=250000)}","{1: deque([4, 7, 14, 30], maxlen=250000), 1.5: deque([0], maxlen=250000), -1: deque([6, 11, 24, 31], maxlen=250000)}"
1150,"{1: deque([1, 3, 7, 8, 11, 12, 15, 18, 23, 25, 26, 29, 33], maxlen=250000), 1.5: deque([0], maxlen=250000), -1: deque([2, 5, 6, 14, 19, 20, 21, 22, 27, 28, 31, 32], maxlen=250000)}","{-1: deque([4, 10, 13, 16], maxlen=250000), 1.5: deque([0], maxlen=250000), 1: deque([9, 17, 24, 30], maxlen=250000)}"
1151,"{-1: deque([1, 6, 8, 12, 15, 18, 21, 25, 27, 28, 31, 32], maxlen=250000), 1.5: deque([0], maxlen=250000), 1: deque([7, 9, 10, 13, 14, 16, 17, 22, 24, 26, 29, 30, 33], maxlen=250000)}","{-1: deque([2, 4, 19, 20], maxlen=250000), 1.5: deque([0], maxlen=250000), 1: deque([3, 5, 11, 23], maxlen=250000)}"
1152,"{-1: deque([1, 4, 7, 8, 12, 13, 14, 15, 18, 19, 24, 32], maxlen=250000), 1.5: deque([0], maxlen=250000), 1: deque([3, 5, 9, 10, 16, 17, 20, 22, 26, 28, 30, 31], maxlen=250000)}","{1: deque([2, 6, 27, 29, 33], maxlen=250000), 1.5: deque([0], maxlen=250000), -1: deque([11, 21, 23, 25], maxlen=250000)}"
1153,"{1: deque([1, 6, 7, 11, 17, 18, 19, 22, 24, 25, 29, 32], maxlen=250000), 1.5: deque([0], maxlen=250000), -1: deque([2, 4, 5, 10, 13, 14, 15, 16, 26, 27, 28, 31], maxlen=250000)}","{-1: deque([3, 8, 20, 21], maxlen=250000), 1.5: deque([0], maxlen=250000), 1: deque([9, 12, 23, 30, 33], maxlen=250000)}"
1154,"{-1: deque([1, 2, 5, 6, 11, 13, 15, 20, 23, 24, 29, 31], maxlen=250000), 1.5: deque([0], maxlen=250000), 1: deque([7, 8, 9, 10, 12, 14, 18, 21, 27, 28, 30, 32], maxlen=250000)}","{1: deque([3, 16, 17, 26, 33], maxlen=250000), 1.5: deque([0], maxlen=250000), -1: deque([4, 19, 22, 25], maxlen=250000)}"
1155,"{1: deque([1, 2, 6, 7, 10, 11, 12, 19, 22, 25, 27, 28], maxlen=250000), 1.5: deque([0], maxlen=250000), -1: deque([3, 4, 5, 8, 13, 15, 18, 20, 23, 24, 26, 30], maxlen=250000)}","{-1: deque([9, 16, 17, 29], maxlen=250000), 1.5: deque([0], maxlen=250000), 1: deque([14, 21, 31, 32, 33], maxlen=250000)}"
1156,"{1: deque([4, 7, 10, 15, 18, 20, 21, 22, 24, 25, 26, 27, 33], maxlen=250000), 1.5: deque([0], maxlen=250000), -1: deque([6, 8, 11, 12, 13, 14, 16, 19, 23, 29, 30, 32], maxlen=250000)}","{1: deque([1, 5, 9, 28], maxlen=250000), 1.5: deque([0], maxlen=250000), -1: deque([2, 3, 17, 31], maxlen=250000)}"
1157,"{1: deque([2, 12, 13, 14, 18, 22, 25, 26, 27, 28, 29, 30], maxlen=250000), 1.5: deque([0], maxlen=250000), -1: deque([5, 7, 8, 9, 10, 11, 15, 19, 21, 23, 31, 32], maxlen=250000)}","{-1: deque([1, 3, 6, 17], maxlen=250000), 1.5: deque([0], maxlen=250000), 1: deque([4, 16, 20, 24, 33], maxlen=250000)}"
1158,"{-1: deque([1, 4, 5, 7, 9, 12, 15, 22, 23, 27, 30, 31], maxlen=250000), 1.5: deque([0], maxlen=250000), 1: deque([2, 6, 10, 11, 13, 16, 18, 19, 21, 24, 25, 32, 33], maxlen=250000)}","{-1: deque([3, 20, 26, 28], maxlen=250000), 1.5: deque([0], maxlen=250000), 1: deque([8, 14, 17, 29], maxlen=250000)}"
1159,"{-1: deque([1, 4, 8, 9, 10, 11, 13, 14, 16, 19, 26, 31], maxlen=250000), 1.5: deque([0], maxlen=250000), 1: deque([2, 5, 6, 7, 15, 18, 21, 23, 27, 28, 29, 30, 33], maxlen=250000)}","{-1: deque([3, 22, 24, 25], maxlen=250000), 1.5: deque([0], maxlen=250000), 1: deque([12, 17, 20, 32], maxlen=250000)}"
1160,"{-1: deque([1, 9, 14, 15, 16, 19, 20, 22, 23, 25, 28, 29], maxlen=250000), 1.5: deque([0], maxlen=250000), 1: deque([2, 3, 5, 7, 8, 10, 11, 13, 17, 21, 26, 27, 33], maxlen=250000)}","{1: deque([4, 12, 18, 32], maxlen=250000), 1.5: deque([0], maxlen=250000), -1: deque([6, 24, 30, 31], maxlen=250000)}"
1161,"{1: deque([1, 2, 3, 4, 5, 6, 10, 16, 17, 20, 30, 32, 33], maxlen=250000), 1.5: deque([0], maxlen=250000), -1: deque([7, 11, 12, 13, 14, 15, 19, 23, 25, 26, 28, 31], maxlen=250000)}","{1: deque([8, 9, 27, 29], maxlen=250000), 1.5: deque([0], maxlen=250000), -1: deque([18, 21, 22, 24], maxlen=250000)}"
1162,"{1: deque([1, 2, 3, 7, 10, 13, 14, 15, 18, 25, 26, 29, 33], maxlen=250000), 1.5: deque([0], maxlen=250000), -1: deque([5, 8, 11, 16, 17, 20, 21, 22, 23, 27, 28, 30], maxlen=250000)}","{1: deque([4, 6, 19, 32], maxlen=250000), 1.5: deque([0], maxlen=250000), -1: deque([9, 12, 24, 31], maxlen=250000)}"
1163,"{-1: deque([1, 4, 5, 7, 14, 16, 20, 23, 26, 27, 29, 30], maxlen=250000), 1.5: deque([0], maxlen=250000), 1: deque([2, 8, 9, 11, 13, 15, 18, 19, 21, 25, 28, 32, 33], maxlen=250000)}","{1: deque([3, 10, 12, 17], maxlen=250000), 1.5: deque([0], maxlen=250000), -1: deque([6, 22, 24, 31], maxlen=250000)}"
1164,"{-1: deque([1, 2, 9, 13, 14, 15, 17, 20, 24, 25, 29, 32], maxlen=250000), 1.5: deque([0], maxlen=250000), 1: deque([3, 4, 6, 8, 10, 11, 16, 18, 19, 21, 27, 28, 33], maxlen=250000)}","{1: deque([5, 7, 23, 30], maxlen=250000), 1.5: deque([0], maxlen=250000), -1: deque([12, 22, 26, 31], maxlen=250000)}"
1165,"{1: deque([1, 5, 6, 9, 13, 17, 18, 21, 24, 27, 30, 32, 33], maxlen=250000), 1.5: deque([0], maxlen=250000), -1: deque([2, 3, 4, 7, 11, 14, 15, 16, 20, 25, 26, 28], maxlen=250000)}","{-1: deque([8, 10, 12, 19], maxlen=250000), 1.5: deque([0], maxlen=250000), 1: deque([22, 23, 29, 31], maxlen=250000)}"
1166,"{1: deque([2, 4, 17, 19, 21, 22, 24, 25, 29, 30, 31, 32], maxlen=250000), 1.5: deque([0], maxlen=250000), -1: deque([5, 6, 9, 10, 11, 12, 13, 14, 18, 20, 27, 28], maxlen=250000)}","{1: deque([1, 8, 23, 26, 33], maxlen=250000), 1.5: deque([0], maxlen=250000), -1: deque([3, 7, 15, 16], maxlen=250000)}"
1167,"{-1: deque([2, 8, 9, 12, 14, 15, 16, 18, 19, 20, 26, 32], maxlen=250000), 1.5: deque([0], maxlen=250000), 1: deque([5, 10, 21, 22, 23, 24, 25, 27, 28, 29, 30, 31], maxlen=250000)}","{-1: deque([1, 6, 7, 17], maxlen=250000), 1.5: deque([0], maxlen=250000), 1: deque([3, 4, 11, 13, 33], maxlen=250000)}"
1168,"{1: deque([1, 2, 7, 10, 12, 13, 18, 19, 21, 23, 25, 30, 33], maxlen=250000), 1.5: deque([0], maxlen=250000), -1: deque([5, 6, 8, 11, 14, 17, 20, 24, 26, 27, 29, 32], maxlen=250000)}","{1: deque([3, 4, 22, 28], maxlen=250000), 1.5: deque([0], maxlen=250000), -1: deque([9, 15, 16, 31], maxlen=250000)}"
1169,"{1: deque([1, 4, 11, 17, 20, 21, 25, 27, 28, 29, 30, 31, 33], maxlen=250000), 1.5: deque([0], maxlen=250000), -1: deque([2, 3, 8, 9, 10, 12, 13, 14, 15, 18, 26, 32], maxlen=250000)}","{-1: deque([5, 6, 22, 24], maxlen=250000), 1.5: deque([0], maxlen=250000), 1: deque([7, 16, 19, 23], maxlen=250000)}"
1170,"{-1: deque([1, 2, 3, 6, 7, 9, 16, 18, 19, 20, 30, 32], maxlen=250000), 1.5: deque([0], maxlen=250000), 1: deque([4, 5, 11, 12, 13, 17, 22, 23, 27, 28, 29, 31], maxlen=250000)}","{1: deque([8, 15, 24, 25, 33], maxlen=250000), 1.5: deque([0], maxlen=250000), -1: deque([10, 14, 21, 26], maxlen=250000)}"
1171,"{1: deque([2, 3, 4, 5, 12, 15, 23, 24, 26, 27, 28, 29, 33], maxlen=250000), 1.5: deque([0], maxlen=250000), -1: deque([8, 13, 16, 17, 18, 19, 20, 21, 22, 25, 30, 31], maxlen=250000)}","{-1: deque([1, 10, 14, 32], maxlen=250000), 1.5: deque([0], maxlen=250000), 1: deque([6, 7, 9, 11], maxlen=250000)}"
1172,"{1: deque([2, 3, 9, 10, 15, 19, 20, 24, 25, 27, 28, 31, 33], maxlen=250000), 1.5: deque([0], maxlen=250000), -1: deque([4, 6, 7, 8, 11, 14, 16, 17, 21, 22, 23, 26], maxlen=250000)}","{1: deque([1, 5, 18, 30], maxlen=250000), 1.5: deque([0], maxlen=250000), -1: deque([12, 13, 29, 32], maxlen=250000)}"
1173,"{-1: deque([1, 2, 4, 6, 7, 16, 17, 21, 24, 25, 27, 30], maxlen=250000), 1.5: deque([0], maxlen=250000), 1: deque([3, 5, 8, 9, 12, 18, 20, 22, 23, 28, 31, 32], maxlen=250000)}","{-1: deque([10, 13, 14, 15], maxlen=250000), 1.5: deque([0], maxlen=250000), 1: deque([11, 19, 26, 29, 33], maxlen=250000)}"
1174,"{1: deque([1, 3, 10, 12, 15, 17, 19, 22, 26, 28, 30, 32], maxlen=250000), 1.5: deque([0], maxlen=250000), -1: deque([2, 4, 6, 8, 11, 13, 14, 18, 21, 25, 29, 31], maxlen=250000)}","{-1: deque([5, 7, 24, 27], maxlen=250000), 1.5: deque([0], maxlen=250000), 1: deque([9, 16, 20, 23, 33], maxlen=250000)}"
1175,"{1: deque([1, 3, 4, 7, 10, 12, 18, 21, 22, 23, 28, 32], maxlen=250000), 1.5: deque([0], maxlen=250000), -1: deque([5, 6, 8, 9, 11, 13, 16, 17, 19, 24, 27, 29], maxlen=250000)}","{1: deque([2, 15, 25, 26, 33], maxlen=250000), 1.5: deque([0], maxlen=250000), -1: deque([14, 20, 30, 31], maxlen=250000)}"
1176,"{-1: deque([2, 5, 10, 11, 14, 20, 21, 22, 23, 25, 26, 32], maxlen=250000), 1.5: deque([0], maxlen=250000), 1: deque([3, 4, 7, 8, 9, 16, 18, 19, 24, 28, 30, 31], maxlen=250000)}","{1: deque([1, 12, 15, 29, 33], maxlen=250000), 1.5: deque([0], maxlen=250000), -1: deque([6, 13, 17, 27], maxlen=250000)}"
1177,"{1: deque([1, 3, 5, 7, 9, 12, 18, 20, 21, 28, 29, 32, 33], maxlen=250000), 1.5: deque([0], maxlen=250000), -1: deque([2, 8, 11, 13, 14, 15, 16, 19, 22, 24, 26, 31], maxlen=250000)}","{1: deque([4, 6, 10, 25], maxlen=250000), 1.5: deque([0], maxlen=250000), -1: deque([17, 23, 27, 30], maxlen=250000)}"
1178,"{1: deque([2, 5, 10, 11, 14, 15, 19, 22, 24, 28, 30, 32], maxlen=250000), 1.5: deque([0], maxlen=250000), -1: deque([3, 4, 6, 7, 9, 12, 13, 16, 17, 23, 25, 27], maxlen=250000)}","{-1: deque([1, 18, 21, 31], maxlen=250000), 1.5: deque([0], maxlen=250000), 1: deque([8, 20, 26, 29, 33], maxlen=250000)}"
1179,"{-1: deque([1, 10, 12, 13, 14, 16, 17, 22, 25, 26, 27, 30], maxlen=250000), 1.5: deque([0], maxlen=250000), 1: deque([2, 4, 6, 7, 8, 9, 23, 24, 28, 29, 31, 32, 33], maxlen=250000)}","{-1: deque([3, 5, 18, 19], maxlen=250000), 1.5: deque([0], maxlen=250000), 1: deque([11, 15, 20, 21], maxlen=250000)}"
1180,"{1: deque([2, 3, 7, 10, 17, 18, 22, 23, 24, 25, 30, 32, 33], maxlen=250000), 1.5: deque([0], maxlen=250000), -1: deque([5, 6, 13, 14, 15, 16, 19, 20, 26, 27, 29, 31], maxlen=250000)}","{-1: deque([1, 8, 9, 12], maxlen=250000), 1.5: deque([0], maxlen=250000), 1: deque([4, 11, 21, 28], maxlen=250000)}"
1181,"{-1: deque([2, 6, 8, 10, 11, 12, 13, 18, 21, 23, 27, 29], maxlen=250000), 1.5: deque([0], maxlen=250000), 1: deque([3, 4, 7, 14, 15, 17, 19, 20, 22, 28, 31, 32, 33], maxlen=250000)}","{1: deque([1, 16, 24, 26], maxlen=250000), 1.5: deque([0], maxlen=250000), -1: deque([5, 9, 25, 30], maxlen=250000)}"
1182,"{-1: deque([1, 5, 6, 9, 10, 14, 17, 21, 22, 25, 27, 30], maxlen=250000), 1.5: deque([0], maxlen=250000), 1: deque([3, 4, 7, 8, 12, 13, 19, 24, 26, 28, 31, 32, 33], maxlen=250000)}","{1: deque([2, 15, 18, 20], maxlen=250000), 1.5: deque([0], maxlen=250000), -1: deque([11, 16, 23, 29], maxlen=250000)}"
1183,"{-1: deque([1, 6, 7, 16, 19, 23, 25, 26, 27, 29, 31, 32], maxlen=250000), 1.5: deque([0], maxlen=250000), 1: deque([4, 5, 8, 9, 11, 15, 17, 18, 21, 24, 28, 30, 33], maxlen=250000)}","{-1: deque([2, 10, 12, 22], maxlen=250000), 1.5: deque([0], maxlen=250000), 1: deque([3, 13, 14, 20], maxlen=250000)}"
1184,"{1: deque([1, 2, 5, 8, 10, 11, 13, 15, 16, 20, 24, 29], maxlen=250000), 1.5: deque([0], maxlen=250000), -1: deque([3, 4, 14, 18, 19, 21, 23, 25, 26, 27, 28, 32], maxlen=250000)}","{1: deque([6, 17, 22, 30, 33], maxlen=250000), 1.5: deque([0], maxlen=250000), -1: deque([7, 9, 12, 31], maxlen=250000)}"
1185,"{-1: deque([1, 3, 6, 7, 9, 11, 13, 17, 28, 30, 31, 32], maxlen=250000), 1.5: deque([0], maxlen=250000), 1: deque([4, 8, 10, 12, 16, 19, 21, 24, 25, 26, 27, 29, 33], maxlen=250000)}","{1: deque([2, 18, 20, 23], maxlen=250000), 1.5: deque([0], maxlen=250000), -1: deque([5, 14, 15, 22], maxlen=250000)}"
1186,"{-1: deque([2, 4, 5, 10, 13, 16, 18, 19, 23, 27, 31, 32], maxlen=250000), 1.5: deque([0], maxlen=250000), 1: deque([6, 7, 8, 12, 15, 17, 22, 25, 26, 28, 29, 30, 33], maxlen=250000)}","{1: deque([1, 3, 11, 21], maxlen=250000), 1.5: deque([0], maxlen=250000), -1: deque([9, 14, 20, 24], maxlen=250000)}"
1187,"{1: deque([1, 2, 5, 8, 10, 11, 12, 13, 16, 20, 23, 30, 33], maxlen=250000), 1.5: deque([0], maxlen=250000), -1: deque([3, 4, 6, 7, 14, 17, 18, 22, 24, 26, 27, 31], maxlen=250000)}","{1: deque([9, 19, 21, 28], maxlen=250000), 1.5: deque([0], maxlen=250000), -1: deque([15, 25, 29, 32], maxlen=250000)}"
1188,"{1: deque([1, 2, 7, 8, 10, 13, 16, 19, 22, 25, 28, 30], maxlen=250000), 1.5: deque([0], maxlen=250000), -1: deque([4, 6, 12, 14, 15, 17, 20, 21, 26, 27, 29, 31], maxlen=250000)}","{-1: deque([3, 9, 23, 24], maxlen=250000), 1.5: deque([0], maxlen=250000), 1: deque([5, 11, 18, 32, 33], maxlen=250000)}"
1189,"{1: deque([3, 4, 5, 11, 15, 16, 17, 20, 23, 25, 27, 30, 33], maxlen=250000), 1.5: deque([0], maxlen=250000), -1: deque([7, 8, 9, 10, 13, 19, 21, 24, 26, 28, 29, 32], maxlen=250000)}","{1: deque([1, 14, 18, 22], maxlen=250000), 1.5: deque([0], maxlen=250000), -1: deque([2, 6, 12, 31], maxlen=250000)}"
1190,"{-1: deque([1, 5, 6, 7, 13, 15, 18, 22, 27, 28, 29, 30], maxlen=250000), 1.5: deque([0], maxlen=250000), 1: deque([2, 3, 11, 14, 16, 17, 19, 20, 24, 25, 26, 32, 33], maxlen=250000)}","{-1: deque([4, 8, 9, 12], maxlen=250000), 1.5: deque([0], maxlen=250000), 1: deque([10, 21, 23, 31], maxlen=250000)}"
1191,"{-1: deque([1, 2, 4, 5, 10, 11, 13, 23, 24, 25, 28, 31], maxlen=250000), 1.5: deque([0], maxlen=250000), 1: deque([3, 8, 15, 16, 17, 18, 20, 22, 26, 27, 29, 32, 33], maxlen=250000)}","{-1: deque([6, 12, 19, 30], maxlen=250000), 1.5: deque([0], maxlen=250000), 1: deque([7, 9, 14, 21], maxlen=250000)}"
1192,"{-1: deque([2, 3, 6, 17, 19, 21, 22, 23, 25, 26, 27, 29], maxlen=250000), 1.5: deque([0], maxlen=250000), 1: deque([4, 8, 9, 10, 11, 13, 15, 20, 24, 28, 30, 31, 33], maxlen=250000)}","{-1: deque([1, 5, 7, 18], maxlen=250000), 1.5: deque([0], maxlen=250000), 1: deque([12, 14, 16, 32], maxlen=250000)}"
1193,"{1: deque([1, 8, 11, 16, 20, 23, 24, 25, 27, 29, 31, 32], maxlen=250000), 1.5: deque([0], maxlen=250000), -1: deque([2, 3, 4, 5, 6, 7, 13, 14, 15, 21, 22, 28], maxlen=250000)}","{1: deque([9, 12, 17, 18, 33], maxlen=250000), 1.5: deque([0], maxlen=250000), -1: deque([10, 19, 26, 30], maxlen=250000)}"
1194,"{-1: deque([1, 6, 12, 16, 17, 18, 20, 24, 25, 28, 31, 32], maxlen=250000), 1.5: deque([0], maxlen=250000), 1: deque([3, 9, 10, 13, 14, 19, 22, 23, 26, 27, 29, 30], maxlen=250000)}","{1: deque([2, 7, 8, 15, 33], maxlen=250000), 1.5: deque([0], maxlen=250000), -1: deque([4, 5, 11, 21], maxlen=250000)}"
1195,"{1: deque([1, 4, 5, 11, 16, 20, 24, 25, 27, 28, 30, 32, 33], maxlen=250000), 1.5: deque([0], maxlen=250000), -1: deque([2, 6, 8, 13, 14, 15, 17, 18, 21, 26, 29, 31], maxlen=250000)}","{-1: deque([3, 7, 12, 19], maxlen=250000), 1.5: deque([0], maxlen=250000), 1: deque([9, 10, 22, 23], maxlen=250000)}"
1196,"{-1: deque([1, 3, 4, 6, 14, 15, 18, 21, 26, 28, 30, 31], maxlen=250000), 1.5: deque([0], maxlen=250000), 1: deque([7, 8, 9, 10, 11, 12, 19, 22, 23, 24, 27, 32], maxlen=250000)}","{1: deque([2, 17, 20, 25, 33], maxlen=250000), 1.5: deque([0], maxlen=250000), -1: deque([5, 13, 16, 29], maxlen=250000)}"
1197,"{-1: deque([2, 3, 7, 8, 13, 15, 16, 20, 27, 28, 30, 31], maxlen=250000), 1.5: deque([0], maxlen=250000), 1: deque([4, 5, 6, 10, 11, 14, 19, 21, 24, 26, 29, 32], maxlen=250000)}","{1: deque([1, 17, 23, 25, 33], maxlen=250000), 1.5: deque([0], maxlen=250000), -1: deque([9, 12, 18, 22], maxlen=250000)}"
1198,"{1: deque([2, 4, 6, 8, 12, 14, 16, 20, 22, 25, 31, 32], maxlen=250000), 1.5: deque([0], maxlen=250000), -1: deque([5, 7, 9, 10, 11, 15, 19, 23, 26, 28, 29, 30], maxlen=250000)}","{1: deque([1, 3, 21, 24, 33], maxlen=250000), 1.5: deque([0], maxlen=250000), -1: deque([13, 17, 18, 27], maxlen=250000)}"
1199,"{-1: deque([2, 3, 4, 6, 12, 15, 17, 18, 20, 26, 28, 29], maxlen=250000), 1.5: deque([0], maxlen=250000), 1: deque([5, 8, 10, 11, 13, 14, 16, 19, 22, 23, 25, 27, 33], maxlen=250000)}","{-1: deque([1, 7, 21, 31], maxlen=250000), 1.5: deque([0], maxlen=250000), 1: deque([9, 24, 30, 32], maxlen=250000)}"
1200,"{-1: deque([1, 4, 5, 8, 9, 10, 12, 15, 22, 24, 26, 30], maxlen=250000), 1.5: deque([0], maxlen=250000), 1: deque([2, 6, 11, 13, 14, 16, 17, 21, 23, 25, 28, 32], maxlen=250000)}","{1: deque([3, 7, 19, 20, 33], maxlen=250000), 1.5: deque([0], maxlen=250000), -1: deque([18, 27, 29, 31], maxlen=250000)}"
1201,"{1: deque([1, 2, 7, 9, 10, 13, 16, 18, 19, 22, 23, 32, 33], maxlen=250000), 1.5: deque([0], maxlen=250000), -1: deque([3, 5, 6, 11, 15, 17, 21, 24, 28, 29, 30, 31], maxlen=250000)}","{1: deque([4, 8, 14, 27], maxlen=250000), 1.5: deque([0], maxlen=250000), -1: deque([12, 20, 25, 26], maxlen=250000)}"
1202,"{1: deque([1, 2, 6, 9, 11, 15, 17, 18, 20, 22, 25, 28, 33], maxlen=250000), 1.5: deque([0], maxlen=250000), -1: deque([7, 8, 10, 12, 14, 16, 19, 24, 26, 27, 30, 32], maxlen=250000)}","{1: deque([3, 5, 13, 21], maxlen=250000), 1.5: deque([0], maxlen=250000), -1: deque([4, 23, 29, 31], maxlen=250000)}"
1203,"{1: deque([1, 3, 8, 11, 12, 13, 19, 22, 24, 25, 27, 32], maxlen=250000), 1.5: deque([0], maxlen=250000), -1: deque([4, 5, 6, 9, 10, 16, 18, 21, 26, 28, 29, 30], maxlen=250000)}","{-1: deque([2, 15, 17, 20], maxlen=250000), 1.5: deque([0], maxlen=250000), 1: deque([7, 14, 23, 31, 33], maxlen=250000)}"
1204,"{1: deque([2, 6, 7, 10, 11, 14, 15, 26, 28, 29, 31, 32], maxlen=250000), 1.5: deque([0], maxlen=250000), -1: deque([3, 4, 5, 8, 9, 16, 19, 22, 23, 24, 27, 30], maxlen=250000)}","{1: deque([1, 18, 21, 25, 33], maxlen=250000), 1.5: deque([0], maxlen=250000), -1: deque([12, 13, 17, 20], maxlen=250000)}"
1205,"{-1: deque([2, 3, 5, 6, 7, 9, 11, 15, 20, 22, 25, 32], maxlen=250000), 1.5: deque([0], maxlen=250000), 1: deque([4, 8, 10, 14, 17, 19, 24, 26, 28, 29, 30, 31, 33], maxlen=250000)}","{1: deque([1, 12, 23, 27], maxlen=250000), 1.5: deque([0], maxlen=250000), -1: deque([13, 16, 18, 21], maxlen=250000)}"
1206,"{1: deque([3, 4, 5, 7, 8, 13, 15, 20, 22, 25, 28, 30], maxlen=250000), 1.5: deque([0], maxlen=250000), -1: deque([10, 11, 14, 16, 18, 19, 21, 23, 24, 27, 31, 32], maxlen=250000)}","{1: deque([1, 2, 9, 17, 33], maxlen=250000), 1.5: deque([0], maxlen=250000), -1: deque([6, 12, 26, 29], maxlen=250000)}"
1207,"{-1: deque([1, 2, 3, 5, 9, 14, 17, 19, 24, 25, 27, 32], maxlen=250000), 1.5: deque([0], maxlen=250000), 1: deque([6, 8, 10, 11, 15, 16, 18, 22, 23, 26, 28, 31, 33], maxlen=250000)}","{1: deque([4, 13, 21, 29], maxlen=250000), 1.5: deque([0], maxlen=250000), -1: deque([7, 12, 20, 30], maxlen=250000)}"
1208,"{-1: deque([2, 5, 6, 12, 14, 20, 21, 22, 23, 24, 26, 31], maxlen=250000), 1.5: deque([0], maxlen=250000), 1: deque([4, 9, 11, 13, 16, 18, 19, 25, 27, 28, 29, 32, 33], maxlen=250000)}","{-1: deque([1, 8, 15, 30], maxlen=250000), 1.5: deque([0], maxlen=250000), 1: deque([3, 7, 10, 17], maxlen=250000)}"
1209,"{-1: deque([1, 7, 8, 11, 12, 13, 16, 17, 18, 20, 22, 25], maxlen=250000), 1.5: deque([0], maxlen=250000), 1: deque([2, 3, 5, 6, 10, 19, 21, 23, 24, 29, 31, 32, 33], maxlen=250000)}","{-1: deque([4, 15, 27, 28], maxlen=250000), 1.5: deque([0], maxlen=250000), 1: deque([9, 14, 26, 30], maxlen=250000)}"
1210,"{-1: deque([1, 4, 8, 10, 13, 16, 17, 21, 23, 25, 28, 29], maxlen=250000), 1.5: deque([0], maxlen=250000), 1: deque([2, 3, 5, 7, 11, 12, 14, 15, 19, 24, 30, 31], maxlen=250000)}","{-1: deque([6, 9, 18, 26], maxlen=250000), 1.5: deque([0], maxlen=250000), 1: deque([20, 22, 27, 32, 33], maxlen=250000)}"
1211,"{-1: deque([1, 2, 3, 4, 14, 15, 16, 22, 23, 29, 31, 32], maxlen=250000), 1.5: deque([0], maxlen=250000), 1: deque([5, 8, 11, 12, 13, 17, 19, 20, 21, 24, 26, 28, 33], maxlen=250000)}","{1: deque([6, 10, 25, 30], maxlen=250000), 1.5: deque([0], maxlen=250000), -1: deque([7, 9, 18, 27], maxlen=250000)}"
1212,"{-1: deque([1, 2, 5, 6, 15, 18, 19, 21, 25, 26, 31, 32], maxlen=250000), 1.5: deque([0], maxlen=250000), 1: deque([3, 9, 10, 11, 12, 13, 16, 17, 23, 27, 28, 29], maxlen=250000)}","{1: deque([4, 7, 8, 22, 33], maxlen=250000), 1.5: deque([0], maxlen=250000), -1: deque([14, 20, 24, 30], maxlen=250000)}"
1213,"{-1: deque([1, 2, 4, 5, 6, 9, 12, 13, 15, 16, 20, 21], maxlen=250000), 1.5: deque([0], maxlen=250000), 1: deque([3, 7, 8, 10, 14, 18, 19, 25, 27, 28, 30, 31], maxlen=250000)}","{1: deque([11, 24, 26, 29, 33], maxlen=250000), 1.5: deque([0], maxlen=250000), -1: deque([17, 22, 23, 32], maxlen=250000)}"
1214,"{-1: deque([1, 3, 4, 7, 8, 10, 14, 17, 18, 28, 31, 32], maxlen=250000), 1.5: deque([0], maxlen=250000), 1: deque([6, 11, 12, 16, 19, 21, 22, 23, 24, 25, 29, 30], maxlen=250000)}","{1: deque([2, 13, 26, 27, 33], maxlen=250000), 1.5: deque([0], maxlen=250000), -1: deque([5, 9, 15, 20], maxlen=250000)}"
1215,"{-1: deque([1, 2, 4, 9, 10, 11, 12, 18, 25, 26, 28, 29], maxlen=250000), 1.5: deque([0], maxlen=250000), 1: deque([3, 5, 7, 8, 14, 15, 16, 19, 20, 22, 30, 32], maxlen=250000)}","{-1: deque([6, 13, 23, 31], maxlen=250000), 1.5: deque([0], maxlen=250000), 1: deque([17, 21, 24, 27, 33], maxlen=250000)}"
1216,"{-1: deque([2, 3, 5, 9, 11, 13, 14, 16, 18, 22, 24, 26], maxlen=250000), 1.5: deque([0], maxlen=250000), 1: deque([7, 8, 10, 12, 17, 19, 20, 27, 28, 29, 30, 31], maxlen=250000)}","{-1: deque([1, 4, 6, 25], maxlen=250000), 1.5: deque([0], maxlen=250000), 1: deque([15, 21, 23, 32, 33], maxlen=250000)}"
1217,"{1: deque([1, 6, 11, 13, 14, 17, 18, 19, 20, 24, 30, 31], maxlen=250000), 1.5: deque([0], maxlen=250000), -1: deque([2, 3, 7, 9, 12, 15, 16, 22, 23, 25, 26, 28], maxlen=250000)}","{-1: deque([4, 8, 27, 29], maxlen=250000), 1.5: deque([0], maxlen=250000), 1: deque([5, 10, 21, 32, 33], maxlen=250000)}"
1218,"{1: deque([1, 3, 12, 14, 15, 18, 19, 22, 24, 27, 30, 31], maxlen=250000), 1.5: deque([0], maxlen=250000), -1: deque([2, 4, 7, 8, 11, 13, 16, 23, 25, 26, 28, 32], maxlen=250000)}","{-1: deque([5, 6, 20, 21], maxlen=250000), 1.5: deque([0], maxlen=250000), 1: deque([9, 10, 17, 29, 33], maxlen=250000)}"
1219,"{-1: deque([1, 4, 11, 16, 17, 18, 21, 22, 27, 28, 29, 32], maxlen=250000), 1.5: deque([0], maxlen=250000), 1: deque([2, 3, 5, 12, 13, 14, 15, 19, 20, 23, 26, 31, 33], maxlen=250000)}","{1: deque([6, 9, 10, 24], maxlen=250000), 1.5: deque([0], maxlen=250000), -1: deque([7, 8, 25, 30], maxlen=250000)}"
1220,"{1: deque([1, 3, 8, 9, 11, 13, 15, 18, 19, 22, 23, 25, 26, 28, 29, 33], maxlen=250000), 1.5: deque([0], maxlen=250000), -1: deque([2, 4, 5, 7, 10, 14, 16, 20, 31], maxlen=250000)}","{1: deque([6, 12, 21, 27, 30], maxlen=250000), 1.5: deque([0], maxlen=250000), -1: deque([17, 24, 32], maxlen=250000)}"
1221,"{1: deque([1, 4, 5, 6, 7, 11, 12, 18, 19, 21, 24, 26, 28, 29, 32, 33], maxlen=250000), 1.5: deque([0], maxlen=250000), -1: deque([2, 10, 13, 14, 17, 23, 25, 27, 31], maxlen=250000)}","{1: deque([3, 16, 20, 22, 30], maxlen=250000), 1.5: deque([0], maxlen=250000), -1: deque([8, 9, 15], maxlen=250000)}"
1222,"{1: deque([1, 2, 5, 8, 9, 10, 12, 15, 17, 20, 21, 22, 24, 26, 30], maxlen=250000), 1.5: deque([0], maxlen=250000), -1: deque([3, 13, 16, 19, 23, 27, 29, 31, 32], maxlen=250000)}","{1: deque([4, 6, 7, 14, 25, 33], maxlen=250000), 1.5: deque([0], maxlen=250000), -1: deque([11, 18, 28], maxlen=250000)}"
1223,"{-1: deque([1, 4, 16, 20, 22, 25, 27, 30, 31], maxlen=250000), 1.5: deque([0], maxlen=250000), 1: deque([2, 6, 7, 9, 11, 12, 13, 17, 18, 19, 23, 24, 28, 29, 32, 33], maxlen=250000)}","{1: deque([3, 5, 8, 14, 26], maxlen=250000), 1.5: deque([0], maxlen=250000), -1: deque([10, 15, 21], maxlen=250000)}"
1224,"{1: deque([1, 3, 5, 7, 9, 11, 12, 13, 15, 17, 22, 24, 26, 27, 30, 33], maxlen=250000), 1.5: deque([0], maxlen=250000), -1: deque([2, 4, 8, 10, 16, 19, 20, 31, 32], maxlen=250000)}","{-1: deque([6, 14, 25], maxlen=250000), 1.5: deque([0], maxlen=250000), 1: deque([18, 21, 23, 28, 29], maxlen=250000)}"
1225,"{-1: deque([1, 5, 12, 14, 15, 16, 19, 26, 32], maxlen=250000), 1.5: deque([0], maxlen=250000), 1: deque([2, 3, 4, 8, 10, 13, 17, 18, 20, 21, 22, 23, 25, 27, 29, 33], maxlen=250000)}","{-1: deque([6, 7, 11], maxlen=250000), 1.5: deque([0], maxlen=250000), 1: deque([9, 24, 28, 30, 31], maxlen=250000)}"
1226,"{-1: deque([1, 2, 4, 9, 12, 16, 17, 18, 20], maxlen=250000), 1.5: deque([0], maxlen=250000), 1: deque([7, 10, 13, 14, 15, 19, 21, 24, 25, 26, 27, 28, 29, 31, 32], maxlen=250000)}","{1: deque([3, 5, 6, 8, 30, 33], maxlen=250000), 1.5: deque([0], maxlen=250000), -1: deque([11, 22, 23], maxlen=250000)}"
1227,"{1: deque([1, 5, 6, 7, 11, 16, 17, 18, 19, 20, 23, 24, 25, 29, 32, 33], maxlen=250000), 1.5: deque([0], maxlen=250000), -1: deque([4, 8, 9, 10, 12, 13, 22, 26, 27], maxlen=250000)}","{1: deque([2, 3, 14, 21, 28], maxlen=250000), 1.5: deque([0], maxlen=250000), -1: deque([15, 30, 31], maxlen=250000)}"
1228,"{-1: deque([1, 2, 9, 11, 13, 17, 19, 26, 29], maxlen=250000), 1.5: deque([0], maxlen=250000), 1: deque([3, 4, 6, 7, 8, 12, 14, 16, 18, 25, 27, 28, 30, 31, 32], maxlen=250000)}","{-1: deque([5, 10, 21], maxlen=250000), 1.5: deque([0], maxlen=250000), 1: deque([15, 20, 22, 23, 24, 33], maxlen=250000)}"
1229,"{-1: deque([1, 2, 4, 5, 9, 11, 18, 20, 28], maxlen=250000), 1.5: deque([0], maxlen=250000), 1: deque([3, 7, 12, 13, 14, 15, 16, 17, 19, 21, 25, 26, 27, 29, 31, 33], maxlen=250000)}","{-1: deque([6, 22, 23], maxlen=250000), 1.5: deque([0], maxlen=250000), 1: deque([8, 10, 24, 30, 32], maxlen=250000)}"
1230,"{1: deque([3, 4, 5, 7, 8, 9, 12, 13, 15, 16, 17, 22, 29, 31, 32], maxlen=250000), 1.5: deque([0], maxlen=250000), -1: deque([6, 10, 18, 19, 21, 24, 26, 27, 28], maxlen=250000)}","{1: deque([1, 2, 14, 23, 30, 33], maxlen=250000), 1.5: deque([0], maxlen=250000), -1: deque([11, 20, 25], maxlen=250000)}"
1231,"{-1: deque([2, 5, 7, 12, 13, 19, 22, 23, 25], maxlen=250000), 1.5: deque([0], maxlen=250000), 1: deque([3, 6, 8, 11, 17, 18, 20, 21, 24, 26, 27, 28, 29, 30, 32], maxlen=250000)}","{-1: deque([1, 10, 14], maxlen=250000), 1.5: deque([0], maxlen=250000), 1: deque([4, 9, 15, 16, 31, 33], maxlen=250000)}"
1232,"{-1: deque([1, 2, 3, 4, 16, 19, 27, 29, 30], maxlen=250000), 1.5: deque([0], maxlen=250000), 1: deque([6, 7, 9, 10, 11, 13, 17, 18, 20, 23, 24, 25, 26, 28, 32], maxlen=250000)}","{-1: deque([5, 14, 21], maxlen=250000), 1.5: deque([0], maxlen=250000), 1: deque([8, 12, 15, 22, 31, 33], maxlen=250000)}"
1233,"{-1: deque([1, 5, 14, 21, 22, 23, 28, 29, 30], maxlen=250000), 1.5: deque([0], maxlen=250000), 1: deque([2, 3, 6, 7, 8, 13, 16, 17, 18, 19, 20, 25, 26, 27, 31], maxlen=250000)}","{-1: deque([4, 9, 11], maxlen=250000), 1.5: deque([0], maxlen=250000), 1: deque([10, 12, 15, 24, 32, 33], maxlen=250000)}"
1234,"{-1: deque([1, 5, 7, 8, 9, 10, 13, 22, 27], maxlen=250000), 1.5: deque([0], maxlen=250000), 1: deque([2, 4, 6, 12, 14, 15, 17, 18, 19, 20, 25, 28, 29, 30, 32], maxlen=250000)}","{1: deque([3, 16, 21, 24, 26, 33], maxlen=250000), 1.5: deque([0], maxlen=250000), -1: deque([11, 23, 31], maxlen=250000)}"
1235,"{1: deque([1, 4, 5, 9, 10, 13, 16, 17, 18, 19, 20, 21, 23, 25, 30], maxlen=250000), 1.5: deque([0], maxlen=250000), -1: deque([2, 7, 8, 12, 24, 26, 28, 31, 32], maxlen=250000)}","{-1: deque([3, 27, 29], maxlen=250000), 1.5: deque([0], maxlen=250000), 1: deque([6, 11, 14, 15, 22, 33], maxlen=250000)}"
1236,"{1: deque([2, 3, 8, 10, 11, 14, 17, 20, 22, 23, 25, 26, 29, 30, 32, 33], maxlen=250000), 1.5: deque([0], maxlen=250000), -1: deque([5, 6, 7, 12, 16, 18, 21, 24, 28], maxlen=250000)}","{-1: deque([1, 15, 27], maxlen=250000), 1.5: deque([0], maxlen=250000), 1: deque([4, 9, 13, 19, 31], maxlen=250000)}"
1237,"{1: deque([1, 3, 6, 7, 11, 12, 15, 17, 20, 21, 24, 26, 27, 28, 30], maxlen=250000), 1.5: deque([0], maxlen=250000), -1: deque([4, 5, 9, 13, 14, 16, 18, 22, 23], maxlen=250000)}","{1: deque([2, 19, 25, 29, 31, 33], maxlen=250000), 1.5: deque([0], maxlen=250000), -1: deque([8, 10, 32], maxlen=250000)}"
1238,"{1: deque([1, 2, 5, 7, 8, 11, 15, 17, 19, 20, 21, 22, 25, 26, 31, 33], maxlen=250000), 1.5: deque([0], maxlen=250000), -1: deque([3, 4, 9, 10, 13, 16, 24, 27, 28], maxlen=250000)}","{-1: deque([6, 14, 32], maxlen=250000), 1.5: deque([0], maxlen=250000), 1: deque([12, 18, 23, 29, 30], maxlen=250000)}"
1239,"{-1: deque([1, 6, 11, 15, 17, 18, 22, 23, 31], maxlen=250000), 1.5: deque([0], maxlen=250000), 1: deque([3, 7, 8, 9, 10, 12, 13, 14, 19, 21, 25, 26, 27, 28, 30], maxlen=250000)}","{1: deque([2, 5, 16, 24, 32, 33], maxlen=250000), 1.5: deque([0], maxlen=250000), -1: deque([4, 20, 29], maxlen=250000)}"
1240,"{1: deque([2, 6, 10, 12, 13, 14, 16, 18, 21, 23, 24, 27, 28, 30, 32], maxlen=250000), 1.5: deque([0], maxlen=250000), -1: deque([3, 7, 9, 11, 15, 17, 25, 26, 29], maxlen=250000)}","{1: deque([1, 4, 8, 22, 31, 33], maxlen=250000), 1.5: deque([0], maxlen=250000), -1: deque([5, 19, 20], maxlen=250000)}"
1241,"{1: deque([1, 3, 6, 7, 8, 11, 13, 15, 22, 25, 26, 27, 28, 29, 31, 33], maxlen=250000), 1.5: deque([0], maxlen=250000), -1: deque([2, 4, 10, 12, 14, 17, 18, 20, 21], maxlen=250000)}","{1: deque([5, 19, 23, 30, 32], maxlen=250000), 1.5: deque([0], maxlen=250000), -1: deque([9, 16, 24], maxlen=250000)}"
1242,"{1: deque([1, 2, 3, 7, 8, 9, 10, 12, 15, 18, 21, 22, 23, 29, 30], maxlen=250000), 1.5: deque([0], maxlen=250000), -1: deque([4, 6, 13, 14, 16, 19, 20, 25, 26], maxlen=250000)}","{1: deque([5, 17, 27, 28, 32, 33], maxlen=250000), 1.5: deque([0], maxlen=250000), -1: deque([11, 24, 31], maxlen=250000)}"
1243,"{-1: deque([1, 2, 11, 12, 19, 20, 21, 28, 31], maxlen=250000), 1.5: deque([0], maxlen=250000), 1: deque([5, 6, 7, 8, 9, 15, 16, 18, 23, 24, 25, 27, 29, 30, 32, 33], maxlen=250000)}","{1: deque([3, 4, 10, 17, 22], maxlen=250000), 1.5: deque([0], maxlen=250000), -1: deque([13, 14, 26], maxlen=250000)}"
1244,"{1: deque([2, 4, 5, 8, 17, 19, 21, 23, 24, 25, 26, 29, 30, 31, 32, 33], maxlen=250000), 1.5: deque([0], maxlen=250000), -1: deque([6, 9, 10, 12, 14, 15, 16, 20, 27], maxlen=250000)}","{1: deque([1, 7, 11, 22, 28], maxlen=250000), 1.5: deque([0], maxlen=250000), -1: deque([3, 13, 18], maxlen=250000)}"
1245,"{1: deque([3, 5, 6, 7, 10, 12, 17, 18, 24, 25, 27, 28, 29, 30, 32], maxlen=250000), 1.5: deque([0], maxlen=250000), -1: deque([4, 11, 13, 16, 20, 21, 22, 23, 26], maxlen=250000)}","{-1: deque([1, 2, 31], maxlen=250000), 1.5: deque([0], maxlen=250000), 1: deque([8, 9, 14, 15, 19, 33], maxlen=250000)}"
1246,"{1: deque([1, 2, 3, 4, 5, 11, 12, 13, 16, 20, 23, 25, 26, 27, 29], maxlen=250000), 1.5: deque([0], maxlen=250000), -1: deque([6, 7, 9, 10, 14, 17, 18, 19, 32], maxlen=250000)}","{-1: deque([8, 22, 30], maxlen=250000), 1.5: deque([0], maxlen=250000), 1: deque([15, 21, 24, 28, 31, 33], maxlen=250000)}"
1247,"{-1: deque([1, 2, 10, 19, 21, 24, 25, 31, 32], maxlen=250000), 1.5: deque([0], maxlen=250000), 1: deque([4, 5, 6, 8, 9, 11, 13, 15, 16, 17, 23, 26, 27, 28, 30], maxlen=250000)}","{-1: deque([3, 7, 14], maxlen=250000), 1.5: deque([0], maxlen=250000), 1: deque([12, 18, 20, 22, 29, 33], maxlen=250000)}"
1248,"{-1: deque([1, 4, 8, 15, 16, 24, 27, 29, 30], maxlen=250000), 1.5: deque([0], maxlen=250000), 1: deque([2, 3, 7, 9, 10, 11, 12, 13, 19, 21, 22, 25, 26, 28, 31], maxlen=250000)}","{1: deque([5, 14, 17, 20, 32, 33], maxlen=250000), 1.5: deque([0], maxlen=250000), -1: deque([6, 18, 23], maxlen=250000)}"
1249,"{-1: deque([1, 4, 5, 7, 17, 18, 26, 28, 31], maxlen=250000), 1.5: deque([0], maxlen=250000), 1: deque([2, 8, 9, 11, 14, 15, 16, 19, 20, 21, 22, 23, 27, 29, 30, 33], maxlen=250000)}","{1: deque([3, 6, 12, 25, 32], maxlen=250000), 1.5: deque([0], maxlen=250000), -1: deque([10, 13, 24], maxlen=250000)}"
1250,"{-1: deque([1, 6, 10, 17, 18, 19, 24, 28, 31], maxlen=250000), 1.5: deque([0], maxlen=250000), 1: deque([3, 4, 7, 8, 9, 12, 15, 16, 20, 21, 22, 25, 26, 29, 32], maxlen=250000)}","{1: deque([2, 5, 11, 13, 27, 33], maxlen=250000), 1.5: deque([0], maxlen=250000), -1: deque([14, 23, 30], maxlen=250000)}"
1251,"{-1: deque([2, 8, 13, 18, 20, 23, 29, 31, 32], maxlen=250000), 1.5: deque([0], maxlen=250000), 1: deque([6, 7, 9, 11, 12, 14, 15, 16, 17, 19, 21, 22, 24, 28, 30, 33], maxlen=250000)}","{-1: deque([1, 5, 26], maxlen=250000), 1.5: deque([0], maxlen=250000), 1: deque([3, 4, 10, 25, 27], maxlen=250000)}"
1252,"{-1: deque([1, 11, 12, 13, 16, 25, 26, 29, 32], maxlen=250000), 1.5: deque([0], maxlen=250000), 1: deque([3, 4, 5, 8, 9, 10, 14, 18, 19, 21, 23, 24, 28, 30, 31], maxlen=250000)}","{1: deque([2, 6, 17, 22, 27, 33], maxlen=250000), 1.5: deque([0], maxlen=250000), -1: deque([7, 15, 20], maxlen=250000)}"
1253,"{1: deque([2, 4, 6, 7, 11, 12, 13, 14, 15, 18, 22, 25, 26, 30, 32], maxlen=250000), 1.5: deque([0], maxlen=250000), -1: deque([3, 5, 8, 10, 16, 17, 20, 29, 31], maxlen=250000)}","{-1: deque([1, 21, 27], maxlen=250000), 1.5: deque([0], maxlen=250000), 1: deque([9, 19, 23, 24, 28, 33], maxlen=250000)}"
1254,"{1: deque([1, 4, 6, 7, 10, 12, 13, 15, 17, 18, 23, 26, 28, 31, 32, 33], maxlen=250000), 1.5: deque([0], maxlen=250000), -1: deque([2, 3, 5, 8, 9, 19, 20, 22, 30], maxlen=250000)}","{1: deque([11, 16, 21, 24, 29], maxlen=250000), 1.5: deque([0], maxlen=250000), -1: deque([14, 25, 27], maxlen=250000)}"
1255,"{-1: deque([1, 5, 11, 12, 21, 22, 23, 24, 26], maxlen=250000), 1.5: deque([0], maxlen=250000), 1: deque([2, 3, 6, 7, 9, 10, 15, 16, 17, 20, 25, 27, 28, 31, 32, 33], maxlen=250000)}","{1: deque([4, 13, 18, 19, 30], maxlen=250000), 1.5: deque([0], maxlen=250000), -1: deque([8, 14, 29], maxlen=250000)}"
1256,"{1: deque([2, 4, 5, 7, 12, 14, 15, 19, 20, 22, 23, 24, 25, 27, 32, 33], maxlen=250000), 1.5: deque([0], maxlen=250000), -1: deque([6, 10, 17, 21, 26, 28, 29, 30, 31], maxlen=250000)}","{-1: deque([1, 9, 18], maxlen=250000), 1.5: deque([0], maxlen=250000), 1: deque([3, 8, 11, 13, 16], maxlen=250000)}"
1257,"{-1: deque([1, 2, 4, 12, 13, 14, 17, 21, 31], maxlen=250000), 1.5: deque([0], maxlen=250000), 1: deque([5, 6, 7, 9, 11, 16, 18, 19, 20, 23, 25, 26, 27, 28, 30], maxlen=250000)}","{1: deque([3, 8, 10, 24, 29, 33], maxlen=250000), 1.5: deque([0], maxlen=250000), -1: deque([15, 22, 32], maxlen=250000)}"
1258,"{-1: deque([2, 14, 17, 21, 23, 24, 27, 31, 32], maxlen=250000), 1.5: deque([0], maxlen=250000), 1: deque([3, 4, 5, 6, 8, 9, 10, 11, 12, 16, 22, 25, 26, 29, 30], maxlen=250000)}","{1: deque([1, 7, 15, 19, 20, 33], maxlen=250000), 1.5: deque([0], maxlen=250000), -1: deque([13, 18, 28], maxlen=250000)}"
1259,"{-1: deque([3, 5, 10, 11, 20, 24, 25, 28, 29], maxlen=250000), 1.5: deque([0], maxlen=250000), 1: deque([4, 6, 7, 9, 13, 14, 15, 17, 19, 21, 22, 23, 27, 30, 32, 33], maxlen=250000)}","{1: deque([1, 2, 12, 26, 31], maxlen=250000), 1.5: deque([0], maxlen=250000), -1: deque([8, 16, 18], maxlen=250000)}"
1260,"{1: deque([1, 3, 5, 6, 7, 8, 10, 12, 13, 16, 18, 24, 29, 31, 32, 33], maxlen=250000), 1.5: deque([0], maxlen=250000), -1: deque([2, 4, 9, 11, 17, 19, 26, 27, 28], maxlen=250000)}","{1: deque([14, 20, 21, 23, 30], maxlen=250000), 1.5: deque([0], maxlen=250000), -1: deque([15, 22, 25], maxlen=250000)}"
1261,"{1: deque([1, 5, 7, 9, 11, 13, 16, 22, 23, 24, 26, 27, 28, 29, 30], maxlen=250000), 1.5: deque([0], maxlen=250000), -1: deque([2, 4, 6, 15, 17, 19, 20, 21, 31], maxlen=250000)}","{-1: deque([3, 10, 25], maxlen=250000), 1.5: deque([0], maxlen=250000), 1: deque([8, 12, 14, 18, 32, 33], maxlen=250000)}"
1262,"{1: deque([1, 4, 7, 10, 12, 16, 18, 19, 20, 21, 23, 25, 26, 31, 32, 33], maxlen=250000), 1.5: deque([0], maxlen=250000), -1: deque([2, 5, 6, 8, 13, 15, 22, 24, 30], maxlen=250000)}","{-1: deque([3, 9, 27], maxlen=250000), 1.5: deque([0], maxlen=250000), 1: deque([11, 14, 17, 28, 29], maxlen=250000)}"
1263,"{-1: deque([1, 3, 6, 9, 15, 21, 26, 27, 30], maxlen=250000), 1.5: deque([0], maxlen=250000), 1: deque([2, 4, 7, 10, 11, 12, 14, 17, 18, 19, 20, 22, 23, 24, 31], maxlen=250000)}","{1: deque([5, 13, 16, 25, 29, 33], maxlen=250000), 1.5: deque([0], maxlen=250000), -1: deque([8, 28, 32], maxlen=250000)}"
1264,"{-1: deque([1, 2, 11, 18, 24, 25, 27, 28, 30], maxlen=250000), 1.5: deque([0], maxlen=250000), 1: deque([3, 6, 8, 9, 10, 12, 13, 14, 15, 16, 21, 23, 26, 29, 31], maxlen=250000)}","{1: deque([4, 7, 17, 20, 32, 33], maxlen=250000), 1.5: deque([0], maxlen=250000), -1: deque([5, 19, 22], maxlen=250000)}"
1265,"{1: deque([1, 2, 5, 7, 9, 10, 11, 12, 13, 14, 17, 23, 27, 29, 31], maxlen=250000), 1.5: deque([0], maxlen=250000), -1: deque([3, 4, 8, 15, 22, 24, 25, 26, 30], maxlen=250000)}","{-1: deque([6, 28, 32], maxlen=250000), 1.5: deque([0], maxlen=250000), 1: deque([16, 18, 19, 20, 21, 33], maxlen=250000)}"
1266,"{1: deque([1, 4, 5, 7, 9, 10, 13, 16, 20, 22, 23, 24, 25, 28, 30, 33], maxlen=250000), 1.5: deque([0], maxlen=250000), -1: deque([2, 3, 11, 15, 19, 27, 29, 31, 32], maxlen=250000)}","{-1: deque([6, 14, 17], maxlen=250000), 1.5: deque([0], maxlen=250000), 1: deque([8, 12, 18, 21, 26], maxlen=250000)}"
1267,"{-1: deque([1, 3, 8, 9, 16, 17, 19, 28, 32], maxlen=250000), 1.5: deque([0], maxlen=250000), 1: deque([4, 5, 6, 10, 11, 13, 14, 15, 21, 22, 23, 25, 27, 29, 31, 33], maxlen=250000)}","{1: deque([2, 7, 18, 20, 24], maxlen=250000), 1.5: deque([0], maxlen=250000), -1: deque([12, 26, 30], maxlen=250000)}"
1268,"{1: deque([1, 3, 5, 6, 9, 12, 16, 17, 18, 20, 25, 26, 27, 30, 31, 33], maxlen=250000), 1.5: deque([0], maxlen=250000), -1: deque([2, 13, 14, 15, 21, 22, 23, 24, 28], maxlen=250000)}","{1: deque([4, 7, 8, 11, 32], maxlen=250000), 1.5: deque([0], maxlen=250000), -1: deque([10, 19, 29], maxlen=250000)}"
1269,"{1: deque([1, 2, 9, 13, 14, 16, 17, 19, 21, 23, 24, 25, 29, 30, 31, 33], maxlen=250000), 1.5: deque([0], maxlen=250000), -1: deque([3, 11, 12, 15, 20, 26, 27, 28, 32], maxlen=250000)}","{1: deque([4, 5, 6, 7, 18], maxlen=250000), 1.5: deque([0], maxlen=250000), -1: deque([8, 10, 22], maxlen=250000)}"
1270,"{1: deque([1, 2, 3, 5, 12, 15, 19, 20, 22, 23, 25, 28, 29, 30, 31], maxlen=250000), 1.5: deque([0], maxlen=250000), -1: deque([4, 6, 7, 8, 11, 17, 18, 21, 27], maxlen=250000)}","{1: deque([9, 10, 16, 24, 26, 33], maxlen=250000), 1.5: deque([0], maxlen=250000), -1: deque([13, 14, 32], maxlen=250000)}"
1271,"{1: deque([2, 3, 5, 8, 9, 11, 14, 15, 17, 18, 19, 23, 28, 31, 32, 33], maxlen=250000), 1.5: deque([0], maxlen=250000), -1: deque([4, 6, 7, 13, 20, 21, 22, 29, 30], maxlen=250000)}","{-1: deque([1, 25, 27], maxlen=250000), 1.5: deque([0], maxlen=250000), 1: deque([10, 12, 16, 24, 26], maxlen=250000)}"
1272,"{1: deque([1, 3, 7, 9, 10, 13, 14, 15, 16, 19, 20, 22, 25, 26, 29, 33], maxlen=250000), 1.5: deque([0], maxlen=250000), -1: deque([2, 4, 6, 11, 12, 17, 21, 27, 31], maxlen=250000)}","{1: deque([5, 8, 23, 24, 30], maxlen=250000), 1.5: deque([0], maxlen=250000), -1: deque([18, 28, 32], maxlen=250000)}"
1273,"{1: deque([1, 2, 5, 6, 9, 10, 11, 12, 14, 16, 21, 22, 24, 29, 32], maxlen=250000), 1.5: deque([0], maxlen=250000), -1: deque([7, 8, 13, 15, 17, 18, 19, 20, 31], maxlen=250000)}","{1: deque([3, 4, 23, 26, 28, 33], maxlen=250000), 1.5: deque([0], maxlen=250000), -1: deque([25, 27, 30], maxlen=250000)}"
1274,"{-1: deque([1, 7, 9, 10, 12, 18, 20, 26, 32], maxlen=250000), 1.5: deque([0], maxlen=250000), 1: deque([2, 3, 5, 6, 13, 15, 19, 21, 22, 23, 27, 28, 29, 30, 31], maxlen=250000)}","{-1: deque([4, 11, 17], maxlen=250000), 1.5: deque([0], maxlen=250000), 1: deque([8, 14, 16, 24, 25, 33], maxlen=250000)}"
1275,"{1: deque([2, 9, 12, 14, 17, 19, 20, 21, 22, 23, 24, 27, 28, 29, 32], maxlen=250000), 1.5: deque([0], maxlen=250000), -1: deque([3, 4, 5, 6, 8, 13, 15, 18, 31], maxlen=250000)}","{-1: deque([1, 10, 16], maxlen=250000), 1.5: deque([0], maxlen=250000), 1: deque([7, 11, 25, 26, 30, 33], maxlen=250000)}"
1276,"{1: deque([1, 9, 11, 12, 13, 14, 16, 17, 18, 21, 22, 24, 30, 31, 32], maxlen=250000), 1.5: deque([0], maxlen=250000), -1: deque([2, 3, 4, 5, 6, 20, 25, 26, 28], maxlen=250000)}","{1: deque([7, 8, 19, 27, 29, 33], maxlen=250000), 1.5: deque([0], maxlen=250000), -1: deque([10, 15, 23], maxlen=250000)}"
1277,"{1: deque([1, 6, 8, 10, 12, 13, 16, 17, 18, 21, 22, 28, 29, 30, 31], maxlen=250000), 1.5: deque([0], maxlen=250000), -1: deque([2, 3, 7, 14, 15, 19, 24, 26, 32], maxlen=250000)}","{1: deque([4, 9, 11, 20, 25, 33], maxlen=250000), 1.5: deque([0], maxlen=250000), -1: deque([5, 23, 27], maxlen=250000)}"
1278,"{-1: deque([2, 3, 7, 13, 20, 23, 25, 27, 32], maxlen=250000), 1.5: deque([0], maxlen=250000), 1: deque([6, 8, 10, 11, 12, 14, 15, 16, 17, 18, 19, 21, 26, 30, 31], maxlen=250000)}","{-1: deque([1, 22, 29], maxlen=250000), 1.5: deque([0], maxlen=250000), 1: deque([4, 5, 9, 24, 28, 33], maxlen=250000)}"
1279,"{1: deque([1, 3, 7, 8, 11, 13, 18, 21, 23, 24, 25, 27, 28, 30, 31, 33], maxlen=250000), 1.5: deque([0], maxlen=250000), -1: deque([9, 10, 12, 14, 15, 16, 17, 20, 26], maxlen=250000)}","{1: deque([2, 4, 5, 19, 22], maxlen=250000), 1.5: deque([0], maxlen=250000), -1: deque([6, 29, 32], maxlen=250000)}"
1280,"{1: deque([1, 2, 3, 5, 8, 11, 15, 20, 21, 22, 23, 24, 25, 26, 28], maxlen=250000), 1.5: deque([0], maxlen=250000), -1: deque([4, 7, 9, 12, 13, 17, 30, 31, 32], maxlen=250000)}","{1: deque([6, 10, 16, 19, 27, 33], maxlen=250000), 1.5: deque([0], maxlen=250000), -1: deque([14, 18, 29], maxlen=250000)}"
1281,"{1: deque([1, 3, 11, 12, 14, 15, 16, 17, 19, 20, 22, 23, 27, 29, 31, 33], maxlen=250000), 1.5: deque([0], maxlen=250000), -1: deque([2, 4, 6, 9, 13, 18, 24, 25, 28], maxlen=250000)}","{1: deque([5, 7, 8, 30, 32], maxlen=250000), 1.5: deque([0], maxlen=250000), -1: deque([10, 21, 26], maxlen=250000)}"
1282,"{-1: deque([1, 6, 10, 11, 15, 20, 25, 27, 32], maxlen=250000), 1.5: deque([0], maxlen=250000), 1: deque([2, 4, 5, 8, 13, 17, 18, 19, 21, 22, 23, 24, 28, 29, 31], maxlen=250000)}","{1: deque([3, 7, 12, 26, 30, 33], maxlen=250000), 1.5: deque([0], maxlen=250000), -1: deque([9, 14, 16], maxlen=250000)}"
1283,"{1: deque([1, 3, 5, 9, 12, 13, 15, 17, 18, 19, 20, 27, 28, 31, 32, 33], maxlen=250000), 1.5: deque([0], maxlen=250000), -1: deque([2, 4, 6, 7, 8, 14, 21, 26, 29], maxlen=250000)}","{1: deque([10, 11, 16, 22, 30], maxlen=250000), 1.5: deque([0], maxlen=250000), -1: deque([23, 24, 25], maxlen=250000)}"
1284,"{1: deque([1, 2, 4, 10, 12, 13, 14, 18, 19, 23, 24, 26, 29, 30, 31], maxlen=250000), 1.5: deque([0], maxlen=250000), -1: deque([3, 5, 6, 7, 9, 11, 15, 17, 28], maxlen=250000)}","{-1: deque([8, 21, 27], maxlen=250000), 1.5: deque([0], maxlen=250000), 1: deque([16, 20, 22, 25, 32, 33], maxlen=250000)}"
1285,"{-1: deque([2, 11, 14, 16, 17, 23, 25, 27, 28], maxlen=250000), 1.5: deque([0], maxlen=250000), 1: deque([3, 4, 6, 7, 12, 13, 15, 18, 20, 21, 22, 24, 26, 31, 32, 33], maxlen=250000)}","{1: deque([1, 5, 8, 19, 30], maxlen=250000), 1.5: deque([0], maxlen=250000), -1: deque([9, 10, 29], maxlen=250000)}"
1286,"{1: deque([1, 2, 3, 9, 11, 12, 15, 17, 20, 21, 22, 24, 26, 27, 32], maxlen=250000), 1.5: deque([0], maxlen=250000), -1: deque([4, 6, 7, 10, 13, 19, 23, 30, 31], maxlen=250000)}","{1: deque([5, 14, 16, 25, 29, 33], maxlen=250000), 1.5: deque([0], maxlen=250000), -1: deque([8, 18, 28], maxlen=250000)}"
1287,"{1: deque([2, 3, 5, 6, 9, 10, 13, 16, 17, 20, 21, 23, 25, 27, 29, 33], maxlen=250000), 1.5: deque([0], maxlen=250000), -1: deque([4, 8, 12, 14, 15, 26, 28, 30, 31], maxlen=250000)}","{1: deque([1, 7, 11, 18, 19], maxlen=250000), 1.5: deque([0], maxlen=250000), -1: deque([22, 24, 32], maxlen=250000)}"
1288,"{1: deque([1, 3, 6, 11, 13, 14, 15, 16, 18, 19, 22, 27, 29, 30, 31, 33], maxlen=250000), 1.5: deque([0], maxlen=250000), -1: deque([4, 5, 7, 8, 9, 21, 25, 26, 28], maxlen=250000)}","{-1: deque([2, 12, 23], maxlen=250000), 1.5: deque([0], maxlen=250000), 1: deque([10, 17, 20, 24, 32], maxlen=250000)}"
1289,"{1: deque([1, 3, 8, 13, 14, 16, 17, 20, 22, 24, 25, 26, 29, 30, 32, 33], maxlen=250000), 1.5: deque([0], maxlen=250000), -1: deque([4, 5, 6, 7, 15, 19, 21, 28, 31], maxlen=250000)}","{-1: deque([2, 11, 18], maxlen=250000), 1.5: deque([0], maxlen=250000), 1: deque([9, 10, 12, 23, 27], maxlen=250000)}"
1290,"{-1: deque([1, 2, 9, 15, 19, 20, 26, 27, 29], maxlen=250000), 1.5: deque([0], maxlen=250000), 1: deque([4, 5, 8, 10, 11, 13, 14, 18, 21, 22, 23, 25, 28, 30, 31, 33], maxlen=250000)}","{1: deque([3, 6, 7, 17, 32], maxlen=250000), 1.5: deque([0], maxlen=250000), -1: deque([12, 16, 24], maxlen=250000)}"
1291,"{1: deque([2, 6, 9, 11, 13, 15, 16, 17, 19, 21, 22, 23, 25, 26, 28, 33], maxlen=250000), 1.5: deque([0], maxlen=250000), -1: deque([5, 7, 10, 14, 20, 24, 29, 30, 31], maxlen=250000)}","{1: deque([1, 4, 8, 27, 32], maxlen=250000), 1.5: deque([0], maxlen=250000), -1: deque([3, 12, 18], maxlen=250000)}"
1292,"{-1: deque([1, 3, 8, 13, 17, 22, 23, 24, 27], maxlen=250000), 1.5: deque([0], maxlen=250000), 1: deque([2, 4, 5, 6, 9, 11, 12, 15, 16, 18, 21, 25, 26, 28, 30], maxlen=250000)}","{1: deque([7, 14, 19, 29, 31, 33], maxlen=250000), 1.5: deque([0], maxlen=250000), -1: deque([10, 20, 32], maxlen=250000)}"
1293,"{-1: deque([2, 8, 10, 17, 18, 21, 25, 26, 32], maxlen=250000), 1.5: deque([0], maxlen=250000), 1: deque([3, 5, 7, 9, 11, 13, 14, 15, 16, 19, 20, 23, 27, 28, 31, 33], maxlen=250000)}","{1: deque([1, 4, 12, 24, 29], maxlen=250000), 1.5: deque([0], maxlen=250000), -1: deque([6, 22, 30], maxlen=250000)}"
1294,"{-1: deque([1, 2, 5, 10, 13, 17, 21, 29, 30], maxlen=250000), 1.5: deque([0], maxlen=250000), 1: deque([8, 9, 12, 14, 15, 16, 18, 23, 24, 25, 26, 27, 28, 31, 32, 33], maxlen=250000)}","{1: deque([3, 6, 7, 19, 22], maxlen=250000), 1.5: deque([0], maxlen=250000), -1: deque([4, 11, 20], maxlen=250000)}"
1295,"{1: deque([1, 3, 7, 8, 9, 11, 14, 16, 18, 20, 25, 29, 30, 31, 32, 33], maxlen=250000), 1.5: deque([0], maxlen=250000), -1: deque([2, 4, 10, 15, 17, 19, 22, 26, 28], maxlen=250000)}","{1: deque([5, 6, 12, 13, 27], maxlen=250000), 1.5: deque([0], maxlen=250000), -1: deque([21, 23, 24], maxlen=250000)}"
1296,"{1: deque([1, 4, 5, 6, 7, 8, 12, 13, 14, 18, 20, 27, 30, 31, 32], maxlen=250000), 1.5: deque([0], maxlen=250000), -1: deque([2, 11, 16, 17, 21, 24, 26, 28, 29], maxlen=250000)}","{-1: deque([3, 9, 19], maxlen=250000), 1.5: deque([0], maxlen=250000), 1: deque([10, 15, 22, 23, 25, 33], maxlen=250000)}"
1297,"{1: deque([1, 3, 4, 6, 10, 12, 17, 18, 21, 23, 25, 28, 29, 31, 32, 33], maxlen=250000), 1.5: deque([0], maxlen=250000), -1: deque([7, 9, 11, 13, 16, 19, 20, 22, 26], maxlen=250000)}","{-1: deque([2, 14, 27], maxlen=250000), 1.5: deque([0], maxlen=250000), 1: deque([5, 8, 15, 24, 30], maxlen=250000)}"
1298,"{1: deque([1, 2, 8, 10, 11, 12, 13, 14, 15, 16, 17, 24, 25, 30, 31], maxlen=250000), 1.5: deque([0], maxlen=250000), -1: deque([3, 9, 18, 19, 23, 27, 28, 29, 32], maxlen=250000)}","{-1: deque([4, 5, 26], maxlen=250000), 1.5: deque([0], maxlen=250000), 1: deque([6, 7, 20, 21, 22, 33], maxlen=250000)}"
1299,"{1: deque([2, 5, 7, 9, 11, 12, 18, 20, 23, 26, 27, 28, 29, 31, 32, 33], maxlen=250000), 1.5: deque([0], maxlen=250000), -1: deque([6, 10, 13, 15, 16, 17, 19, 22, 24], maxlen=250000)}","{1: deque([1, 4, 8, 14, 21], maxlen=250000), 1.5: deque([0], maxlen=250000), -1: deque([3, 25, 30], maxlen=250000)}"
1300,"{-1: deque([1, 3, 6, 8, 10, 12, 24, 29, 30], maxlen=250000), 1.5: deque([0], maxlen=250000), 1: deque([5, 7, 13, 14, 16, 18, 19, 21, 22, 23, 25, 26, 27, 28, 32], maxlen=250000)}","{1: deque([2, 4, 9, 11, 20, 33], maxlen=250000), 1.5: deque([0], maxlen=250000), -1: deque([15, 17, 31], maxlen=250000)}"
1301,"{-1: deque([1, 2, 3, 4, 13, 15, 18, 29, 31], maxlen=250000), 1.5: deque([0], maxlen=250000), 1: deque([8, 9, 12, 14, 16, 17, 19, 21, 22, 24, 25, 26, 27, 30, 32], maxlen=250000)}","{1: deque([5, 6, 10, 20, 28, 33], maxlen=250000), 1.5: deque([0], maxlen=250000), -1: deque([7, 11, 23], maxlen=250000)}"
1302,"{1: deque([1, 3, 5, 10, 13, 15, 18, 20, 22, 26, 27, 28, 30, 31, 32, 33], maxlen=250000), 1.5: deque([0], maxlen=250000), -1: deque([2, 7, 8, 9, 11, 14, 16, 17, 25], maxlen=250000)}","{1: deque([4, 6, 12, 21, 24], maxlen=250000), 1.5: deque([0], maxlen=250000), -1: deque([19, 23, 29], maxlen=250000)}"
1303,"{-1: deque([1, 2, 8, 9, 13, 17, 20, 26, 27], maxlen=250000), 1.5: deque([0], maxlen=250000), 1: deque([4, 5, 7, 10, 11, 12, 15, 18, 19, 22, 24, 25, 29, 30, 31], maxlen=250000)}","{1: deque([3, 16, 21, 28, 32, 33], maxlen=250000), 1.5: deque([0], maxlen=250000), -1: deque([6, 14, 23], maxlen=250000)}"
1304,"{-1: deque([1, 2, 4, 8, 16, 26, 27, 28, 32], maxlen=250000), 1.5: deque([0], maxlen=250000), 1: deque([9, 11, 12, 14, 15, 17, 20, 21, 22, 23, 24, 25, 29, 30, 31], maxlen=250000)}","{1: deque([3, 5, 6, 10, 13, 33], maxlen=250000), 1.5: deque([0], maxlen=250000), -1: deque([7, 18, 19], maxlen=250000)}"
1305,"{1: deque([1, 3, 5, 8, 9, 10, 11, 19, 21, 23, 25, 26, 28, 30, 31], maxlen=250000), 1.5: deque([0], maxlen=250000), -1: deque([2, 6, 7, 12, 13, 16, 17, 18, 32], maxlen=250000)}","{-1: deque([4, 14, 27], maxlen=250000), 1.5: deque([0], maxlen=250000), 1: deque([15, 20, 22, 24, 29, 33], maxlen=250000)}"
1306,"{-1: deque([2, 4, 8, 9, 12, 17, 18, 28, 32], maxlen=250000), 1.5: deque([0], maxlen=250000), 1: deque([3, 5, 6, 10, 11, 14, 15, 16, 21, 22, 24, 27, 29, 30, 31, 33], maxlen=250000)}","{1: deque([1, 7, 19, 20, 23], maxlen=250000), 1.5: deque([0], maxlen=250000), -1: deque([13, 25, 26], maxlen=250000)}"
1307,"{1: deque([1, 4, 6, 9, 10, 11, 12, 14, 15, 16, 17, 22, 23, 26, 31], maxlen=250000), 1.5: deque([0], maxlen=250000), -1: deque([2, 3, 5, 7, 18, 24, 27, 30, 32], maxlen=250000)}","{1: deque([8, 13, 19, 20, 21, 33], maxlen=250000), 1.5: deque([0], maxlen=250000), -1: deque([25, 28, 29], maxlen=250000)}"
1308,"{1: deque([1, 2, 8, 9, 10, 11, 12, 14, 15, 17, 20, 21, 23, 27, 30], maxlen=250000), 1.5: deque([0], maxlen=250000), -1: deque([3, 4, 7, 13, 18, 19, 24, 26, 28], maxlen=250000)}","{1: deque([5, 16, 22, 25, 32, 33], maxlen=250000), 1.5: deque([0], maxlen=250000), -1: deque([6, 29, 31], maxlen=250000)}"
1309,"{1: deque([1, 2, 6, 7, 8, 9, 11, 13, 16, 18, 19, 22, 24, 27, 30, 33], maxlen=250000), 1.5: deque([0], maxlen=250000), -1: deque([5, 10, 15, 17, 23, 25, 26, 28, 32], maxlen=250000)}","{1: deque([3, 4, 14, 21, 29], maxlen=250000), 1.5: deque([0], maxlen=250000), -1: deque([12, 20, 31], maxlen=250000)}"
1310,"{1: deque([1, 3, 7, 10, 11, 12, 14, 15, 17, 19, 22, 24, 28, 30, 32], maxlen=250000), 1.5: deque([0], maxlen=250000), -1: deque([5, 8, 16, 18, 20, 23, 26, 27, 29], maxlen=250000)}","{1: deque([2, 4, 9, 13, 25, 33], maxlen=250000), 1.5: deque([0], maxlen=250000), -1: deque([6, 21, 31], maxlen=250000)}"
1311,"{-1: deque([1, 2, 5, 10, 12, 16, 17, 20, 26], maxlen=250000), 1.5: deque([0], maxlen=250000), 1: deque([3, 6, 8, 11, 14, 15, 18, 19, 21, 23, 24, 27, 28, 29, 30, 33], maxlen=250000)}","{1: deque([4, 9, 13, 22, 25], maxlen=250000), 1.5: deque([0], maxlen=250000), -1: deque([7, 31, 32], maxlen=250000)}"
1312,"{1: deque([1, 6, 8, 11, 12, 15, 16, 18, 19, 23, 24, 25, 27, 29, 31], maxlen=250000), 1.5: deque([0], maxlen=250000), -1: deque([3, 4, 5, 7, 10, 17, 20, 22, 26], maxlen=250000)}","{1: deque([2, 14, 28, 30, 32, 33], maxlen=250000), 1.5: deque([0], maxlen=250000), -1: deque([9, 13, 21], maxlen=250000)}"
1313,"{1: deque([1, 3, 4, 5, 6, 9, 10, 14, 16, 17, 18, 20, 22, 30, 31, 33], maxlen=250000), 1.5: deque([0], maxlen=250000), -1: deque([7, 11, 12, 15, 24, 25, 27, 28, 29], maxlen=250000)}","{-1: deque([2, 23, 26], maxlen=250000), 1.5: deque([0], maxlen=250000), 1: deque([8, 13, 19, 21, 32], maxlen=250000)}"
1314,"{1: deque([2, 3, 6, 7, 8, 9, 10, 11, 15, 17, 18, 20, 22, 23, 28], maxlen=250000), 1.5: deque([0], maxlen=250000), -1: deque([4, 5, 12, 13, 14, 19, 21, 27, 32], maxlen=250000)}","{1: deque([1, 16, 26, 30, 31, 33], maxlen=250000), 1.5: deque([0], maxlen=250000), -1: deque([24, 25, 29], maxlen=250000)}"
1315,"{-1: deque([3, 4, 6, 7, 10, 14, 28, 30, 31], maxlen=250000), 1.5: deque([0], maxlen=250000), 1: deque([5, 8, 9, 11, 12, 15, 17, 18, 19, 20, 23, 25, 26, 29, 32], maxlen=250000)}","{1: deque([1, 13, 16, 22, 27, 33], maxlen=250000), 1.5: deque([0], maxlen=250000), -1: deque([2, 21, 24], maxlen=250000)}"
1316,"{-1: deque([1, 2, 6, 8, 16, 17, 20, 28, 30], maxlen=250000), 1.5: deque([0], maxlen=250000), 1: deque([3, 5, 9, 10, 12, 13, 14, 21, 22, 23, 24, 25, 26, 27, 31], maxlen=250000)}","{1: deque([4, 15, 19, 29, 32, 33], maxlen=250000), 1.5: deque([0], maxlen=250000), -1: deque([7, 11, 18], maxlen=250000)}"
1317,"{1: deque([1, 2, 4, 5, 6, 12, 14, 19, 20, 22, 24, 26, 28, 29, 30, 33], maxlen=250000), 1.5: deque([0], maxlen=250000), -1: deque([3, 7, 9, 10, 13, 15, 21, 25, 27], maxlen=250000)}","{-1: deque([8, 16, 17], maxlen=250000), 1.5: deque([0], maxlen=250000), 1: deque([11, 18, 23, 31, 32], maxlen=250000)}"
1318,"{-1: deque([1, 8, 11, 16, 18, 23, 25, 26, 27], maxlen=250000), 1.5: deque([0], maxlen=250000), 1: deque([3, 4, 5, 6, 7, 9, 10, 13, 15, 17, 19, 21, 24, 30, 31], maxlen=250000)}","{-1: deque([2, 12, 14], maxlen=250000), 1.5: deque([0], maxlen=250000), 1: deque([20, 22, 28, 29, 32, 33], maxlen=250000)}"
1319,"{-1: deque([1, 2, 8, 15, 25, 27, 28, 29, 30], maxlen=250000), 1.5: deque([0], maxlen=250000), 1: deque([3, 5, 9, 10, 11, 12, 13, 14, 17, 18, 19, 20, 21, 22, 26, 33], maxlen=250000)}","{-1: deque([4, 24, 31], maxlen=250000), 1.5: deque([0], maxlen=250000), 1: deque([6, 7, 16, 23, 32], maxlen=250000)}"
1320,"{-1: deque([1, 3, 4, 5, 10, 13, 24, 29, 31], maxlen=250000), 1.5: deque([0], maxlen=250000), 1: deque([7, 8, 9, 11, 12, 15, 17, 18, 19, 21, 22, 23, 25, 28, 32], maxlen=250000)}","{1: deque([2, 6, 26, 27, 30, 33], maxlen=250000), 1.5: deque([0], maxlen=250000), -1: deque([14, 16, 20], maxlen=250000)}"
1321,"{-1: deque([1, 2, 7, 9, 10, 20, 21, 30, 31], maxlen=250000), 1.5: deque([0], maxlen=250000), 1: deque([3, 4, 6, 11, 12, 14, 15, 17, 18, 19, 22, 24, 26, 28, 29, 33], maxlen=250000)}","{1: deque([5, 8, 23, 27, 32], maxlen=250000), 1.5: deque([0], maxlen=250000), -1: deque([13, 16, 25], maxlen=250000)}"
1322,"{-1: deque([1, 3, 6, 10, 11, 15, 18, 23, 28], maxlen=250000), 1.5: deque([0], maxlen=250000), 1: deque([4, 7, 8, 9, 12, 14, 19, 20, 22, 24, 25, 26, 27, 29, 31, 33], maxlen=250000)}","{1: deque([2, 5, 16, 21, 32], maxlen=250000), 1.5: deque([0], maxlen=250000), -1: deque([13, 17, 30], maxlen=250000)}"
1323,"{1: deque([1, 2, 3, 10, 13, 16, 18, 19, 21, 22, 23, 25, 29, 30, 31, 33], maxlen=250000), 1.5: deque([0], maxlen=250000), -1: deque([4, 6, 9, 14, 15, 17, 26, 27, 32], maxlen=250000)}","{1: deque([5, 7, 8, 20, 24], maxlen=250000), 1.5: deque([0], maxlen=250000), -1: deque([11, 12, 28], maxlen=250000)}"
1324,"{-1: deque([1, 2, 10, 13, 14, 22, 26, 30, 32], maxlen=250000), 1.5: deque([0], maxlen=250000), 1: deque([3, 6, 7, 8, 9, 11, 12, 15, 16, 17, 19, 20, 21, 23, 31], maxlen=250000)}","{-1: deque([4, 18, 27], maxlen=250000), 1.5: deque([0], maxlen=250000), 1: deque([5, 24, 25, 28, 29, 33], maxlen=250000)}"
1325,"{-1: deque([1, 2, 6, 7, 18, 19, 22, 30, 32], maxlen=250000), 1.5: deque([0], maxlen=250000), 1: deque([3, 4, 5, 10, 12, 13, 14, 15, 20, 21, 25, 26, 27, 28, 29], maxlen=250000)}","{1: deque([8, 16, 17, 24, 31, 33], maxlen=250000), 1.5: deque([0], maxlen=250000), -1: deque([9, 11, 23], maxlen=250000)}"
1326,"{-1: deque([1, 8, 15, 20, 21, 22, 23, 27, 29], maxlen=250000), 1.5: deque([0], maxlen=250000), 1: deque([2, 4, 5, 7, 9, 12, 14, 16, 18, 25, 26, 28, 30, 31, 32], maxlen=250000)}","{1: deque([3, 6, 17, 19, 24, 33], maxlen=250000), 1.5: deque([0], maxlen=250000), -1: deque([10, 11, 13], maxlen=250000)}"
1327,"{-1: deque([1, 6, 7, 8, 13, 20, 21, 30, 31], maxlen=250000), 1.5: deque([0], maxlen=250000), 1: deque([2, 9, 11, 12, 14, 15, 18, 19, 22, 24, 25, 26, 28, 29, 32], maxlen=250000)}","{-1: deque([3, 4, 17], maxlen=250000), 1.5: deque([0], maxlen=250000), 1: deque([5, 10, 16, 23, 27, 33], maxlen=250000)}"
1328,"{1: deque([1, 3, 6, 7, 8, 9, 10, 11, 13, 17, 22, 24, 25, 26, 29, 33], maxlen=250000), 1.5: deque([0], maxlen=250000), -1: deque([2, 12, 14, 16, 19, 20, 23, 27, 30], maxlen=250000)}","{-1: deque([4, 28, 32], maxlen=250000), 1.5: deque([0], maxlen=250000), 1: deque([5, 15, 18, 21, 31], maxlen=250000)}"
1329,"{1: deque([1, 2, 5, 10, 11, 14, 15, 19, 24, 27, 28, 29, 30, 31, 32], maxlen=250000), 1.5: deque([0], maxlen=250000), -1: deque([3, 7, 9, 12, 13, 16, 21, 22, 26], maxlen=250000)}","{1: deque([4, 17, 20, 23, 25, 33], maxlen=250000), 1.5: deque([0], maxlen=250000), -1: deque([6, 8, 18], maxlen=250000)}"
1330,"{1: deque([1, 2, 6, 9, 10, 13, 14, 15, 20, 23, 25, 27, 28, 29, 31], maxlen=250000), 1.5: deque([0], maxlen=250000), -1: deque([4, 5, 8, 12, 16, 17, 21, 22, 26], maxlen=250000)}","{1: deque([3, 11, 18, 19, 30, 33], maxlen=250000), 1.5: deque([0], maxlen=250000), -1: deque([7, 24, 32], maxlen=250000)}"
1331,"{-1: deque([1, 5, 6, 8, 18, 19, 20, 21, 25], maxlen=250000), 1.5: deque([0], maxlen=250000), 1: deque([2, 3, 7, 9, 10, 12, 15, 16, 17, 22, 26, 28, 29, 31, 32], maxlen=250000)}","{-1: deque([4, 11, 24], maxlen=250000), 1.5: deque([0], maxlen=250000), 1: deque([13, 14, 23, 27, 30, 33], maxlen=250000)}"
1332,"{1: deque([1, 2, 9, 11, 12, 14, 15, 16, 17, 18, 20, 21, 22, 26, 31], maxlen=250000), 1.5: deque([0], maxlen=250000), -1: deque([3, 5, 6, 8, 19, 23, 27, 28, 32], maxlen=250000)}","{1: deque([4, 13, 24, 25, 30, 33], maxlen=250000), 1.5: deque([0], maxlen=250000), -1: deque([7, 10, 29], maxlen=250000)}"
1333,"{1: deque([1, 5, 6, 14, 15, 17, 19, 20, 21, 25, 26, 27, 29, 30, 31], maxlen=250000), 1.5: deque([0], maxlen=250000), -1: deque([3, 7, 9, 11, 12, 13, 18, 24, 28], maxlen=250000)}","{-1: deque([2, 4, 16], maxlen=250000), 1.5: deque([0], maxlen=250000), 1: deque([8, 10, 22, 23, 32, 33], maxlen=250000)}"
1334,"{-1: deque([1, 3, 6, 10, 21, 23, 27, 31, 32], maxlen=250000), 1.5: deque([0], maxlen=250000), 1: deque([2, 7, 8, 9, 13, 16, 17, 18, 19, 22, 24, 25, 26, 28, 29, 33], maxlen=250000)}","{1: deque([4, 5, 11, 12, 14], maxlen=250000), 1.5: deque([0], maxlen=250000), -1: deque([15, 20, 30], maxlen=250000)}"
1335,"{1: deque([2, 3, 5, 6, 10, 11, 12, 15, 16, 17, 24, 25, 27, 30, 31, 33], maxlen=250000), 1.5: deque([0], maxlen=250000), -1: deque([4, 9, 13, 18, 20, 21, 23, 28, 32], maxlen=250000)}","{1: deque([1, 19, 22, 26, 29], maxlen=250000), 1.5: deque([0], maxlen=250000), -1: deque([7, 8, 14], maxlen=250000)}"
1336,"{-1: deque([1, 2, 12, 14, 18, 22, 23, 26, 30], maxlen=250000), 1.5: deque([0], maxlen=250000), 1: deque([4, 5, 6, 8, 9, 10, 15, 16, 19, 21, 25, 27, 28, 29, 32], maxlen=250000)}","{1: deque([3, 11, 13, 17, 20, 33], maxlen=250000), 1.5: deque([0], maxlen=250000), -1: deque([7, 24, 31], maxlen=250000)}"
1337,"{1: deque([1, 2, 3, 4, 5, 6, 8, 15, 17, 18, 20, 22, 27, 28, 31], maxlen=250000), 1.5: deque([0], maxlen=250000), -1: deque([9, 10, 13, 16, 19, 23, 25, 30, 32], maxlen=250000)}","{1: deque([7, 11, 12, 26, 29, 33], maxlen=250000), 1.5: deque([0], maxlen=250000), -1: deque([14, 21, 24], maxlen=250000)}"
1338,"{-1: deque([2, 3, 4, 6, 10, 13, 16, 17, 20], maxlen=250000), 1.5: deque([0], maxlen=250000), 1: deque([5, 7, 8, 12, 15, 18, 19, 21, 22, 26, 27, 28, 29, 31, 32, 33], maxlen=250000)}","{-1: deque([1, 9, 11], maxlen=250000), 1.5: deque([0], maxlen=250000), 1: deque([14, 23, 24, 25, 30], maxlen=250000)}"
1339,"{-1: deque([1, 2, 3, 10, 11, 12, 15, 23, 26], maxlen=250000), 1.5: deque([0], maxlen=250000), 1: deque([5, 7, 9, 16, 17, 18, 19, 20, 21, 24, 27, 29, 30, 31, 32], maxlen=250000)}","{1: deque([4, 6, 8, 13, 28, 33], maxlen=250000), 1.5: deque([0], maxlen=250000), -1: deque([14, 22, 25], maxlen=250000)}"
1340,"{-1: deque([1, 3, 4, 13, 14, 21, 26, 30, 32], maxlen=250000), 1.5: deque([0], maxlen=250000), 1: deque([2, 5, 7, 8, 9, 10, 11, 15, 16, 19, 20, 24, 28, 29, 31, 33], maxlen=250000)}","{1: deque([6, 12, 23, 25, 27], maxlen=250000), 1.5: deque([0], maxlen=250000), -1: deque([17, 18, 22], maxlen=250000)}"
1341,"{1: deque([1, 4, 9, 10, 11, 12, 16, 17, 18, 20, 24, 25, 26, 27, 29, 33], maxlen=250000), 1.5: deque([0], maxlen=250000), -1: deque([2, 3, 6, 14, 15, 22, 23, 28, 30], maxlen=250000)}","{1: deque([5, 7, 8, 13, 31], maxlen=250000), 1.5: deque([0], maxlen=250000), -1: deque([19, 21, 32], maxlen=250000)}"
1342,"{1: deque([1, 3, 4, 5, 6, 8, 9, 11, 12, 19, 21, 25, 28, 29, 30, 33], maxlen=250000), 1.5: deque([0], maxlen=250000), -1: deque([2, 13, 17, 20, 24, 26, 27, 31, 32], maxlen=250000)}","{-1: deque([7, 18, 23], maxlen=250000), 1.5: deque([0], maxlen=250000), 1: deque([10, 14, 15, 16, 22], maxlen=250000)}"
1343,"{-1: deque([2, 3, 4, 5, 21, 22, 26, 28, 30], maxlen=250000), 1.5: deque([0], maxlen=250000), 1: deque([6, 7, 9, 10, 12, 13, 14, 15, 16, 18, 23, 24, 25, 27, 31, 33], maxlen=250000)}","{1: deque([1, 8, 11, 19, 20], maxlen=250000), 1.5: deque([0], maxlen=250000), -1: deque([17, 29, 32], maxlen=250000)}"
1344,"{1: deque([1, 11, 13, 14, 15, 16, 17, 19, 21, 23, 24, 25, 26, 31, 32, 33], maxlen=250000), 1.5: deque([0], maxlen=250000), -1: deque([2, 4, 6, 7, 8, 12, 22, 29, 30], maxlen=250000)}","{1: deque([3, 5, 10, 27, 28], maxlen=250000), 1.5: deque([0], maxlen=250000), -1: deque([9, 18, 20], maxlen=250000)}"
1345,"{1: deque([2, 3, 4, 5, 6, 9, 11, 17, 18, 19, 21, 25, 28, 31, 32], maxlen=250000), 1.5: deque([0], maxlen=250000), -1: deque([10, 12, 13, 14, 16, 20, 24, 27, 30], maxlen=250000)}","{1: deque([1, 7, 15, 22, 23, 33], maxlen=250000), 1.5: deque([0], maxlen=250000), -1: deque([8, 26, 29], maxlen=250000)}"
1346,"{1: deque([2, 3, 4, 6, 8, 9, 10, 13, 15, 17, 18, 19, 21, 29, 32], maxlen=250000), 1.5: deque([0], maxlen=250000), -1: deque([5, 11, 20, 23, 24, 27, 28, 30, 31], maxlen=250000)}","{-1: deque([1, 7, 16], maxlen=250000), 1.5: deque([0], maxlen=250000), 1: deque([12, 14, 22, 25, 26, 33], maxlen=250000)}"
1347,"{1: deque([1, 2, 4, 6, 7, 8, 9, 11, 14, 18, 24, 27, 28, 30, 32, 33], maxlen=250000), 1.5: deque([0], maxlen=250000), -1: deque([3, 16, 17, 20, 21, 23, 26, 29, 31], maxlen=250000)}","{1: deque([5, 10, 13, 22, 25], maxlen=250000), 1.5: deque([0], maxlen=250000), -1: deque([12, 15, 19], maxlen=250000)}"
1348,"{1: deque([2, 3, 5, 8, 10, 11, 12, 14, 16, 18, 19, 20, 25, 30, 31], maxlen=250000), 1.5: deque([0], maxlen=250000), -1: deque([4, 6, 7, 17, 21, 22, 24, 26, 32], maxlen=250000)}","{1: deque([1, 9, 23, 27, 29, 33], maxlen=250000), 1.5: deque([0], maxlen=250000), -1: deque([13, 15, 28], maxlen=250000)}"
1349,"{1: deque([1, 5, 6, 9, 11, 12, 14, 15, 18, 20, 21, 22, 28, 31, 32], maxlen=250000), 1.5: deque([0], maxlen=250000), -1: deque([3, 4, 10, 16, 17, 19, 26, 29, 30], maxlen=250000)}","{-1: deque([2, 13, 27], maxlen=250000), 1.5: deque([0], maxlen=250000), 1: deque([7, 8, 23, 24, 25, 33], maxlen=250000)}"
1350,"{-1: deque([1, 3, 10, 12, 15, 19, 21, 23, 26], maxlen=250000), 1.5: deque([0], maxlen=250000), 1: deque([5, 6, 7, 8, 9, 11, 13, 14, 17, 22, 24, 25, 27, 31, 32], maxlen=250000)}","{1: deque([2, 4, 18, 29, 30, 33], maxlen=250000), 1.5: deque([0], maxlen=250000), -1: deque([16, 20, 28], maxlen=250000)}"
1351,"{1: deque([2, 4, 5, 7, 11, 13, 20, 22, 23, 24, 25, 26, 27, 30, 32, 33], maxlen=250000), 1.5: deque([0], maxlen=250000), -1: deque([3, 6, 9, 10, 12, 15, 19, 28, 31], maxlen=250000)}","{1: deque([1, 8, 14, 21, 29], maxlen=250000), 1.5: deque([0], maxlen=250000), -1: deque([16, 17, 18], maxlen=250000)}"
1352,"{1: deque([1, 2, 7, 8, 14, 16, 18, 21, 22, 24, 25, 27, 28, 29, 31], maxlen=250000), 1.5: deque([0], maxlen=250000), -1: deque([5, 6, 9, 10, 12, 13, 19, 20, 32], maxlen=250000)}","{1: deque([3, 15, 17, 23, 30, 33], maxlen=250000), 1.5: deque([0], maxlen=250000), -1: deque([4, 11, 26], maxlen=250000)}"
1353,"{1: deque([1, 4, 7, 8, 9, 10, 15, 16, 17, 19, 21, 23, 26, 31, 32], maxlen=250000), 1.5: deque([0], maxlen=250000), -1: deque([6, 13, 14, 18, 22, 25, 28, 29, 30], maxlen=250000)}","{-1: deque([2, 24, 27], maxlen=250000), 1.5: deque([0], maxlen=250000), 1: deque([3, 5, 11, 12, 20, 33], maxlen=250000)}"
1354,"{1: deque([1, 3, 4, 5, 6, 7, 8, 9, 10, 14, 15, 22, 24, 27, 31], maxlen=250000), 1.5: deque([0], maxlen=250000), -1: deque([2, 11, 13, 18, 19, 21, 23, 26, 30], maxlen=250000)}","{1: deque([12, 16, 17, 20, 32, 33], maxlen=250000), 1.5: deque([0], maxlen=250000), -1: deque([25, 28, 29], maxlen=250000)}"
1355,"{1: deque([1, 3, 4, 6, 8, 9, 12, 14, 15, 16, 22, 25, 29, 30, 31], maxlen=250000), 1.5: deque([0], maxlen=250000), -1: deque([7, 10, 11, 13, 17, 21, 23, 24, 32], maxlen=250000)}","{1: deque([2, 18, 20, 27, 28, 33], maxlen=250000), 1.5: deque([0], maxlen=250000), -1: deque([5, 19, 26], maxlen=250000)}"
1356,"{1: deque([1, 6, 7, 8, 11, 12, 15, 18, 20, 22, 24, 25, 26, 31, 32], maxlen=250000), 1.5: deque([0], maxlen=250000), -1: deque([5, 9, 10, 16, 19, 23, 27, 28, 30], maxlen=250000)}","{-1: deque([2, 4, 29], maxlen=250000), 1.5: deque([0], maxlen=250000), 1: deque([3, 13, 14, 17, 21, 33], maxlen=250000)}"
1357,"{-1: deque([1, 2, 6, 11, 24, 25, 26, 27, 28], maxlen=250000), 1.5: deque([0], maxlen=250000), 1: deque([3, 4, 5, 7, 12, 14, 16, 19, 20, 21, 22, 29, 30, 31, 32, 33], maxlen=250000)}","{1: deque([8, 9, 15, 18, 23], maxlen=250000), 1.5: deque([0], maxlen=250000), -1: deque([10, 13, 17], maxlen=250000)}"
1358,"{1: deque([1, 3, 5, 6, 7, 9, 13, 14, 15, 20, 23, 24, 28, 29, 30, 33], maxlen=250000), 1.5: deque([0], maxlen=250000), -1: deque([4, 8, 11, 12, 17, 18, 22, 25, 31], maxlen=250000)}","{-1: deque([2, 16, 32], maxlen=250000), 1.5: deque([0], maxlen=250000), 1: deque([10, 19, 21, 26, 27], maxlen=250000)}"
1359,"{1: deque([1, 6, 9, 11, 12, 14, 15, 18, 22, 23, 25, 27, 29, 31, 32], maxlen=250000), 1.5: deque([0], maxlen=250000), -1: deque([4, 5, 8, 10, 13, 16, 17, 20, 26], maxlen=250000)}","{-1: deque([2, 7, 24], maxlen=250000), 1.5: deque([0], maxlen=250000), 1: deque([3, 19, 21, 28, 30, 33], maxlen=250000)}"
1360,"{-1: deque([2, 3, 11, 12, 18, 19, 20, 27, 28], maxlen=250000), 1.5: deque([0], maxlen=250000), 1: deque([5, 6, 8, 9, 10, 13, 21, 22, 23, 24, 25, 29, 30, 31, 32], maxlen=250000)}","{-1: deque([1, 7, 15], maxlen=250000), 1.5: deque([0], maxlen=250000), 1: deque([4, 14, 16, 17, 26, 33], maxlen=250000)}"
1361,"{1: deque([3, 4, 6, 7, 8, 12, 15, 17, 20, 23, 24, 25, 27, 28, 29], maxlen=250000), 1.5: deque([0], maxlen=250000), -1: deque([5, 11, 13, 18, 19, 21, 22, 31, 32], maxlen=250000)}","{1: deque([1, 9, 14, 16, 30, 33], maxlen=250000), 1.5: deque([0], maxlen=250000), -1: deque([2, 10, 26], maxlen=250000)}"
1362,"{-1: deque([1, 6, 7, 14, 15, 17, 18, 19, 21], maxlen=250000), 1.5: deque([0], maxlen=250000), 1: deque([2, 3, 8, 9, 10, 11, 12, 16, 20, 25, 26, 27, 28, 30, 32, 33], maxlen=250000)}","{1: deque([4, 13, 22, 24, 29], maxlen=250000), 1.5: deque([0], maxlen=250000), -1: deque([5, 23, 31], maxlen=250000)}"
1363,"{1: deque([1, 4, 5, 12, 14, 15, 16, 17, 19, 21, 22, 26, 27, 31, 32], maxlen=250000), 1.5: deque([0], maxlen=250000), -1: deque([3, 6, 7, 8, 9, 10, 23, 24, 25], maxlen=250000)}","{-1: deque([2, 13, 18], maxlen=250000), 1.5: deque([0], maxlen=250000), 1: deque([11, 20, 28, 29, 30, 33], maxlen=250000)}"
1364,"{1: deque([1, 2, 7, 9, 10, 13, 14, 15, 16, 17, 20, 24, 27, 30, 31, 33], maxlen=250000), 1.5: deque([0], maxlen=250000), -1: deque([3, 5, 8, 12, 18, 23, 26, 29, 32], maxlen=250000)}","{1: deque([4, 6, 11, 21, 28], maxlen=250000), 1.5: deque([0], maxlen=250000), -1: deque([19, 22, 25], maxlen=250000)}"
1365,"{-1: deque([1, 6, 12, 14, 17, 18, 23, 25, 27], maxlen=250000), 1.5: deque([0], maxlen=250000), 1: deque([3, 4, 5, 8, 10, 13, 15, 16, 20, 22, 26, 28, 29, 30, 31], maxlen=250000)}","{1: deque([2, 7, 11, 19, 24, 33], maxlen=250000), 1.5: deque([0], maxlen=250000), -1: deque([9, 21, 32], maxlen=250000)}"
1366,"{1: deque([2, 4, 5, 6, 10, 12, 15, 16, 21, 23, 26, 27, 28, 29, 30], maxlen=250000), 1.5: deque([0], maxlen=250000), -1: deque([3, 7, 11, 14, 17, 18, 24, 25, 32], maxlen=250000)}","{1: deque([1, 8, 13, 20, 22, 33], maxlen=250000), 1.5: deque([0], maxlen=250000), -1: deque([9, 19, 31], maxlen=250000)}"
1367,"{-1: deque([1, 6, 8, 12, 15, 19, 20, 28, 31], maxlen=250000), 1.5: deque([0], maxlen=250000), 1: deque([2, 4, 5, 7, 11, 13, 16, 18, 22, 24, 25, 27, 29, 30, 32], maxlen=250000)}","{1: deque([3, 9, 17, 21, 23, 33], maxlen=250000), 1.5: deque([0], maxlen=250000), -1: deque([10, 14, 26], maxlen=250000)}"
1368,"{-1: deque([5, 6, 16, 19, 21, 23, 27, 31, 32], maxlen=250000), 1.5: deque([0], maxlen=250000), 1: deque([7, 9, 10, 11, 14, 15, 17, 18, 20, 22, 24, 25, 26, 28, 29, 33], maxlen=250000)}","{1: deque([1, 2, 3, 4, 12], maxlen=250000), 1.5: deque([0], maxlen=250000), -1: deque([8, 13, 30], maxlen=250000)}"
1369,"{1: deque([1, 3, 6, 7, 10, 13, 15, 19, 20, 22, 24, 26, 30, 31, 32, 33], maxlen=250000), 1.5: deque([0], maxlen=250000), -1: deque([2, 4, 8, 9, 14, 16, 18, 25, 27], maxlen=250000)}","{1: deque([5, 12, 23, 28, 29], maxlen=250000), 1.5: deque([0], maxlen=250000), -1: deque([11, 17, 21], maxlen=250000)}"
1370,"{-1: deque([2, 5, 9, 11, 16, 17, 20, 25, 32], maxlen=250000), 1.5: deque([0], maxlen=250000), 1: deque([4, 6, 8, 12, 13, 14, 18, 19, 22, 23, 26, 27, 29, 30, 31], maxlen=250000)}","{1: deque([1, 10, 15, 21, 28, 33], maxlen=250000), 1.5: deque([0], maxlen=250000), -1: deque([3, 7, 24], maxlen=250000)}"
1371,"{1: deque([1, 3, 6, 7, 8, 12, 20, 22, 24, 25, 26, 27, 28, 31, 32], maxlen=250000), 1.5: deque([0], maxlen=250000), -1: deque([5, 10, 15, 16, 17, 18, 21, 23, 30], maxlen=250000)}","{1: deque([2, 4, 9, 13, 29, 33], maxlen=250000), 1.5: deque([0], maxlen=250000), -1: deque([11, 14, 19], maxlen=250000)}"
1372,"{-1: deque([1, 5, 9, 12, 18, 19, 21, 25, 28], maxlen=250000), 1.5: deque([0], maxlen=250000), 1: deque([2, 3, 4, 6, 10, 11, 14, 15, 17, 20, 22, 23, 26, 30, 32, 33], maxlen=250000)}","{-1: deque([7, 8, 31], maxlen=250000), 1.5: deque([0], maxlen=250000), 1: deque([13, 16, 24, 27, 29], maxlen=250000)}"
1373,"{1: deque([1, 2, 3, 4, 6, 7, 8, 11, 13, 17, 24, 27, 29, 31, 32, 33], maxlen=250000), 1.5: deque([0], maxlen=250000), -1: deque([5, 9, 12, 19, 21, 23, 26, 28, 30], maxlen=250000)}","{1: deque([10, 14, 18, 22, 25], maxlen=250000), 1.5: deque([0], maxlen=250000), -1: deque([15, 16, 20], maxlen=250000)}"
1374,"{-1: deque([1, 4, 10, 11, 12, 13, 17, 25, 30], maxlen=250000), 1.5: deque([0], maxlen=250000), 1: deque([3, 5, 6, 7, 8, 9, 15, 16, 18, 22, 23, 26, 27, 28, 29], maxlen=250000)}","{1: deque([2, 19, 20, 21, 31, 33], maxlen=250000), 1.5: deque([0], maxlen=250000), -1: deque([14, 24, 32], maxlen=250000)}"
1375,"{-1: deque([1, 3, 8, 9, 10, 13, 20, 21, 23], maxlen=250000), 1.5: deque([0], maxlen=250000), 1: deque([5, 6, 7, 12, 14, 15, 19, 22, 25, 26, 27, 28, 29, 31, 32, 33], maxlen=250000)}","{-1: deque([2, 11, 17], maxlen=250000), 1.5: deque([0], maxlen=250000), 1: deque([4, 16, 18, 24, 30], maxlen=250000)}"
1376,"{1: deque([1, 3, 4, 5, 6, 8, 9, 11, 14, 15, 19, 20, 26, 31, 32], maxlen=250000), 1.5: deque([0], maxlen=250000), -1: deque([7, 10, 16, 21, 22, 23, 27, 29, 30], maxlen=250000)}","{1: deque([2, 12, 17, 18, 24, 33], maxlen=250000), 1.5: deque([0], maxlen=250000), -1: deque([13, 25, 28], maxlen=250000)}"
1377,"{1: deque([1, 2, 6, 7, 9, 11, 18, 20, 22, 23, 26, 28, 29, 31, 32], maxlen=250000), 1.5: deque([0], maxlen=250000), -1: deque([3, 4, 10, 14, 15, 17, 19, 24, 30], maxlen=250000)}","{-1: deque([5, 12, 16], maxlen=250000), 1.5: deque([0], maxlen=250000), 1: deque([8, 13, 21, 25, 27, 33], maxlen=250000)}"
1378,"{-1: deque([2, 7, 8, 13, 19, 20, 25, 26, 28], maxlen=250000), 1.5: deque([0], maxlen=250000), 1: deque([3, 4, 6, 11, 12, 14, 15, 16, 17, 22, 23, 29, 30, 31, 32, 33], maxlen=250000)}","{1: deque([1, 5, 18, 24, 27], maxlen=250000), 1.5: deque([0], maxlen=250000), -1: deque([9, 10, 21], maxlen=250000)}"
1379,"{-1: deque([1, 6, 9, 16, 23, 25, 29, 31, 32], maxlen=250000), 1.5: deque([0], maxlen=250000), 1: deque([2, 3, 5, 7, 8, 11, 12, 13, 14, 15, 19, 24, 26, 27, 28], maxlen=250000)}","{1: deque([4, 17, 20, 22, 30, 33], maxlen=250000), 1.5: deque([0], maxlen=250000), -1: deque([10, 18, 21], maxlen=250000)}"
1380,"{1: deque([1, 2, 5, 6, 8, 10, 11, 12, 15, 20, 22, 23, 27, 31, 32, 33], maxlen=250000), 1.5: deque([0], maxlen=250000), -1: deque([4, 13, 14, 17, 18, 19, 21, 25, 29], maxlen=250000)}","{-1: deque([3, 26, 30], maxlen=250000), 1.5: deque([0], maxlen=250000), 1: deque([7, 9, 16, 24, 28], maxlen=250000)}"
1381,"{1: deque([2, 6, 8, 9, 10, 12, 13, 15, 17, 18, 19, 23, 29, 30, 31, 33], maxlen=250000), 1.5: deque([0], maxlen=250000), -1: deque([7, 11, 21, 22, 24, 25, 26, 28, 32], maxlen=250000)}","{1: deque([1, 3, 4, 5, 20], maxlen=250000), 1.5: deque([0], maxlen=250000), -1: deque([14, 16, 27], maxlen=250000)}"
1382,"{1: deque([3, 4, 5, 8, 15, 16, 18, 21, 22, 24, 27, 28, 29, 30, 32, 33], maxlen=250000), 1.5: deque([0], maxlen=250000), -1: deque([7, 10, 13, 14, 17, 19, 20, 23, 26], maxlen=250000)}","{1: deque([1, 6, 9, 12, 25], maxlen=250000), 1.5: deque([0], maxlen=250000), -1: deque([2, 11, 31], maxlen=250000)}"
1383,"{1: deque([1, 2, 3, 4, 5, 8, 9, 13, 14, 22, 24, 25, 26, 28, 31], maxlen=250000), 1.5: deque([0], maxlen=250000), -1: deque([6, 10, 16, 17, 19, 20, 21, 23, 27], maxlen=250000)}","{1: deque([7, 11, 15, 29, 30, 33], maxlen=250000), 1.5: deque([0], maxlen=250000), -1: deque([12, 18, 32], maxlen=250000)}"
1384,"{1: deque([2, 4, 6, 7, 9, 13, 16, 18, 20, 23, 25, 26, 27, 28, 31], maxlen=250000), 1.5: deque([0], maxlen=250000), -1: deque([3, 8, 11, 12, 15, 22, 24, 30, 32], maxlen=250000)}","{1: deque([1, 5, 10, 17, 19, 33], maxlen=250000), 1.5: deque([0], maxlen=250000), -1: deque([14, 21, 29], maxlen=250000)}"
1385,"{1: deque([1, 2, 3, 4, 6, 7, 11, 12, 13, 16, 18, 20, 25, 30, 31], maxlen=250000), 1.5: deque([0], maxlen=250000), -1: deque([5, 8, 15, 19, 22, 23, 24, 26, 27], maxlen=250000)}","{1: deque([9, 10, 17, 21, 32, 33], maxlen=250000), 1.5: deque([0], maxlen=250000), -1: deque([14, 28, 29], maxlen=250000)}"
1386,"{1: deque([1, 2, 4, 9, 10, 12, 15, 16, 17, 19, 23, 24, 25, 26, 31], maxlen=250000), 1.5: deque([0], maxlen=250000), -1: deque([3, 7, 8, 13, 14, 21, 22, 27, 29], maxlen=250000)}","{1: deque([5, 6, 28, 30, 32, 33], maxlen=250000), 1.5: deque([0], maxlen=250000), -1: deque([11, 18, 20], maxlen=250000)}"
1387,"{-1: deque([2, 4, 5, 8, 10, 12, 14, 28, 30], maxlen=250000), 1.5: deque([0], maxlen=250000), 1: deque([3, 9, 15, 17, 18, 19, 21, 22, 23, 24, 25, 26, 27, 29, 31, 33], maxlen=250000)}","{-1: deque([1, 11, 16], maxlen=250000), 1.5: deque([0], maxlen=250000), 1: deque([6, 7, 13, 20, 32], maxlen=250000)}"
1388,"{1: deque([1, 4, 5, 8, 9, 10, 11, 20, 22, 24, 26, 27, 28, 29, 30, 33], maxlen=250000), 1.5: deque([0], maxlen=250000), -1: deque([3, 7, 14, 16, 18, 21, 23, 31, 32], maxlen=250000)}","{-1: deque([2, 13, 25], maxlen=250000), 1.5: deque([0], maxlen=250000), 1: deque([6, 12, 15, 17, 19], maxlen=250000)}"
1389,"{1: deque([3, 4, 5, 6, 8, 13, 14, 15, 18, 19, 23, 25, 28, 29, 30], maxlen=250000), 1.5: deque([0], maxlen=250000), -1: deque([7, 9, 11, 21, 22, 24, 27, 31, 32], maxlen=250000)}","{1: deque([1, 2, 16, 17, 26, 33], maxlen=250000), 1.5: deque([0], maxlen=250000), -1: deque([10, 12, 20], maxlen=250000)}"
1390,"{1: deque([1, 3, 5, 8, 15, 16, 19, 22, 24, 25, 26, 28, 29, 30, 31], maxlen=250000), 1.5: deque([0], maxlen=250000), -1: deque([9, 10, 11, 13, 14, 17, 18, 20, 23], maxlen=250000)}","{1: deque([2, 6, 12, 27, 32, 33], maxlen=250000), 1.5: deque([0], maxlen=250000), -1: deque([4, 7, 21], maxlen=250000)}"
1391,"{1: deque([1, 2, 3, 4, 5, 9, 11, 15, 16, 17, 18, 20, 21, 31, 32, 33], maxlen=250000), 1.5: deque([0], maxlen=250000), -1: deque([7, 8, 12, 13, 19, 23, 25, 26, 28], maxlen=250000)}","{1: deque([6, 14, 22, 29, 30], maxlen=250000), 1.5: deque([0], maxlen=250000), -1: deque([10, 24, 27], maxlen=250000)}"
1392,"{1: deque([1, 2, 5, 8, 9, 15, 19, 20, 21, 22, 23, 24, 25, 28, 29], maxlen=250000), 1.5: deque([0], maxlen=250000), -1: deque([6, 7, 10, 12, 16, 17, 18, 27, 32], maxlen=250000)}","{-1: deque([3, 13, 26], maxlen=250000), 1.5: deque([0], maxlen=250000), 1: deque([4, 11, 14, 30, 31, 33], maxlen=250000)}"
1393,"{1: deque([1, 2, 4, 5, 7, 9, 11, 12, 14, 20, 22, 23, 26, 27, 32], maxlen=250000), 1.5: deque([0], maxlen=250000), -1: deque([3, 6, 15, 16, 18, 21, 25, 29, 31], maxlen=250000)}","{1: deque([8, 13, 17, 24, 30, 33], maxlen=250000), 1.5: deque([0], maxlen=250000), -1: deque([10, 19, 28], maxlen=250000)}"
1394,"{1: deque([2, 6, 7, 8, 9, 11, 13, 16, 17, 18, 20, 24, 25, 26, 29, 33], maxlen=250000), 1.5: deque([0], maxlen=250000), -1: deque([3, 5, 14, 15, 19, 21, 22, 23, 30], maxlen=250000)}","{-1: deque([1, 10, 27], maxlen=250000), 1.5: deque([0], maxlen=250000), 1: deque([4, 12, 28, 31, 32], maxlen=250000)}"
1395,"{1: deque([1, 5, 6, 9, 10, 11, 12, 16, 17, 18, 21, 24, 27, 29, 30, 33], maxlen=250000), 1.5: deque([0], maxlen=250000), -1: deque([2, 3, 7, 13, 19, 20, 23, 26, 31], maxlen=250000)}","{1: deque([4, 8, 14, 28, 32], maxlen=250000), 1.5: deque([0], maxlen=250000), -1: deque([15, 22, 25], maxlen=250000)}"
1396,"{-1: deque([2, 4, 10, 12, 14, 16, 17, 21, 30], maxlen=250000), 1.5: deque([0], maxlen=250000), 1: deque([5, 6, 7, 8, 11, 13, 19, 20, 22, 23, 24, 26, 27, 29, 32], maxlen=250000)}","{-1: deque([1, 25, 28], maxlen=250000), 1.5: deque([0], maxlen=250000), 1: deque([3, 9, 15, 18, 31, 33], maxlen=250000)}"
1397,"{1: deque([1, 6, 8, 9, 11, 13, 14, 15, 16, 18, 22, 24, 25, 28, 30, 33], maxlen=250000), 1.5: deque([0], maxlen=250000), -1: deque([2, 3, 5, 7, 10, 19, 20, 29, 32], maxlen=250000)}","{1: deque([4, 12, 17, 27, 31], maxlen=250000), 1.5: deque([0], maxlen=250000), -1: deque([21, 23, 26], maxlen=250000)}"
1398,"{1: deque([1, 4, 6, 8, 10, 14, 17, 18, 20, 23, 24, 27, 28, 29, 32, 33], maxlen=250000), 1.5: deque([0], maxlen=250000), -1: deque([7, 9, 11, 12, 13, 15, 19, 22, 31], maxlen=250000)}","{1: deque([2, 3, 5, 16, 30], maxlen=250000), 1.5: deque([0], maxlen=250000), -1: deque([21, 25, 26], maxlen=250000)}"
1399,"{-1: deque([1, 8, 10, 14, 21, 25, 30, 31, 32], maxlen=250000), 1.5: deque([0], maxlen=250000), 1: deque([3, 4, 5, 11, 12, 13, 15, 16, 17, 18, 19, 22, 23, 27, 28], maxlen=250000)}","{-1: deque([2, 6, 29], maxlen=250000), 1.5: deque([0], maxlen=250000), 1: deque([7, 9, 20, 24, 26, 33], maxlen=250000)}"
1400,"{1: deque([2, 3, 4, 6, 9, 10, 14, 17, 18, 19, 21, 22, 25, 31, 32], maxlen=250000), 1.5: deque([0], maxlen=250000), -1: deque([11, 16, 20, 23, 26, 27, 28, 29, 30], maxlen=250000)}","{-1: deque([1, 5, 15], maxlen=250000), 1.5: deque([0], maxlen=250000), 1: deque([7, 8, 12, 13, 24, 33], maxlen=250000)}"
1401,"{1: deque([2, 4, 6, 11, 12, 13, 14, 15, 21, 22, 24, 25, 27, 31, 32, 33], maxlen=250000), 1.5: deque([0], maxlen=250000), -1: deque([3, 5, 8, 9, 10, 16, 23, 29, 30], maxlen=250000)}","{1: deque([1, 7, 17, 20, 28], maxlen=250000), 1.5: deque([0], maxlen=250000), -1: deque([18, 19, 26], maxlen=250000)}"
1402,"{1: deque([2, 4, 6, 9, 11, 12, 13, 14, 16, 21, 24, 29, 30, 31, 32], maxlen=250000), 1.5: deque([0], maxlen=250000), -1: deque([5, 8, 10, 18, 19, 22, 23, 27, 28], maxlen=250000)}","{1: deque([1, 3, 17, 20, 25, 33], maxlen=250000), 1.5: deque([0], maxlen=250000), -1: deque([7, 15, 26], maxlen=250000)}"
1403,"{1: deque([1, 3, 4, 6, 7, 10, 13, 15, 16, 23, 24, 26, 27, 30, 31, 33], maxlen=250000), 1.5: deque([0], maxlen=250000), -1: deque([5, 9, 11, 14, 17, 21, 22, 25, 32], maxlen=250000)}","{-1: deque([2, 8, 19], maxlen=250000), 1.5: deque([0], maxlen=250000), 1: deque([12, 18, 20, 28, 29], maxlen=250000)}"
1404,"{1: deque([1, 2, 5, 6, 8, 9, 10, 11, 12, 13, 14, 20, 21, 24, 25], maxlen=250000), 1.5: deque([0], maxlen=250000), -1: deque([7, 15, 19, 22, 26, 28, 29, 30, 32], maxlen=250000)}","{1: deque([3, 18, 23, 27, 31, 33], maxlen=250000), 1.5: deque([0], maxlen=250000), -1: deque([4, 16, 17], maxlen=250000)}"
1405,"{1: deque([1, 2, 6, 8, 10, 12, 13, 14, 18, 21, 22, 23, 27, 28, 29, 33], maxlen=250000), 1.5: deque([0], maxlen=250000), -1: deque([3, 9, 11, 15, 17, 19, 26, 30, 31], maxlen=250000)}","{1: deque([4, 7, 16, 20, 24], maxlen=250000), 1.5: deque([0], maxlen=250000), -1: deque([5, 25, 32], maxlen=250000)}"
1406,"{-1: deque([2, 5, 9, 11, 12, 19, 20, 21, 24], maxlen=250000), 1.5: deque([0], maxlen=250000), 1: deque([3, 4, 7, 10, 14, 15, 16, 17, 18, 22, 23, 26, 28, 30, 32], maxlen=250000)}","{1: deque([1, 6, 8, 25, 31, 33], maxlen=250000), 1.5: deque([0], maxlen=250000), -1: deque([13, 27, 29], maxlen=250000)}"
1407,"{1: deque([2, 3, 9, 11, 12, 13, 15, 16, 20, 26, 27, 28, 29, 30, 32], maxlen=250000), 1.5: deque([0], maxlen=250000), -1: deque([4, 6, 7, 8, 14, 17, 19, 21, 23], maxlen=250000)}","{1: deque([1, 10, 18, 22, 24, 33], maxlen=250000), 1.5: deque([0], maxlen=250000), -1: deque([5, 25, 31], maxlen=250000)}"
1408,"{-1: deque([1, 4, 5, 7, 13, 15, 26, 28, 30], maxlen=250000), 1.5: deque([0], maxlen=250000), 1: deque([2, 3, 6, 9, 11, 14, 17, 19, 20, 21, 24, 25, 27, 31, 32, 33], maxlen=250000)}","{-1: deque([8, 18, 29], maxlen=250000), 1.5: deque([0], maxlen=250000), 1: deque([10, 12, 16, 22, 23], maxlen=250000)}"
1409,"{-1: deque([2, 4, 9, 13, 22, 24, 27, 28, 31], maxlen=250000), 1.5: deque([0], maxlen=250000), 1: deque([3, 5, 8, 11, 15, 16, 18, 19, 20, 21, 23, 25, 29, 30, 32], maxlen=250000)}","{1: deque([1, 7, 12, 14, 17, 33], maxlen=250000), 1.5: deque([0], maxlen=250000), -1: deque([6, 10, 26], maxlen=250000)}"
1410,"{-1: deque([3, 5, 7, 11, 17, 19, 20, 23, 28], maxlen=250000), 1.5: deque([0], maxlen=250000), 1: deque([4, 6, 8, 9, 13, 14, 15, 16, 18, 21, 22, 24, 26, 27, 31], maxlen=250000)}","{-1: deque([1, 10, 12], maxlen=250000), 1.5: deque([0], maxlen=250000), 1: deque([2, 25, 29, 30, 32, 33], maxlen=250000)}"
1411,"{1: deque([1, 2, 4, 5, 8, 9, 10, 14, 16, 19, 21, 22, 28, 30, 32], maxlen=250000), 1.5: deque([0], maxlen=250000), -1: deque([6, 7, 11, 12, 18, 20, 24, 25, 29], maxlen=250000)}","{1: deque([3, 15, 23, 26, 31, 33], maxlen=250000), 1.5: deque([0], maxlen=250000), -1: deque([13, 17, 27], maxlen=250000)}"
1412,"{-1: deque([1, 5, 6, 12, 22, 23, 29, 30, 32], maxlen=250000), 1.5: deque([0], maxlen=250000), 1: deque([2, 3, 4, 8, 9, 13, 14, 15, 16, 17, 18, 21, 24, 26, 28], maxlen=250000)}","{1: deque([7, 10, 11, 27, 31, 33], maxlen=250000), 1.5: deque([0], maxlen=250000), -1: deque([19, 20, 25], maxlen=250000)}"
1413,"{-1: deque([3, 5, 12, 14, 16, 20, 21, 23, 30], maxlen=250000), 1.5: deque([0], maxlen=250000), 1: deque([4, 6, 7, 8, 9, 13, 15, 17, 18, 24, 25, 27, 28, 29, 32], maxlen=250000)}","{1: deque([1, 10, 11, 26, 31, 33], maxlen=250000), 1.5: deque([0], maxlen=250000), -1: deque([2, 19, 22], maxlen=250000)}"
1414,"{1: deque([1, 5, 6, 8, 9, 10, 11, 13, 15, 16, 19, 26, 27, 29, 32], maxlen=250000), 1.5: deque([0], maxlen=250000), -1: deque([3, 7, 12, 14, 21, 22, 24, 25, 31], maxlen=250000)}","{1: deque([2, 18, 20, 23, 28, 33], maxlen=250000), 1.5: deque([0], maxlen=250000), -1: deque([4, 17, 30], maxlen=250000)}"
1415,"{1: deque([1, 2, 3, 4, 8, 11, 13, 15, 19, 24, 26, 28, 29, 30, 31, 33], maxlen=250000), 1.5: deque([0], maxlen=250000), -1: deque([10, 18, 20, 21, 22, 23, 25, 27, 32], maxlen=250000)}","{-1: deque([5, 6, 16], maxlen=250000), 1.5: deque([0], maxlen=250000), 1: deque([7, 9, 12, 14, 17], maxlen=250000)}"
1416,"{1: deque([2, 5, 6, 8, 13, 14, 15, 20, 21, 22, 23, 24, 27, 28, 29, 33], maxlen=250000), 1.5: deque([0], maxlen=250000), -1: deque([3, 7, 10, 11, 16, 17, 18, 25, 31], maxlen=250000)}","{-1: deque([1, 9, 19], maxlen=250000), 1.5: deque([0], maxlen=250000), 1: deque([4, 12, 26, 30, 32], maxlen=250000)}"
1417,"{-1: deque([1, 6, 11, 12, 14, 23, 24, 25, 30], maxlen=250000), 1.5: deque([0], maxlen=250000), 1: deque([2, 4, 7, 8, 9, 10, 13, 15, 16, 18, 22, 26, 27, 28, 29, 33], maxlen=250000)}","{-1: deque([3, 20, 32], maxlen=250000), 1.5: deque([0], maxlen=250000), 1: deque([5, 17, 19, 21, 31], maxlen=250000)}"
1418,"{-1: deque([1, 5, 6, 8, 14, 16, 19, 22, 24], maxlen=250000), 1.5: deque([0], maxlen=250000), 1: deque([4, 9, 10, 12, 15, 17, 18, 20, 21, 25, 27, 28, 29, 30, 31, 33], maxlen=250000)}","{-1: deque([2, 3, 26], maxlen=250000), 1.5: deque([0], maxlen=250000), 1: deque([7, 11, 13, 23, 32], maxlen=250000)}"
1419,"{-1: deque([2, 6, 8, 15, 16, 24, 27, 28, 31], maxlen=250000), 1.5: deque([0], maxlen=250000), 1: deque([7, 9, 10, 11, 12, 13, 17, 18, 19, 20, 22, 25, 26, 29, 32], maxlen=250000)}","{1: deque([1, 3, 5, 21, 23, 33], maxlen=250000), 1.5: deque([0], maxlen=250000), -1: deque([4, 14, 30], maxlen=250000)}"
1420,"{1: deque([1, 3, 5, 8, 11, 12, 13, 15, 16, 18, 21, 23, 25, 28, 31, 33], maxlen=250000), 1.5: deque([0], maxlen=250000), -1: deque([2, 7, 9, 17, 20, 22, 24, 27, 29], maxlen=250000)}","{1: deque([4, 6, 14, 19, 26], maxlen=250000), 1.5: deque([0], maxlen=250000), -1: deque([10, 30, 32], maxlen=250000)}"
1421,"{1: deque([1, 2, 3, 4, 7, 9, 12, 14, 15, 16, 18, 20, 21, 26, 28, 33], maxlen=250000), 1.5: deque([0], maxlen=250000), -1: deque([6, 8, 10, 17, 22, 23, 27, 30, 32], maxlen=250000)}","{1: deque([5, 11, 25, 29, 31], maxlen=250000), 1.5: deque([0], maxlen=250000), -1: deque([13, 19, 24], maxlen=250000)}"
1422,"{1: deque([2, 3, 4, 6, 8, 10, 11, 17, 19, 26, 27, 28, 29, 30, 31], maxlen=250000), 1.5: deque([0], maxlen=250000), -1: deque([5, 7, 9, 15, 16, 21, 22, 24, 25], maxlen=250000)}","{1: deque([1, 13, 18, 20, 23, 33], maxlen=250000), 1.5: deque([0], maxlen=250000), -1: deque([12, 14, 32], maxlen=250000)}"
1423,"{1: deque([1, 2, 6, 9, 15, 16, 17, 19, 20, 21, 22, 24, 25, 29, 31, 33], maxlen=250000), 1.5: deque([0], maxlen=250000), -1: deque([7, 8, 10, 13, 18, 23, 26, 27, 32], maxlen=250000)}","{1: deque([3, 4, 5, 11, 30], maxlen=250000), 1.5: deque([0], maxlen=250000), -1: deque([12, 14, 28], maxlen=250000)}"
1424,"{1: deque([1, 2, 5, 6, 8, 9, 10, 12, 14, 15, 16, 20, 23, 25, 26], maxlen=250000), 1.5: deque([0], maxlen=250000), -1: deque([13, 18, 19, 22, 24, 28, 29, 30, 32], maxlen=250000)}","{1: deque([3, 11, 17, 21, 31, 33], maxlen=250000), 1.5: deque([0], maxlen=250000), -1: deque([4, 7, 27], maxlen=250000)}"
1425,"{1: deque([1, 2, 3, 4, 6, 8, 12, 14, 15, 16, 21, 25, 26, 27, 32, 33], maxlen=250000), 1.5: deque([0], maxlen=250000), -1: deque([5, 10, 11, 17, 20, 23, 24, 28, 30], maxlen=250000)}","{1: deque([7, 9, 19, 22, 31], maxlen=250000), 1.5: deque([0], maxlen=250000), -1: deque([13, 18, 29], maxlen=250000)}"
1426,"{1: deque([1, 2, 3, 5, 7, 9, 16, 17, 19, 21, 22, 23, 26, 27, 31], maxlen=250000), 1.5: deque([0], maxlen=250000), -1: deque([4, 10, 11, 12, 18, 20, 28, 29, 30], maxlen=250000)}","{-1: deque([6, 8, 13], maxlen=250000), 1.5: deque([0], maxlen=250000), 1: deque([14, 15, 24, 25, 32, 33], maxlen=250000)}"
1427,"{1: deque([1, 2, 3, 4, 5, 7, 8, 10, 11, 12, 13, 22, 24, 26, 28, 33], maxlen=250000), 1.5: deque([0], maxlen=250000), -1: deque([9, 15, 17, 18, 19, 20, 21, 31, 32], maxlen=250000)}","{1: deque([6, 23, 25, 27, 30], maxlen=250000), 1.5: deque([0], maxlen=250000), -1: deque([14, 16, 29], maxlen=250000)}"
1428,"{1: deque([1, 2, 3, 6, 7, 12, 14, 15, 16, 19, 20, 24, 28, 30, 31], maxlen=250000), 1.5: deque([0], maxlen=250000), -1: deque([8, 10, 11, 13, 17, 22, 23, 25, 32], maxlen=250000)}","{-1: deque([4, 26, 29], maxlen=250000), 1.5: deque([0], maxlen=250000), 1: deque([5, 9, 18, 21, 27, 33], maxlen=250000)}"
1429,"{1: deque([1, 3, 4, 6, 8, 9, 16, 18, 19, 20, 25, 26, 28, 31, 32, 33], maxlen=250000), 1.5: deque([0], maxlen=250000), -1: deque([2, 7, 10, 15, 21, 24, 27, 29, 30], maxlen=250000)}","{1: deque([5, 11, 12, 13, 14], maxlen=250000), 1.5: deque([0], maxlen=250000), -1: deque([17, 22, 23], maxlen=250000)}"
1430,"{1: deque([1, 2, 3, 6, 11, 12, 14, 16, 20, 22, 23, 24, 26, 27, 28, 33], maxlen=250000), 1.5: deque([0], maxlen=250000), -1: deque([4, 5, 8, 10, 13, 15, 18, 30, 32], maxlen=250000)}","{1: deque([7, 17, 19, 21, 25], maxlen=250000), 1.5: deque([0], maxlen=250000), -1: deque([9, 29, 31], maxlen=250000)}"
1431,"{1: deque([1, 3, 8, 9, 10, 14, 17, 18, 21, 22, 24, 27, 29, 31, 32, 33], maxlen=250000), 1.5: deque([0], maxlen=250000), -1: deque([2, 4, 6, 11, 12, 13, 23, 26, 28], maxlen=250000)}","{-1: deque([5, 15, 30], maxlen=250000), 1.5: deque([0], maxlen=250000), 1: deque([7, 16, 19, 20, 25], maxlen=250000)}"
1432,"{1: deque([1, 4, 5, 8, 12, 13, 19, 20, 21, 26, 28, 29, 30, 31, 32, 33], maxlen=250000), 1.5: deque([0], maxlen=250000), -1: deque([6, 9, 14, 16, 18, 22, 23, 24, 25], maxlen=250000)}","{1: deque([2, 3, 10, 11, 17], maxlen=250000), 1.5: deque([0], maxlen=250000), -1: deque([7, 15, 27], maxlen=250000)}"
1433,"{1: deque([2, 3, 4, 9, 11, 17, 18, 20, 22, 25, 26, 27, 28, 30, 32, 33], maxlen=250000), 1.5: deque([0], maxlen=250000), -1: deque([8, 12, 13, 14, 15, 16, 23, 24, 29], maxlen=250000)}","{-1: deque([1, 7, 10], maxlen=250000), 1.5: deque([0], maxlen=250000), 1: deque([5, 6, 19, 21, 31], maxlen=250000)}"
1434,"{1: deque([1, 2, 3, 7, 8, 13, 15, 20, 21, 22, 23, 25, 27, 28, 30], maxlen=250000), 1.5: deque([0], maxlen=250000), -1: deque([10, 11, 14, 16, 17, 19, 26, 29, 32], maxlen=250000)}","{1: deque([4, 5, 6, 9, 31, 33], maxlen=250000), 1.5: deque([0], maxlen=250000), -1: deque([12, 18, 24], maxlen=250000)}"
1435,"{-1: deque([1, 7, 9, 12, 13, 16, 18, 19, 27], maxlen=250000), 1.5: deque([0], maxlen=250000), 1: deque([2, 3, 8, 10, 17, 20, 21, 22, 23, 24, 25, 26, 28, 30, 31], maxlen=250000)}","{-1: deque([4, 5, 6], maxlen=250000), 1.5: deque([0], maxlen=250000), 1: deque([11, 14, 15, 29, 32, 33], maxlen=250000)}"
1436,"{1: deque([1, 2, 3, 4, 5, 6, 13, 15, 16, 20, 21, 22, 23, 27, 31, 33], maxlen=250000), 1.5: deque([0], maxlen=250000), -1: deque([8, 11, 12, 14, 17, 18, 26, 29, 30], maxlen=250000)}","{1: deque([7, 10, 19, 25, 32], maxlen=250000), 1.5: deque([0], maxlen=250000), -1: deque([9, 24, 28], maxlen=250000)}"
1437,"{1: deque([1, 4, 5, 6, 8, 9, 13, 14, 16, 17, 22, 23, 26, 29, 30], maxlen=250000), 1.5: deque([0], maxlen=250000), -1: deque([2, 7, 10, 11, 19, 21, 24, 25, 28], maxlen=250000)}","{1: deque([3, 15, 27, 31, 32, 33], maxlen=250000), 1.5: deque([0], maxlen=250000), -1: deque([12, 18, 20], maxlen=250000)}"
1438,"{1: deque([1, 7, 9, 10, 15, 16, 18, 20, 21, 22, 23, 25, 27, 29, 30], maxlen=250000), 1.5: deque([0], maxlen=250000), -1: deque([3, 11, 12, 13, 17, 19, 24, 31, 32], maxlen=250000)}","{1: deque([2, 4, 8, 26, 28, 33], maxlen=250000), 1.5: deque([0], maxlen=250000), -1: deque([5, 6, 14], maxlen=250000)}"
1439,"{-1: deque([1, 2, 11, 18, 24, 27, 28, 29, 30], maxlen=250000), 1.5: deque([0], maxlen=250000), 1: deque([3, 4, 5, 6, 9, 12, 13, 15, 16, 19, 20, 22, 23, 25, 32, 33], maxlen=250000)}","{-1: deque([7, 8, 14], maxlen=250000), 1.5: deque([0], maxlen=250000), 1: deque([10, 17, 21, 26, 31], maxlen=250000)}"
1440,"{-1: deque([1, 4, 6, 10, 13, 15, 26, 30, 32], maxlen=250000), 1.5: deque([0], maxlen=250000), 1: deque([2, 3, 5, 8, 9, 11, 12, 14, 16, 17, 18, 22, 23, 25, 29, 33], maxlen=250000)}","{1: deque([7, 20, 24, 27, 31], maxlen=250000), 1.5: deque([0], maxlen=250000), -1: deque([19, 21, 28], maxlen=250000)}"
1441,"{-1: deque([1, 2, 5, 6, 9, 15, 20, 29, 32], maxlen=250000), 1.5: deque([0], maxlen=250000), 1: deque([3, 4, 7, 10, 11, 12, 13, 16, 17, 18, 19, 26, 27, 30, 31, 33], maxlen=250000)}","{-1: deque([8, 24, 25], maxlen=250000), 1.5: deque([0], maxlen=250000), 1: deque([14, 21, 22, 23, 28], maxlen=250000)}"
1442,"{1: deque([1, 2, 5, 6, 10, 11, 13, 17, 22, 24, 25, 26, 27, 30, 32, 33], maxlen=250000), 1.5: deque([0], maxlen=250000), -1: deque([3, 8, 15, 16, 18, 23, 28, 29, 31], maxlen=250000)}","{1: deque([4, 9, 19, 20, 21], maxlen=250000), 1.5: deque([0], maxlen=250000), -1: deque([7, 12, 14], maxlen=250000)}"
1443,"{1: deque([1, 5, 6, 7, 8, 10, 11, 12, 14, 17, 21, 23, 28, 30, 32], maxlen=250000), 1.5: deque([0], maxlen=250000), -1: deque([2, 3, 9, 13, 15, 20, 24, 26, 27], maxlen=250000)}","{-1: deque([4, 18, 22], maxlen=250000), 1.5: deque([0], maxlen=250000), 1: deque([16, 19, 25, 29, 31, 33], maxlen=250000)}"
1444,"{1: deque([1, 2, 5, 9, 15, 17, 18, 21, 22, 27, 28, 29, 30, 31, 32, 33], maxlen=250000), 1.5: deque([0], maxlen=250000), -1: deque([3, 6, 7, 8, 12, 14, 16, 20, 23], maxlen=250000)}","{-1: deque([4, 19, 25], maxlen=250000), 1.5: deque([0], maxlen=250000), 1: deque([10, 11, 13, 24, 26], maxlen=250000)}"
1445,"{-1: deque([1, 11, 14, 15, 24, 25, 27, 29, 32], maxlen=250000), 1.5: deque([0], maxlen=250000), 1: deque([2, 3, 5, 6, 8, 9, 10, 12, 13, 18, 21, 22, 23, 26, 28, 33], maxlen=250000)}","{-1: deque([4, 20, 31], maxlen=250000), 1.5: deque([0], maxlen=250000), 1: deque([7, 16, 17, 19, 30], maxlen=250000)}"
1446,"{1: deque([1, 2, 6, 9, 10, 11, 14, 21, 22, 23, 24, 25, 29, 31, 32], maxlen=250000), 1.5: deque([0], maxlen=250000), -1: deque([3, 5, 13, 15, 16, 17, 19, 26, 28], maxlen=250000)}","{1: deque([4, 7, 12, 27, 30, 33], maxlen=250000), 1.5: deque([0], maxlen=250000), -1: deque([8, 18, 20], maxlen=250000)}"
1447,"{1: deque([2, 6, 7, 9, 14, 15, 16, 18, 19, 23, 24, 25, 29, 30, 31], maxlen=250000), 1.5: deque([0], maxlen=250000), -1: deque([3, 4, 5, 8, 10, 17, 26, 27, 32], maxlen=250000)}","{-1: deque([1, 11, 12], maxlen=250000), 1.5: deque([0], maxlen=250000), 1: deque([13, 20, 21, 22, 28, 33], maxlen=250000)}"
1448,"{-1: deque([1, 3, 4, 6, 7, 10, 13, 15, 24], maxlen=250000), 1.5: deque([0], maxlen=250000), 1: deque([2, 5, 9, 11, 12, 14, 17, 19, 22, 23, 27, 28, 29, 31, 32, 33], maxlen=250000)}","{-1: deque([8, 16, 18], maxlen=250000), 1.5: deque([0], maxlen=250000), 1: deque([20, 21, 25, 26, 30], maxlen=250000)}"
1449,"{1: deque([2, 4, 8, 12, 16, 18, 19, 20, 23, 25, 26, 27, 30, 31, 32], maxlen=250000), 1.5: deque([0], maxlen=250000), -1: deque([6, 7, 10, 11, 13, 14, 17, 28, 29], maxlen=250000)}","{1: deque([1, 15, 21, 22, 24, 33], maxlen=250000), 1.5: deque([0], maxlen=250000), -1: deque([3, 5, 9], maxlen=250000)}"
1450,"{-1: deque([2, 3, 5, 7, 8, 15, 22, 30, 31], maxlen=250000), 1.5: deque([0], maxlen=250000), 1: deque([4, 6, 9, 10, 12, 16, 18, 19, 20, 21, 23, 24, 26, 28, 32], maxlen=250000)}","{-1: deque([1, 11, 14], maxlen=250000), 1.5: deque([0], maxlen=250000), 1: deque([13, 17, 25, 27, 29, 33], maxlen=250000)}"
1451,"{-1: deque([3, 4, 5, 6, 8, 13, 23, 27, 31], maxlen=250000), 1.5: deque([0], maxlen=250000), 1: deque([7, 9, 11, 12, 14, 15, 16, 17, 18, 19, 21, 22, 24, 29, 30], maxlen=250000)}","{-1: deque([1, 10, 26], maxlen=250000), 1.5: deque([0], maxlen=250000), 1: deque([2, 20, 25, 28, 32, 33], maxlen=250000)}"
1452,"{-1: deque([2, 10, 13, 16, 20, 24, 27, 28, 30], maxlen=250000), 1.5: deque([0], maxlen=250000), 1: deque([3, 4, 5, 6, 7, 8, 9, 11, 12, 14, 18, 21, 29, 31, 32], maxlen=250000)}","{-1: deque([1, 19, 26], maxlen=250000), 1.5: deque([0], maxlen=250000), 1: deque([15, 17, 22, 23, 25, 33], maxlen=250000)}"
1453,"{1: deque([1, 3, 4, 5, 7, 13, 14, 15, 18, 19, 22, 25, 28, 31, 32], maxlen=250000), 1.5: deque([0], maxlen=250000), -1: deque([2, 11, 17, 20, 21, 24, 26, 27, 29], maxlen=250000)}","{-1: deque([6, 16, 30], maxlen=250000), 1.5: deque([0], maxlen=250000), 1: deque([8, 9, 10, 12, 23, 33], maxlen=250000)}"
1454,"{1: deque([1, 2, 4, 7, 11, 13, 18, 19, 21, 25, 26, 28, 29, 30, 31], maxlen=250000), 1.5: deque([0], maxlen=250000), -1: deque([3, 6, 9, 14, 15, 17, 20, 23, 27], maxlen=250000)}","{1: deque([5, 8, 12, 22, 24, 33], maxlen=250000), 1.5: deque([0], maxlen=250000), -1: deque([10, 16, 32], maxlen=250000)}"
1455,"{-1: deque([1, 4, 5, 17, 26, 28, 29, 31, 32], maxlen=250000), 1.5: deque([0], maxlen=250000), 1: deque([2, 3, 6, 8, 9, 10, 12, 13, 16, 18, 20, 21, 22, 23, 30, 33], maxlen=250000)}","{1: deque([7, 14, 15, 24, 25], maxlen=250000), 1.5: deque([0], maxlen=250000), -1: deque([11, 19, 27], maxlen=250000)}"
1456,"{1: deque([1, 2, 5, 8, 10, 15, 18, 19, 20, 25, 26, 27, 28, 30, 32], maxlen=250000), 1.5: deque([0], maxlen=250000), -1: deque([3, 4, 6, 9, 13, 17, 21, 23, 24], maxlen=250000)}","{1: deque([7, 14, 16, 22, 31, 33], maxlen=250000), 1.5: deque([0], maxlen=250000), -1: deque([11, 12, 29], maxlen=250000)}"
1457,"{1: deque([1, 3, 4, 5, 6, 8, 10, 11, 14, 15, 22, 23, 27, 28, 31], maxlen=250000), 1.5: deque([0], maxlen=250000), -1: deque([7, 12, 13, 19, 20, 21, 29, 30, 32], maxlen=250000)}","{1: deque([2, 9, 24, 25, 26, 33], maxlen=250000), 1.5: deque([0], maxlen=250000), -1: deque([16, 17, 18], maxlen=250000)}"
1458,"{1: deque([1, 2, 3, 5, 8, 10, 11, 17, 21, 22, 23, 24, 27, 29, 31, 33], maxlen=250000), 1.5: deque([0], maxlen=250000), -1: deque([9, 12, 13, 14, 15, 16, 19, 26, 28], maxlen=250000)}","{1: deque([4, 7, 20, 25, 30], maxlen=250000), 1.5: deque([0], maxlen=250000), -1: deque([6, 18, 32], maxlen=250000)}"
1459,"{1: deque([1, 4, 5, 7, 8, 12, 13, 15, 17, 20, 21, 22, 26, 29, 30], maxlen=250000), 1.5: deque([0], maxlen=250000), -1: deque([2, 10, 16, 18, 24, 25, 27, 31, 32], maxlen=250000)}","{-1: deque([3, 14, 28], maxlen=250000), 1.5: deque([0], maxlen=250000), 1: deque([6, 9, 11, 19, 23, 33], maxlen=250000)}"
1460,"{-1: deque([1, 2, 4, 7, 13, 17, 26, 27, 31], maxlen=250000), 1.5: deque([0], maxlen=250000), 1: deque([5, 6, 8, 10, 11, 14, 15, 19, 20, 21, 22, 23, 25, 28, 32, 33], maxlen=250000)}","{1: deque([3, 9, 18, 24, 29], maxlen=250000), 1.5: deque([0], maxlen=250000), -1: deque([12, 16, 30], maxlen=250000)}"
1461,"{1: deque([1, 2, 4, 5, 6, 8, 11, 15, 18, 19, 20, 21, 24, 29, 32], maxlen=250000), 1.5: deque([0], maxlen=250000), -1: deque([3, 7, 13, 14, 22, 23, 26, 27, 30], maxlen=250000)}","{1: deque([9, 12, 17, 25, 28, 33], maxlen=250000), 1.5: deque([0], maxlen=250000), -1: deque([10, 16, 31], maxlen=250000)}"
1462,"{1: deque([2, 3, 4, 7, 8, 15, 16, 19, 20, 21, 22, 24, 25, 29, 32, 33], maxlen=250000), 1.5: deque([0], maxlen=250000), -1: deque([5, 9, 10, 11, 13, 17, 26, 28, 30], maxlen=250000)}","{1: deque([1, 12, 18, 27, 31], maxlen=250000), 1.5: deque([0], maxlen=250000), -1: deque([6, 14, 23], maxlen=250000)}"
1463,"{-1: deque([1, 3, 6, 7, 19, 26, 28, 30, 31], maxlen=250000), 1.5: deque([0], maxlen=250000), 1: deque([2, 4, 8, 9, 10, 11, 13, 14, 15, 16, 17, 23, 27, 29, 32, 33], maxlen=250000)}","{-1: deque([5, 12, 22], maxlen=250000), 1.5: deque([0], maxlen=250000), 1: deque([18, 20, 21, 24, 25], maxlen=250000)}"
1464,"{1: deque([1, 3, 4, 5, 6, 7, 9, 10, 11, 14, 15, 19, 20, 23, 27, 28, 31, 32], maxlen=250000), 1.5: deque([0], maxlen=250000), -1: deque([12, 13, 17, 18, 21, 22], maxlen=250000)}","{-1: deque([2, 8], maxlen=250000), 1.5: deque([0], maxlen=250000), 1: deque([16, 24, 25, 26, 29, 30, 33], maxlen=250000)}"
1465,"{1: deque([1, 2, 3, 4, 5, 6, 7, 8, 11, 15, 16, 18, 20, 22, 25, 27, 28, 31, 33], maxlen=250000), 1.5: deque([0], maxlen=250000), -1: deque([14, 17, 21, 23, 24, 32], maxlen=250000)}","{1: deque([9, 10, 12, 13, 26, 29], maxlen=250000), 1.5: deque([0], maxlen=250000), -1: deque([19, 30], maxlen=250000)}"
1466,"{-1: deque([2, 4, 7, 17, 20, 32], maxlen=250000), 1.5: deque([0], maxlen=250000), 1: deque([3, 5, 8, 9, 10, 11, 12, 14, 15, 16, 18, 19, 21, 22, 24, 28, 29, 31], maxlen=250000)}","{1: deque([1, 6, 13, 23, 27, 30, 33], maxlen=250000), 1.5: deque([0], maxlen=250000), -1: deque([25, 26], maxlen=250000)}"
1467,"{1: deque([1, 2, 3, 7, 8, 9, 10, 14, 18, 20, 21, 22, 23, 24, 25, 28, 30, 31, 33], maxlen=250000), 1.5: deque([0], maxlen=250000), -1: deque([13, 16, 17, 19, 29, 32], maxlen=250000)}","{1: deque([4, 5, 6, 11, 12, 15], maxlen=250000), 1.5: deque([0], maxlen=250000), -1: deque([26, 27], maxlen=250000)}"
1468,"{1: deque([1, 2, 3, 5, 6, 7, 8, 9, 11, 13, 15, 17, 18, 23, 24, 28, 31, 32], maxlen=250000), 1.5: deque([0], maxlen=250000), -1: deque([12, 16, 20, 21, 26, 30], maxlen=250000)}","{1: deque([4, 10, 14, 19, 27, 29, 33], maxlen=250000), 1.5: deque([0], maxlen=250000), -1: deque([22, 25], maxlen=250000)}"
1469,"{1: deque([1, 3, 4, 5, 9, 10, 11, 13, 16, 18, 19, 20, 22, 26, 28, 29, 30, 31], maxlen=250000), 1.5: deque([0], maxlen=250000), -1: deque([14, 15, 23, 24, 25, 32], maxlen=250000)}","{1: deque([2, 7, 8, 12, 17, 27, 33], maxlen=250000), 1.5: deque([0], maxlen=250000), -1: deque([6, 21], maxlen=250000)}"
1470,"{1: deque([2, 3, 7, 8, 12, 14, 17, 18, 19, 21, 22, 23, 25, 26, 27, 29, 30, 32], maxlen=250000), 1.5: deque([0], maxlen=250000), -1: deque([4, 5, 9, 24, 28, 31], maxlen=250000)}","{1: deque([1, 11, 13, 15, 16, 20, 33], maxlen=250000), 1.5: deque([0], maxlen=250000), -1: deque([6, 10], maxlen=250000)}"
1471,"{-1: deque([1, 8, 14, 22, 28, 30], maxlen=250000), 1.5: deque([0], maxlen=250000), 1: deque([2, 3, 4, 6, 7, 9, 10, 11, 12, 15, 18, 19, 21, 24, 25, 26, 27, 31], maxlen=250000)}","{-1: deque([5, 16], maxlen=250000), 1.5: deque([0], maxlen=250000), 1: deque([13, 17, 20, 23, 29, 32, 33], maxlen=250000)}"
1472,"{-1: deque([1, 2, 14, 16, 27, 28], maxlen=250000), 1.5: deque([0], maxlen=250000), 1: deque([3, 4, 6, 7, 9, 10, 13, 17, 19, 20, 22, 23, 24, 25, 26, 29, 31, 32, 33], maxlen=250000)}","{1: deque([5, 11, 12, 15, 18, 21], maxlen=250000), 1.5: deque([0], maxlen=250000), -1: deque([8, 30], maxlen=250000)}"
1473,"{-1: deque([1, 2, 9, 13, 17, 22], maxlen=250000), 1.5: deque([0], maxlen=250000), 1: deque([3, 5, 8, 10, 11, 12, 18, 19, 20, 23, 24, 25, 26, 27, 29, 30, 31, 32, 33], maxlen=250000)}","{1: deque([4, 6, 14, 15, 16, 21], maxlen=250000), 1.5: deque([0], maxlen=250000), -1: deque([7, 28], maxlen=250000)}"
1474,"{-1: deque([2, 4, 16, 24, 28, 32], maxlen=250000), 1.5: deque([0], maxlen=250000), 1: deque([5, 6, 7, 8, 9, 12, 14, 15, 17, 18, 19, 21, 22, 23, 27, 29, 30, 31], maxlen=250000)}","{1: deque([1, 3, 10, 11, 20, 25, 33], maxlen=250000), 1.5: deque([0], maxlen=250000), -1: deque([13, 26], maxlen=250000)}"
1475,"{-1: deque([1, 7, 11, 12, 18, 20], maxlen=250000), 1.5: deque([0], maxlen=250000), 1: deque([2, 3, 5, 6, 8, 9, 10, 14, 16, 17, 21, 23, 24, 25, 28, 29, 31, 32], maxlen=250000)}","{1: deque([4, 13, 15, 19, 26, 30, 33], maxlen=250000), 1.5: deque([0], maxlen=250000), -1: deque([22, 27], maxlen=250000)}"
1476,"{1: deque([1, 3, 4, 5, 6, 7, 10, 12, 15, 16, 18, 20, 22, 23, 25, 26, 30, 32], maxlen=250000), 1.5: deque([0], maxlen=250000), -1: deque([2, 9, 13, 19, 28, 31], maxlen=250000)}","{-1: deque([8, 11], maxlen=250000), 1.5: deque([0], maxlen=250000), 1: deque([14, 17, 21, 24, 27, 29, 33], maxlen=250000)}"
1477,"{1: deque([1, 3, 5, 6, 7, 9, 14, 17, 19, 20, 21, 22, 25, 26, 27, 28, 29, 31], maxlen=250000), 1.5: deque([0], maxlen=250000), -1: deque([2, 10, 12, 13, 16, 24], maxlen=250000)}","{-1: deque([4, 8], maxlen=250000), 1.5: deque([0], maxlen=250000), 1: deque([11, 15, 18, 23, 30, 32, 33], maxlen=250000)}"
1478,"{1: deque([1, 5, 7, 8, 13, 15, 17, 20, 21, 22, 24, 25, 26, 27, 28, 29, 30, 32, 33], maxlen=250000), 1.5: deque([0], maxlen=250000), -1: deque([6, 9, 16, 18, 23, 31], maxlen=250000)}","{1: deque([2, 3, 10, 11, 12, 14], maxlen=250000), 1.5: deque([0], maxlen=250000), -1: deque([4, 19], maxlen=250000)}"
1479,"{1: deque([1, 2, 5, 8, 9, 11, 12, 13, 15, 17, 18, 20, 22, 23, 26, 27, 30, 31, 33], maxlen=250000), 1.5: deque([0], maxlen=250000), -1: deque([3, 10, 21, 25, 29, 32], maxlen=250000)}","{-1: deque([4, 14], maxlen=250000), 1.5: deque([0], maxlen=250000), 1: deque([6, 7, 16, 19, 24, 28], maxlen=250000)}"
1480,"{1: deque([1, 3, 4, 5, 6, 7, 8, 10, 13, 14, 15, 17, 18, 19, 20, 21, 23, 24], maxlen=250000), 1.5: deque([0], maxlen=250000), -1: deque([16, 22, 26, 27, 29, 30], maxlen=250000)}","{-1: deque([2, 9], maxlen=250000), 1.5: deque([0], maxlen=250000), 1: deque([11, 12, 25, 28, 31, 32, 33], maxlen=250000)}"
1481,"{1: deque([1, 3, 5, 7, 8, 12, 15, 16, 17, 18, 20, 23, 24, 26, 27, 29, 30, 32, 33], maxlen=250000), 1.5: deque([0], maxlen=250000), -1: deque([4, 6, 10, 11, 14, 21], maxlen=250000)}","{1: deque([2, 9, 19, 22, 25, 28], maxlen=250000), 1.5: deque([0], maxlen=250000), -1: deque([13, 31], maxlen=250000)}"
1482,"{1: deque([1, 9, 10, 12, 14, 15, 16, 17, 18, 21, 22, 24, 25, 27, 28, 29, 30, 32, 33], maxlen=250000), 1.5: deque([0], maxlen=250000), -1: deque([2, 4, 5, 13, 19, 23], maxlen=250000)}","{1: deque([3, 6, 7, 8, 11, 20], maxlen=250000), 1.5: deque([0], maxlen=250000), -1: deque([26, 31], maxlen=250000)}"
1483,"{1: deque([1, 2, 5, 6, 8, 9, 11, 14, 15, 17, 22, 23, 26, 27, 28, 29, 30, 31], maxlen=250000), 1.5: deque([0], maxlen=250000), -1: deque([12, 13, 16, 19, 20, 25], maxlen=250000)}","{1: deque([3, 4, 7, 18, 21, 32, 33], maxlen=250000), 1.5: deque([0], maxlen=250000), -1: deque([10, 24], maxlen=250000)}"
1484,"{1: deque([2, 4, 5, 6, 7, 9, 12, 14, 15, 18, 19, 23, 24, 27, 28, 29, 30, 32, 33], maxlen=250000), 1.5: deque([0], maxlen=250000), -1: deque([3, 8, 10, 16, 20, 26], maxlen=250000)}","{1: deque([1, 11, 13, 17, 22, 25], maxlen=250000), 1.5: deque([0], maxlen=250000), -1: deque([21, 31], maxlen=250000)}"
1485,"{1: deque([1, 2, 3, 5, 6, 7, 8, 9, 12, 16, 18, 20, 23, 24, 25, 26, 28, 32], maxlen=250000), 1.5: deque([0], maxlen=250000), -1: deque([13, 14, 17, 19, 27, 29], maxlen=250000)}","{1: deque([4, 11, 21, 22, 30, 31, 33], maxlen=250000), 1.5: deque([0], maxlen=250000), -1: deque([10, 15], maxlen=250000)}"
1486,"{-1: deque([2, 10, 16, 18, 24, 30], maxlen=250000), 1.5: deque([0], maxlen=250000), 1: deque([5, 11, 12, 13, 14, 15, 17, 19, 20, 21, 22, 23, 25, 27, 28, 29, 31, 32], maxlen=250000)}","{1: deque([1, 4, 6, 8, 9, 26, 33], maxlen=250000), 1.5: deque([0], maxlen=250000), -1: deque([3, 7], maxlen=250000)}"
1487,"{1: deque([1, 2, 5, 6, 7, 8, 10, 11, 15, 17, 18, 19, 20, 21, 23, 27, 29, 32, 33], maxlen=250000), 1.5: deque([0], maxlen=250000), -1: deque([3, 4, 12, 16, 24, 25], maxlen=250000)}","{-1: deque([9, 26], maxlen=250000), 1.5: deque([0], maxlen=250000), 1: deque([13, 14, 22, 28, 30, 31], maxlen=250000)}"
1488,"{1: deque([1, 4, 5, 7, 9, 11, 14, 17, 18, 20, 22, 23, 24, 25, 26, 29, 31, 32, 33], maxlen=250000), 1.5: deque([0], maxlen=250000), -1: deque([8, 12, 13, 15, 27, 30], maxlen=250000)}","{1: deque([2, 6, 10, 16, 21, 28], maxlen=250000), 1.5: deque([0], maxlen=250000), -1: deque([3, 19], maxlen=250000)}"
1489,"{-1: deque([1, 8, 14, 16, 18, 28], maxlen=250000), 1.5: deque([0], maxlen=250000), 1: deque([2, 3, 4, 6, 9, 11, 12, 15, 17, 19, 20, 21, 23, 24, 25, 26, 29, 30], maxlen=250000)}","{-1: deque([5, 7], maxlen=250000), 1.5: deque([0], maxlen=250000), 1: deque([10, 13, 22, 27, 31, 32, 33], maxlen=250000)}"
1490,"{1: deque([1, 2, 7, 8, 9, 11, 14, 15, 16, 18, 19, 20, 21, 23, 24, 25, 27, 30, 33], maxlen=250000), 1.5: deque([0], maxlen=250000), -1: deque([6, 13, 22, 28, 29, 31], maxlen=250000)}","{1: deque([3, 4, 5, 10, 12, 17], maxlen=250000), 1.5: deque([0], maxlen=250000), -1: deque([26, 32], maxlen=250000)}"
1491,"{1: deque([1, 5, 6, 7, 8, 11, 12, 13, 14, 17, 18, 20, 21, 22, 24, 25, 27, 30], maxlen=250000), 1.5: deque([0], maxlen=250000), -1: deque([9, 10, 15, 23, 26, 32], maxlen=250000)}","{1: deque([2, 4, 16, 19, 28, 31, 33], maxlen=250000), 1.5: deque([0], maxlen=250000), -1: deque([3, 29], maxlen=250000)}"
1492,"{1: deque([1, 2, 5, 6, 9, 11, 16, 17, 18, 19, 23, 24, 25, 26, 27, 29, 31, 32, 33], maxlen=250000), 1.5: deque([0], maxlen=250000), -1: deque([7, 8, 10, 13, 20, 28], maxlen=250000)}","{1: deque([3, 12, 14, 15, 22, 30], maxlen=250000), 1.5: deque([0], maxlen=250000), -1: deque([4, 21], maxlen=250000)}"
1493,"{1: deque([1, 4, 5, 7, 8, 9, 10, 12, 13, 16, 17, 18, 20, 22, 27, 28, 29, 31, 33], maxlen=250000), 1.5: deque([0], maxlen=250000), -1: deque([3, 6, 15, 24, 25, 30], maxlen=250000)}","{-1: deque([2, 32], maxlen=250000), 1.5: deque([0], maxlen=250000), 1: deque([11, 14, 19, 21, 23, 26], maxlen=250000)}"
1494,"{1: deque([1, 2, 3, 4, 5, 6, 7, 12, 13, 14, 17, 18, 19, 20, 22, 25, 26, 29], maxlen=250000), 1.5: deque([0], maxlen=250000), -1: deque([8, 15, 16, 21, 24, 31], maxlen=250000)}","{-1: deque([9, 23], maxlen=250000), 1.5: deque([0], maxlen=250000), 1: deque([10, 11, 27, 28, 30, 32, 33], maxlen=250000)}"
1495,"{-1: deque([1, 7, 10, 14, 24, 30], maxlen=250000), 1.5: deque([0], maxlen=250000), 1: deque([3, 4, 5, 6, 8, 9, 12, 13, 15, 16, 18, 20, 22, 23, 25, 26, 28, 29, 33], maxlen=250000)}","{1: deque([2, 17, 19, 21, 27, 32], maxlen=250000), 1.5: deque([0], maxlen=250000), -1: deque([11, 31], maxlen=250000)}"
1496,"{-1: deque([1, 9, 16, 21, 30, 32], maxlen=250000), 1.5: deque([0], maxlen=250000), 1: deque([3, 4, 6, 7, 10, 11, 13, 14, 17, 18, 20, 22, 23, 24, 26, 27, 28, 29, 33], maxlen=250000)}","{-1: deque([2, 12], maxlen=250000), 1.5: deque([0], maxlen=250000), 1: deque([5, 8, 15, 19, 25, 31], maxlen=250000)}"
1497,"{1: deque([1, 3, 5, 6, 7, 10, 14, 15, 17, 19, 20, 22, 24, 25, 26, 27, 30, 32, 33], maxlen=250000), 1.5: deque([0], maxlen=250000), -1: deque([2, 4, 13, 16, 18, 28], maxlen=250000)}","{1: deque([8, 9, 11, 12, 21, 23], maxlen=250000), 1.5: deque([0], maxlen=250000), -1: deque([29, 31], maxlen=250000)}"
1498,"{1: deque([1, 2, 4, 5, 8, 9, 11, 15, 16, 17, 18, 20, 22, 23, 24, 26, 27, 28], maxlen=250000), 1.5: deque([0], maxlen=250000), -1: deque([7, 10, 12, 19, 21, 30], maxlen=250000)}","{1: deque([3, 13, 14, 25, 31, 32, 33], maxlen=250000), 1.5: deque([0], maxlen=250000), -1: deque([6, 29], maxlen=250000)}"
1499,"{-1: deque([1, 6, 7, 15, 28, 29], maxlen=250000), 1.5: deque([0], maxlen=250000), 1: deque([3, 5, 8, 9, 10, 11, 12, 13, 14, 16, 18, 19, 20, 21, 22, 25, 27, 30], maxlen=250000)}","{1: deque([2, 17, 23, 24, 26, 32, 33], maxlen=250000), 1.5: deque([0], maxlen=250000), -1: deque([4, 31], maxlen=250000)}"
1500,"{1: deque([1, 5, 9, 11, 12, 13, 15, 18, 19, 20, 22, 23, 24, 26, 28, 29, 31, 32], maxlen=250000), 1.5: deque([0], maxlen=250000), -1: deque([3, 7, 14, 16, 25, 27], maxlen=250000)}","{-1: deque([2, 6], maxlen=250000), 1.5: deque([0], maxlen=250000), 1: deque([4, 8, 10, 17, 21, 30, 33], maxlen=250000)}"
1501,"{1: deque([1, 3, 4, 5, 8, 9, 10, 11, 13, 14, 15, 17, 18, 22, 24, 27, 30, 32, 33], maxlen=250000), 1.5: deque([0], maxlen=250000), -1: deque([2, 6, 12, 19, 21, 23], maxlen=250000)}","{1: deque([7, 16, 25, 26, 28, 31], maxlen=250000), 1.5: deque([0], maxlen=250000), -1: deque([20, 29], maxlen=250000)}"
1502,"{1: deque([1, 2, 4, 5, 6, 7, 8, 9, 10, 11, 13, 15, 18, 22, 26, 28, 29, 30], maxlen=250000), 1.5: deque([0], maxlen=250000), -1: deque([12, 20, 21, 24, 31, 32], maxlen=250000)}","{-1: deque([3, 16], maxlen=250000), 1.5: deque([0], maxlen=250000), 1: deque([14, 17, 19, 23, 25, 27, 33], maxlen=250000)}"
1503,"{1: deque([1, 2, 3, 7, 9, 10, 12, 13, 14, 15, 17, 18, 20, 23, 25, 28, 31, 32], maxlen=250000), 1.5: deque([0], maxlen=250000), -1: deque([4, 6, 22, 26, 27, 30], maxlen=250000)}","{1: deque([5, 8, 11, 16, 19, 29, 33], maxlen=250000), 1.5: deque([0], maxlen=250000), -1: deque([21, 24], maxlen=250000)}"
1504,"{1: deque([1, 2, 10, 11, 12, 14, 15, 17, 19, 21, 23, 24, 25, 28, 29, 30, 31, 32], maxlen=250000), 1.5: deque([0], maxlen=250000), -1: deque([3, 5, 8, 9, 18, 27], maxlen=250000)}","{1: deque([4, 6, 7, 13, 20, 26, 33], maxlen=250000), 1.5: deque([0], maxlen=250000), -1: deque([16, 22], maxlen=250000)}"
1505,"{1: deque([1, 3, 4, 5, 9, 10, 13, 14, 15, 16, 17, 18, 19, 20, 24, 25, 31, 32, 33], maxlen=250000), 1.5: deque([0], maxlen=250000), -1: deque([7, 8, 21, 26, 27, 28], maxlen=250000)}","{1: deque([2, 6, 11, 12, 22, 30], maxlen=250000), 1.5: deque([0], maxlen=250000), -1: deque([23, 29], maxlen=250000)}"
1506,"{1: deque([2, 3, 4, 5, 11, 12, 13, 14, 15, 16, 17, 18, 19, 22, 26, 28, 29, 31, 33], maxlen=250000), 1.5: deque([0], maxlen=250000), -1: deque([8, 10, 23, 24, 25, 32], maxlen=250000)}","{1: deque([1, 6, 9, 20, 27, 30], maxlen=250000), 1.5: deque([0], maxlen=250000), -1: deque([7, 21], maxlen=250000)}"
1507,"{1: deque([1, 2, 3, 5, 7, 8, 11, 12, 14, 15, 18, 21, 22, 23, 24, 25, 27, 30], maxlen=250000), 1.5: deque([0], maxlen=250000), -1: deque([4, 10, 26, 28, 31, 32], maxlen=250000)}","{1: deque([6, 13, 17, 19, 20, 29, 33], maxlen=250000), 1.5: deque([0], maxlen=250000), -1: deque([9, 16], maxlen=250000)}"
1508,"{1: deque([1, 2, 3, 6, 8, 9, 10, 12, 13, 17, 18, 19, 23, 24, 26, 27, 28, 32, 33], maxlen=250000), 1.5: deque([0], maxlen=250000), -1: deque([7, 11, 14, 22, 29, 31], maxlen=250000)}","{-1: deque([4, 20], maxlen=250000), 1.5: deque([0], maxlen=250000), 1: deque([5, 15, 16, 21, 25, 30], maxlen=250000)}"
1509,"{1: deque([1, 3, 4, 6, 10, 11, 12, 13, 14, 17, 18, 19, 20, 23, 25, 26, 27, 28], maxlen=250000), 1.5: deque([0], maxlen=250000), -1: deque([2, 5, 15, 22, 30, 32], maxlen=250000)}","{-1: deque([7, 31], maxlen=250000), 1.5: deque([0], maxlen=250000), 1: deque([8, 9, 16, 21, 24, 29, 33], maxlen=250000)}"
1510,"{-1: deque([1, 2, 7, 18, 21, 24], maxlen=250000), 1.5: deque([0], maxlen=250000), 1: deque([3, 5, 6, 8, 10, 13, 14, 15, 16, 17, 19, 20, 22, 23, 25, 27, 30, 32], maxlen=250000)}","{-1: deque([4, 12], maxlen=250000), 1.5: deque([0], maxlen=250000), 1: deque([9, 11, 26, 28, 29, 31, 33], maxlen=250000)}"
1511,"{-1: deque([2, 4, 17, 23, 29, 32], maxlen=250000), 1.5: deque([0], maxlen=250000), 1: deque([3, 5, 7, 9, 10, 11, 12, 13, 14, 16, 18, 21, 22, 24, 26, 27, 28, 31, 33], maxlen=250000)}","{-1: deque([1, 30], maxlen=250000), 1.5: deque([0], maxlen=250000), 1: deque([6, 8, 15, 19, 20, 25], maxlen=250000)}"
1512,"{1: deque([1, 2, 4, 5, 7, 9, 11, 14, 15, 17, 18, 22, 23, 24, 25, 29, 30, 32, 33], maxlen=250000), 1.5: deque([0], maxlen=250000), -1: deque([10, 13, 16, 26, 28, 31], maxlen=250000)}","{1: deque([3, 6, 8, 12, 21, 27], maxlen=250000), 1.5: deque([0], maxlen=250000), -1: deque([19, 20], maxlen=250000)}"
1513,"{1: deque([2, 4, 7, 8, 9, 13, 14, 16, 19, 21, 22, 24, 25, 28, 29, 30, 31, 32], maxlen=250000), 1.5: deque([0], maxlen=250000), -1: deque([6, 10, 11, 17, 23, 26], maxlen=250000)}","{1: deque([1, 5, 12, 15, 18, 20, 33], maxlen=250000), 1.5: deque([0], maxlen=250000), -1: deque([3, 27], maxlen=250000)}"
1514,"{1: deque([1, 2, 4, 6, 7, 8, 13, 15, 16, 19, 20, 24, 25, 27, 28, 29, 31, 32], maxlen=250000), 1.5: deque([0], maxlen=250000), -1: deque([3, 11, 14, 17, 18, 23], maxlen=250000)}","{1: deque([5, 10, 12, 21, 22, 26, 33], maxlen=250000), 1.5: deque([0], maxlen=250000), -1: deque([9, 30], maxlen=250000)}"
1515,"{1: deque([1, 2, 3, 4, 5, 6, 8, 9, 10, 11, 12, 17, 23, 24, 25, 29, 31, 32], maxlen=250000), 1.5: deque([0], maxlen=250000), -1: deque([7, 13, 18, 21, 27, 30], maxlen=250000)}","{1: deque([14, 15, 16, 22, 26, 28, 33], maxlen=250000), 1.5: deque([0], maxlen=250000), -1: deque([19, 20], maxlen=250000)}"
1516,"{1: deque([1, 2, 4, 5, 6, 7, 8, 9, 11, 13, 14, 15, 18, 19, 21, 23, 24, 25], maxlen=250000), 1.5: deque([0], maxlen=250000), -1: deque([3, 10, 17, 27, 28, 32], maxlen=250000)}","{1: deque([12, 16, 22, 29, 30, 31, 33], maxlen=250000), 1.5: deque([0], maxlen=250000), -1: deque([20, 26], maxlen=250000)}"
1517,"{1: deque([1, 2, 4, 5, 8, 10, 13, 16, 17, 19, 22, 24, 25, 27, 29, 30, 31, 32], maxlen=250000), 1.5: deque([0], maxlen=250000), -1: deque([6, 11, 12, 14, 20, 23], maxlen=250000)}","{1: deque([3, 9, 15, 18, 26, 28, 33], maxlen=250000), 1.5: deque([0], maxlen=250000), -1: deque([7, 21], maxlen=250000)}"
1518,"{-1: deque([1, 2, 3, 8, 28, 31], maxlen=250000), 1.5: deque([0], maxlen=250000), 1: deque([4, 5, 6, 7, 9, 10, 11, 13, 17, 18, 19, 23, 24, 25, 26, 27, 30, 32, 33], maxlen=250000)}","{1: deque([12, 15, 16, 20, 21, 22], maxlen=250000), 1.5: deque([0], maxlen=250000), -1: deque([14, 29], maxlen=250000)}"
1519,"{-1: deque([1, 10, 23, 24, 27, 29], maxlen=250000), 1.5: deque([0], maxlen=250000), 1: deque([2, 4, 7, 8, 9, 11, 12, 13, 14, 15, 16, 20, 21, 22, 26, 28, 31, 32], maxlen=250000)}","{-1: deque([3, 17], maxlen=250000), 1.5: deque([0], maxlen=250000), 1: deque([5, 6, 18, 19, 25, 30, 33], maxlen=250000)}"
1520,"{1: deque([1, 5, 7, 8, 9, 11, 13, 15, 16, 17, 20, 23, 24, 26, 27, 28, 31, 32, 33], maxlen=250000), 1.5: deque([0], maxlen=250000), -1: deque([2, 4, 10, 18, 19, 30], maxlen=250000)}","{1: deque([3, 12, 14, 21, 25, 29], maxlen=250000), 1.5: deque([0], maxlen=250000), -1: deque([6, 22], maxlen=250000)}"
1521,"{-1: deque([1, 2, 4, 16, 23, 32], maxlen=250000), 1.5: deque([0], maxlen=250000), 1: deque([3, 5, 6, 8, 9, 10, 11, 14, 19, 20, 21, 22, 24, 25, 26, 28, 29, 31], maxlen=250000)}","{1: deque([7, 12, 13, 15, 18, 27, 33], maxlen=250000), 1.5: deque([0], maxlen=250000), -1: deque([17, 30], maxlen=250000)}"
1522,"{1: deque([1, 2, 3, 5, 7, 8, 10, 11, 12, 15, 17, 18, 21, 22, 23, 25, 28, 31], maxlen=250000), 1.5: deque([0], maxlen=250000), -1: deque([6, 14, 24, 26, 30, 32], maxlen=250000)}","{-1: deque([4, 20], maxlen=250000), 1.5: deque([0], maxlen=250000), 1: deque([9, 13, 16, 19, 27, 29, 33], maxlen=250000)}"
1523,"{1: deque([1, 2, 3, 4, 5, 7, 9, 10, 12, 13, 15, 16, 18, 22, 23, 26, 29, 31, 33], maxlen=250000), 1.5: deque([0], maxlen=250000), -1: deque([6, 14, 19, 21, 24, 28], maxlen=250000)}","{-1: deque([8, 32], maxlen=250000), 1.5: deque([0], maxlen=250000), 1: deque([11, 17, 20, 25, 27, 30], maxlen=250000)}"
1524,"{1: deque([1, 2, 3, 5, 7, 11, 12, 13, 15, 16, 17, 18, 20, 22, 24, 27, 29, 32, 33], maxlen=250000), 1.5: deque([0], maxlen=250000), -1: deque([10, 21, 25, 26, 28, 30], maxlen=250000)}","{1: deque([4, 6, 8, 14, 19, 31], maxlen=250000), 1.5: deque([0], maxlen=250000), -1: deque([9, 23], maxlen=250000)}"
1525,"{1: deque([1, 2, 8, 9, 14, 15, 16, 17, 18, 19, 20, 21, 22, 24, 26, 27, 29, 30, 33], maxlen=250000), 1.5: deque([0], maxlen=250000), -1: deque([11, 13, 23, 25, 28, 32], maxlen=250000)}","{-1: deque([3, 6], maxlen=250000), 1.5: deque([0], maxlen=250000), 1: deque([4, 5, 7, 10, 12, 31], maxlen=250000)}"
1526,"{1: deque([1, 2, 3, 6, 7, 9, 13, 14, 15, 16, 17, 18, 19, 21, 28, 29, 30, 32], maxlen=250000), 1.5: deque([0], maxlen=250000), -1: deque([12, 22, 24, 25, 26, 27], maxlen=250000)}","{1: deque([4, 5, 8, 10, 20, 31, 33], maxlen=250000), 1.5: deque([0], maxlen=250000), -1: deque([11, 23], maxlen=250000)}"
1527,"{1: deque([2, 5, 6, 7, 9, 11, 12, 15, 17, 18, 21, 22, 23, 24, 26, 29, 30, 31], maxlen=250000), 1.5: deque([0], maxlen=250000), -1: deque([8, 14, 19, 20, 28, 32], maxlen=250000)}","{1: deque([1, 3, 4, 10, 16, 25, 33], maxlen=250000), 1.5: deque([0], maxlen=250000), -1: deque([13, 27], maxlen=250000)}"
1528,"{-1: deque([3, 4, 5, 6, 8, 25], maxlen=250000), 1.5: deque([0], maxlen=250000), 1: deque([7, 9, 10, 11, 13, 14, 15, 17, 19, 20, 21, 22, 23, 24, 29, 30, 31, 32, 33], maxlen=250000)}","{1: deque([1, 2, 16, 18, 26, 28], maxlen=250000), 1.5: deque([0], maxlen=250000), -1: deque([12, 27], maxlen=250000)}"
1529,"{1: deque([2, 4, 5, 8, 9, 10, 12, 14, 16, 17, 18, 19, 24, 27, 28, 29, 30, 32, 33], maxlen=250000), 1.5: deque([0], maxlen=250000), -1: deque([3, 7, 11, 15, 22, 26], maxlen=250000)}","{1: deque([1, 6, 20, 23, 25, 31], maxlen=250000), 1.5: deque([0], maxlen=250000), -1: deque([13, 21], maxlen=250000)}"
1530,"{-1: deque([1, 12, 18, 22, 23, 27], maxlen=250000), 1.5: deque([0], maxlen=250000), 1: deque([2, 3, 4, 5, 7, 8, 9, 10, 11, 13, 14, 19, 24, 28, 29, 30, 31, 32, 33], maxlen=250000)}","{-1: deque([6, 17], maxlen=250000), 1.5: deque([0], maxlen=250000), 1: deque([15, 16, 20, 21, 25, 26], maxlen=250000)}"
1531,"{1: deque([1, 2, 3, 5, 7, 8, 9, 13, 15, 16, 18, 19, 20, 22, 23, 24, 25, 28], maxlen=250000), 1.5: deque([0], maxlen=250000), -1: deque([4, 10, 11, 14, 29, 30], maxlen=250000)}","{1: deque([6, 12, 17, 27, 31, 32, 33], maxlen=250000), 1.5: deque([0], maxlen=250000), -1: deque([21, 26], maxlen=250000)}"
1532,"{1: deque([1, 3, 4, 5, 6, 7, 9, 10, 11, 12, 19, 20, 21, 25, 26, 27, 28, 31, 33], maxlen=250000), 1.5: deque([0], maxlen=250000), -1: deque([13, 14, 18, 22, 29, 32], maxlen=250000)}","{1: deque([2, 8, 17, 23, 24, 30], maxlen=250000), 1.5: deque([0], maxlen=250000), -1: deque([15, 16], maxlen=250000)}"
1533,"{-1: deque([1, 2, 4, 12, 27, 30], maxlen=250000), 1.5: deque([0], maxlen=250000), 1: deque([3, 5, 6, 7, 8, 9, 10, 13, 15, 16, 17, 19, 21, 22, 24, 26, 28, 32, 33], maxlen=250000)}","{-1: deque([11, 20], maxlen=250000), 1.5: deque([0], maxlen=250000), 1: deque([14, 18, 23, 25, 29, 31], maxlen=250000)}"
1534,"{1: deque([1, 2, 7, 9, 10, 11, 15, 16, 17, 18, 19, 20, 21, 22, 29, 30, 31, 32], maxlen=250000), 1.5: deque([0], maxlen=250000), -1: deque([3, 4, 12, 13, 25, 26], maxlen=250000)}","{-1: deque([5, 8], maxlen=250000), 1.5: deque([0], maxlen=250000), 1: deque([6, 14, 23, 24, 27, 28, 33], maxlen=250000)}"
1535,"{1: deque([1, 3, 6, 7, 8, 9, 10, 14, 15, 20, 21, 23, 25, 27, 29, 30, 31, 32, 33], maxlen=250000), 1.5: deque([0], maxlen=250000), -1: deque([2, 4, 12, 16, 19, 28], maxlen=250000)}","{1: deque([5, 11, 17, 18, 24, 26], maxlen=250000), 1.5: deque([0], maxlen=250000), -1: deque([13, 22], maxlen=250000)}"
1536,"{1: deque([1, 2, 5, 7, 8, 9, 10, 11, 13, 14, 15, 16, 17, 21, 24, 27, 29, 32, 33], maxlen=250000), 1.5: deque([0], maxlen=250000), -1: deque([6, 22, 26, 28, 30, 31], maxlen=250000)}","{1: deque([3, 12, 18, 20, 23, 25], maxlen=250000), 1.5: deque([0], maxlen=250000), -1: deque([4, 19], maxlen=250000)}"
1537,"{-1: deque([1, 14, 20, 23, 26, 30], maxlen=250000), 1.5: deque([0], maxlen=250000), 1: deque([2, 3, 5, 7, 11, 12, 13, 15, 16, 21, 22, 24, 25, 27, 28, 29, 31, 32], maxlen=250000)}","{1: deque([4, 6, 8, 9, 10, 18, 33], maxlen=250000), 1.5: deque([0], maxlen=250000), -1: deque([17, 19], maxlen=250000)}"
1538,"{1: deque([1, 3, 4, 7, 8, 9, 15, 16, 17, 18, 21, 22, 23, 26, 27, 28, 29, 32, 33], maxlen=250000), 1.5: deque([0], maxlen=250000), -1: deque([2, 5, 6, 12, 13, 19], maxlen=250000)}","{1: deque([10, 11, 14, 24, 30, 31], maxlen=250000), 1.5: deque([0], maxlen=250000), -1: deque([20, 25], maxlen=250000)}"
1539,"{1: deque([6, 8, 10, 12, 13, 14, 15, 16, 17, 18, 21, 23, 24, 25, 26, 27, 28, 29], maxlen=250000), 1.5: deque([0], maxlen=250000), -1: deque([7, 19, 20, 22, 30, 32], maxlen=250000)}","{1: deque([1, 2, 3, 5, 9, 31, 33], maxlen=250000), 1.5: deque([0], maxlen=250000), -1: deque([4, 11], maxlen=250000)}"
1540,"{-1: deque([1, 3, 7, 13, 16, 28], maxlen=250000), 1.5: deque([0], maxlen=250000), 1: deque([2, 4, 6, 8, 9, 10, 11, 15, 18, 19, 21, 22, 23, 25, 29, 30, 31, 32, 33], maxlen=250000)}","{1: deque([5, 12, 14, 17, 24, 27], maxlen=250000), 1.5: deque([0], maxlen=250000), -1: deque([20, 26], maxlen=250000)}"
1541,"{1: deque([2, 4, 5, 7, 12, 13, 15, 19, 21, 23, 24, 25, 26, 27, 28, 29, 30, 32], maxlen=250000), 1.5: deque([0], maxlen=250000), -1: deque([6, 9, 11, 14, 20, 31], maxlen=250000)}","{1: deque([1, 3, 8, 16, 17, 18, 33], maxlen=250000), 1.5: deque([0], maxlen=250000), -1: deque([10, 22], maxlen=250000)}"
1542,"{1: deque([2, 4, 5, 10, 11, 12, 13, 14, 15, 19, 21, 22, 24, 25, 26, 27, 31, 32], maxlen=250000), 1.5: deque([0], maxlen=250000), -1: deque([6, 7, 16, 17, 20, 29], maxlen=250000)}","{1: deque([1, 3, 9, 18, 23, 30, 33], maxlen=250000), 1.5: deque([0], maxlen=250000), -1: deque([8, 28], maxlen=250000)}"
1543,"{-1: deque([1, 7, 18, 19, 26, 28], maxlen=250000), 1.5: deque([0], maxlen=250000), 1: deque([2, 3, 6, 9, 11, 12, 13, 14, 15, 16, 20, 21, 22, 23, 24, 29, 31, 32], maxlen=250000)}","{1: deque([4, 5, 10, 17, 27, 30, 33], maxlen=250000), 1.5: deque([0], maxlen=250000), -1: deque([8, 25], maxlen=250000)}"
1544,"{-1: deque([1, 8, 13, 17, 22, 24], maxlen=250000), 1.5: deque([0], maxlen=250000), 1: deque([2, 4, 6, 7, 10, 11, 12, 14, 18, 19, 21, 23, 25, 27, 28, 29, 30, 32, 33], maxlen=250000)}","{1: deque([3, 5, 15, 16, 20, 26], maxlen=250000), 1.5: deque([0], maxlen=250000), -1: deque([9, 31], maxlen=250000)}"
1545,"{-1: deque([2, 9, 12, 18, 27, 28], maxlen=250000), 1.5: deque([0], maxlen=250000), 1: deque([3, 4, 6, 7, 8, 10, 11, 13, 15, 17, 20, 22, 23, 25, 26, 29, 30, 32], maxlen=250000)}","{1: deque([1, 14, 19, 21, 24, 31, 33], maxlen=250000), 1.5: deque([0], maxlen=250000), -1: deque([5, 16], maxlen=250000)}"
1546,"{-1: deque([1, 5, 12, 14, 17, 19], maxlen=250000), 1.5: deque([0], maxlen=250000), 1: deque([3, 6, 7, 9, 10, 11, 21, 22, 23, 24, 25, 26, 27, 28, 29, 30, 31, 32, 33], maxlen=250000)}","{1: deque([2, 4, 13, 15, 16, 18], maxlen=250000), 1.5: deque([0], maxlen=250000), -1: deque([8, 20], maxlen=250000)}"
1547,"{-1: deque([1, 3, 5, 18, 19, 21], maxlen=250000), 1.5: deque([0], maxlen=250000), 1: deque([2, 6, 7, 8, 10, 11, 13, 15, 16, 17, 20, 22, 23, 27, 29, 30, 31, 32], maxlen=250000)}","{1: deque([4, 9, 12, 14, 25, 28, 33], maxlen=250000), 1.5: deque([0], maxlen=250000), -1: deque([24, 26], maxlen=250000)}"
1548,"{1: deque([1, 3, 4, 5, 7, 8, 11, 12, 13, 14, 16, 17, 20, 24, 26, 30, 31, 32, 33], maxlen=250000), 1.5: deque([0], maxlen=250000), -1: deque([6, 15, 19, 22, 25, 28], maxlen=250000)}","{-1: deque([2, 9], maxlen=250000), 1.5: deque([0], maxlen=250000), 1: deque([10, 18, 21, 23, 27, 29], maxlen=250000)}"
1549,"{-1: deque([2, 3, 5, 13, 19, 30], maxlen=250000), 1.5: deque([0], maxlen=250000), 1: deque([4, 8, 10, 11, 14, 15, 16, 17, 18, 20, 21, 22, 25, 27, 28, 29, 31, 32, 33], maxlen=250000)}","{1: deque([1, 6, 7, 9, 12, 24], maxlen=250000), 1.5: deque([0], maxlen=250000), -1: deque([23, 26], maxlen=250000)}"
1550,"{-1: deque([1, 6, 7, 13, 17, 29], maxlen=250000), 1.5: deque([0], maxlen=250000), 1: deque([2, 3, 4, 5, 8, 9, 10, 11, 12, 15, 16, 18, 20, 22, 25, 26, 27, 30, 33], maxlen=250000)}","{1: deque([14, 21, 23, 24, 31, 32], maxlen=250000), 1.5: deque([0], maxlen=250000), -1: deque([19, 28], maxlen=250000)}"
1551,"{1: deque([1, 2, 3, 7, 8, 9, 10, 11, 14, 16, 17, 18, 19, 22, 25, 28, 30, 31], maxlen=250000), 1.5: deque([0], maxlen=250000), -1: deque([4, 6, 21, 27, 29, 32], maxlen=250000)}","{-1: deque([5, 13], maxlen=250000), 1.5: deque([0], maxlen=250000), 1: deque([12, 15, 20, 23, 24, 26, 33], maxlen=250000)}"
1552,"{1: deque([1, 3, 5, 6, 7, 9, 14, 15, 16, 18, 19, 20, 21, 23, 27, 28, 30, 31], maxlen=250000), 1.5: deque([0], maxlen=250000), -1: deque([2, 8, 24, 25, 29, 32], maxlen=250000)}","{-1: deque([4, 22], maxlen=250000), 1.5: deque([0], maxlen=250000), 1: deque([10, 11, 12, 13, 17, 26, 33], maxlen=250000)}"
1553,"{1: deque([1, 5, 6, 7, 11, 12, 14, 15, 17, 18, 21, 22, 23, 25, 26, 28, 31, 32], maxlen=250000), 1.5: deque([0], maxlen=250000), -1: deque([3, 9, 10, 16, 19, 30], maxlen=250000)}","{1: deque([2, 8, 13, 20, 24, 29, 33], maxlen=250000), 1.5: deque([0], maxlen=250000), -1: deque([4, 27], maxlen=250000)}"
1554,"{-1: deque([1, 2, 6, 11, 23, 28], maxlen=250000), 1.5: deque([0], maxlen=250000), 1: deque([3, 9, 10, 12, 13, 14, 15, 16, 17, 19, 20, 21, 24, 25, 26, 27, 30, 31, 33], maxlen=250000)}","{1: deque([4, 5, 7, 8, 29, 32], maxlen=250000), 1.5: deque([0], maxlen=250000), -1: deque([18, 22], maxlen=250000)}"
1555,"{1: deque([2, 4, 5, 6, 7, 8, 10, 11, 12, 13, 18, 23, 24, 27, 28, 29, 31, 32, 33], maxlen=250000), 1.5: deque([0], maxlen=250000), -1: deque([14, 16, 17, 22, 25, 26], maxlen=250000)}","{-1: deque([1, 9], maxlen=250000), 1.5: deque([0], maxlen=250000), 1: deque([3, 15, 19, 20, 21, 30], maxlen=250000)}"
1556,"{1: deque([1, 2, 4, 5, 8, 9, 10, 13, 15, 17, 19, 24, 25, 26, 29, 30, 31, 32, 33], maxlen=250000), 1.5: deque([0], maxlen=250000), -1: deque([3, 11, 12, 14, 16, 27], maxlen=250000)}","{1: deque([6, 18, 21, 22, 23, 28], maxlen=250000), 1.5: deque([0], maxlen=250000), -1: deque([7, 20], maxlen=250000)}"
1557,"{-1: deque([1, 15, 19, 23, 24, 28], maxlen=250000), 1.5: deque([0], maxlen=250000), 1: deque([3, 4, 5, 6, 7, 8, 9, 11, 12, 14, 16, 17, 18, 20, 21, 22, 29, 32], maxlen=250000)}","{1: deque([2, 10, 13, 26, 27, 31, 33], maxlen=250000), 1.5: deque([0], maxlen=250000), -1: deque([25, 30], maxlen=250000)}"
1558,"{1: deque([1, 3, 7, 8, 9, 12, 13, 14, 15, 16, 18, 19, 24, 25, 27, 29, 30, 32, 33], maxlen=250000), 1.5: deque([0], maxlen=250000), -1: deque([2, 6, 17, 21, 22, 31], maxlen=250000)}","{1: deque([4, 10, 11, 20, 23, 28], maxlen=250000), 1.5: deque([0], maxlen=250000), -1: deque([5, 26], maxlen=250000)}"
1559,"{1: deque([1, 2, 3, 6, 7, 8, 9, 11, 15, 19, 21, 22, 24, 27, 28, 29, 31, 32, 33], maxlen=250000), 1.5: deque([0], maxlen=250000), -1: deque([4, 12, 13, 23, 25, 30], maxlen=250000)}","{1: deque([5, 10, 14, 16, 17, 20], maxlen=250000), 1.5: deque([0], maxlen=250000), -1: deque([18, 26], maxlen=250000)}"
1560,"{1: deque([1, 2, 5, 6, 7, 9, 13, 14, 16, 17, 19, 20, 21, 22, 25, 26, 27, 31, 33], maxlen=250000), 1.5: deque([0], maxlen=250000), -1: deque([4, 11, 15, 23, 24, 28], maxlen=250000)}","{-1: deque([3, 29], maxlen=250000), 1.5: deque([0], maxlen=250000), 1: deque([8, 10, 12, 18, 30, 32], maxlen=250000)}"
1561,"{1: deque([2, 5, 6, 9, 10, 12, 14, 15, 17, 18, 20, 21, 24, 26, 27, 28, 31, 32, 33], maxlen=250000), 1.5: deque([0], maxlen=250000), -1: deque([4, 7, 11, 13, 16, 25], maxlen=250000)}","{1: deque([1, 3, 19, 22, 29, 30], maxlen=250000), 1.5: deque([0], maxlen=250000), -1: deque([8, 23], maxlen=250000)}"
1562,"{-1: deque([1, 7, 15, 19, 22, 27], maxlen=250000), 1.5: deque([0], maxlen=250000), 1: deque([2, 3, 4, 5, 6, 9, 10, 11, 13, 16, 18, 20, 21, 24, 28, 29, 31, 32], maxlen=250000)}","{1: deque([8, 12, 14, 17, 26, 30, 33], maxlen=250000), 1.5: deque([0], maxlen=250000), -1: deque([23, 25], maxlen=250000)}"
1563,"{1: deque([2, 4, 5, 7, 9, 11, 12, 14, 16, 18, 19, 20, 22, 25, 26, 27, 30, 32], maxlen=250000), 1.5: deque([0], maxlen=250000), -1: deque([8, 13, 17, 21, 24, 28], maxlen=250000)}","{1: deque([1, 3, 6, 15, 29, 31, 33], maxlen=250000), 1.5: deque([0], maxlen=250000), -1: deque([10, 23], maxlen=250000)}"
1564,"{1: deque([1, 2, 3, 4, 6, 8, 9, 10, 13, 18, 21, 22, 24, 25, 26, 27, 28, 30], maxlen=250000), 1.5: deque([0], maxlen=250000), -1: deque([5, 7, 11, 16, 29, 32], maxlen=250000)}","{1: deque([12, 14, 15, 17, 19, 31, 33], maxlen=250000), 1.5: deque([0], maxlen=250000), -1: deque([20, 23], maxlen=250000)}"
1565,"{1: deque([1, 3, 4, 6, 7, 9, 12, 13, 16, 18, 20, 22, 23, 24, 26, 30, 31, 32, 33], maxlen=250000), 1.5: deque([0], maxlen=250000), -1: deque([5, 17, 19, 25, 27, 28], maxlen=250000)}","{1: deque([2, 8, 10, 11, 21, 29], maxlen=250000), 1.5: deque([0], maxlen=250000), -1: deque([14, 15], maxlen=250000)}"
1566,"{-1: deque([1, 3, 12, 16, 24, 29], maxlen=250000), 1.5: deque([0], maxlen=250000), 1: deque([2, 5, 6, 7, 8, 10, 13, 14, 15, 18, 19, 21, 22, 23, 27, 30, 31, 32, 33], maxlen=250000)}","{-1: deque([4, 9], maxlen=250000), 1.5: deque([0], maxlen=250000), 1: deque([11, 17, 20, 25, 26, 28], maxlen=250000)}"
1567,"{1: deque([1, 2, 3, 4, 5, 6, 8, 9, 10, 11, 14, 18, 19, 20, 21, 24, 26, 27, 33], maxlen=250000), 1.5: deque([0], maxlen=250000), -1: deque([15, 16, 23, 25, 31, 32], maxlen=250000)}","{1: deque([7, 12, 13, 22, 28, 29], maxlen=250000), 1.5: deque([0], maxlen=250000), -1: deque([17, 30], maxlen=250000)}"
1568,"{1: deque([1, 2, 3, 4, 5, 6, 7, 9, 12, 14, 18, 22, 23, 24, 25, 26, 30, 31], maxlen=250000), 1.5: deque([0], maxlen=250000), -1: deque([10, 13, 20, 27, 29, 32], maxlen=250000)}","{-1: deque([8, 11], maxlen=250000), 1.5: deque([0], maxlen=250000), 1: deque([15, 16, 17, 19, 21, 28, 33], maxlen=250000)}"
1569,"{1: deque([1, 3, 4, 5, 8, 9, 12, 13, 15, 17, 18, 19, 21, 23, 24, 26, 29, 32, 33], maxlen=250000), 1.5: deque([0], maxlen=250000), -1: deque([7, 11, 16, 20, 22, 30], maxlen=250000)}","{1: deque([2, 6, 10, 14, 25, 28], maxlen=250000), 1.5: deque([0], maxlen=250000), -1: deque([27, 31], maxlen=250000)}"
1570,"{-1: deque([1, 8, 9, 10, 13, 14], maxlen=250000), 1.5: deque([0], maxlen=250000), 1: deque([2, 4, 5, 6, 12, 16, 17, 18, 19, 20, 21, 24, 25, 27, 28, 30, 31, 32, 33], maxlen=250000)}","{-1: deque([3, 26], maxlen=250000), 1.5: deque([0], maxlen=250000), 1: deque([7, 11, 15, 22, 23, 29], maxlen=250000)}"
1571,"{1: deque([2, 4, 6, 7, 9, 12, 13, 16, 18, 20, 22, 24, 25, 26, 27, 28, 29, 31], maxlen=250000), 1.5: deque([0], maxlen=250000), -1: deque([5, 8, 10, 19, 23, 32], maxlen=250000)}","{-1: deque([1, 14], maxlen=250000), 1.5: deque([0], maxlen=250000), 1: deque([3, 11, 15, 17, 21, 30, 33], maxlen=250000)}"
1572,"{1: deque([2, 4, 10, 11, 12, 13, 14, 15, 16, 17, 20, 23, 24, 25, 27, 29, 30, 31, 33], maxlen=250000), 1.5: deque([0], maxlen=250000), -1: deque([3, 5, 6, 7, 19, 28], maxlen=250000)}","{-1: deque([1, 8], maxlen=250000), 1.5: deque([0], maxlen=250000), 1: deque([9, 18, 21, 22, 26, 32], maxlen=250000)}"
1573,"{-1: deque([2, 3, 12, 17, 27, 28], maxlen=250000), 1.5: deque([0], maxlen=250000), 1: deque([4, 5, 7, 8, 9, 10, 15, 16, 19, 20, 21, 23, 24, 25, 29, 30, 31, 32], maxlen=250000)}","{1: deque([1, 6, 11, 13, 18, 26, 33], maxlen=250000), 1.5: deque([0], maxlen=250000), -1: deque([14, 22], maxlen=250000)}"
1574,"{1: deque([1, 4, 5, 7, 9, 10, 13, 16, 17, 18, 23, 25, 26, 27, 28, 30, 31, 32], maxlen=250000), 1.5: deque([0], maxlen=250000), -1: deque([3, 8, 11, 19, 20, 29], maxlen=250000)}","{1: deque([2, 6, 12, 15, 22, 24, 33], maxlen=250000), 1.5: deque([0], maxlen=250000), -1: deque([14, 21], maxlen=250000)}"
1575,"{1: deque([2, 5, 8, 10, 13, 14, 15, 17, 18, 19, 20, 23, 24, 25, 26, 27, 28, 29, 33], maxlen=250000), 1.5: deque([0], maxlen=250000), -1: deque([6, 9, 22, 30, 31, 32], maxlen=250000)}","{1: deque([1, 3, 4, 11, 16, 21], maxlen=250000), 1.5: deque([0], maxlen=250000), -1: deque([7, 12], maxlen=250000)}"
1576,"{1: deque([1, 2, 4, 5, 6, 7, 10, 16, 18, 22, 24, 25, 26, 28, 29, 30, 31, 32], maxlen=250000), 1.5: deque([0], maxlen=250000), -1: deque([3, 8, 14, 15, 19, 27], maxlen=250000)}","{1: deque([9, 11, 13, 17, 20, 21, 33], maxlen=250000), 1.5: deque([0], maxlen=250000), -1: deque([12, 23], maxlen=250000)}"
1577,"{1: deque([1, 2, 3, 4, 6, 7, 12, 13, 14, 15, 19, 20, 21, 22, 24, 29, 30, 32], maxlen=250000), 1.5: deque([0], maxlen=250000), -1: deque([16, 17, 18, 25, 26, 27], maxlen=250000)}","{1: deque([5, 9, 11, 23, 28, 31, 33], maxlen=250000), 1.5: deque([0], maxlen=250000), -1: deque([8, 10], maxlen=250000)}"
1578,"{1: deque([3, 4, 5, 7, 9, 13, 14, 15, 16, 19, 20, 21, 22, 24, 26, 28, 31, 32], maxlen=250000), 1.5: deque([0], maxlen=250000), -1: deque([8, 10, 23, 25, 29, 30], maxlen=250000)}","{-1: deque([1, 11], maxlen=250000), 1.5: deque([0], maxlen=250000), 1: deque([2, 6, 12, 17, 18, 27, 33], maxlen=250000)}"
1579,"{1: deque([1, 2, 3, 7, 10, 11, 12, 13, 17, 18, 19, 20, 24, 25, 27, 28, 29, 30], maxlen=250000), 1.5: deque([0], maxlen=250000), -1: deque([6, 14, 15, 16, 26, 32], maxlen=250000)}","{1: deque([4, 8, 9, 21, 23, 31, 33], maxlen=250000), 1.5: deque([0], maxlen=250000), -1: deque([5, 22], maxlen=250000)}"
1580,"{1: deque([1, 3, 4, 5, 6, 7, 12, 13, 16, 18, 20, 21, 22, 24, 25, 27, 31, 32, 33], maxlen=250000), 1.5: deque([0], maxlen=250000), -1: deque([14, 15, 17, 28, 29, 30], maxlen=250000)}","{1: deque([2, 8, 9, 10, 11, 19], maxlen=250000), 1.5: deque([0], maxlen=250000), -1: deque([23, 26], maxlen=250000)}"
1581,"{-1: deque([3, 4, 20, 22, 27, 28], maxlen=250000), 1.5: deque([0], maxlen=250000), 1: deque([5, 7, 8, 9, 10, 11, 12, 13, 14, 17, 19, 21, 23, 24, 26, 29, 31, 32], maxlen=250000)}","{1: deque([1, 2, 6, 15, 16, 18, 33], maxlen=250000), 1.5: deque([0], maxlen=250000), -1: deque([25, 30], maxlen=250000)}"
1582,"{-1: deque([1, 2, 10, 14, 17, 30], maxlen=250000), 1.5: deque([0], maxlen=250000), 1: deque([3, 5, 6, 7, 8, 12, 13, 15, 16, 18, 19, 20, 22, 23, 24, 25, 27, 32], maxlen=250000)}","{1: deque([4, 9, 21, 28, 29, 31, 33], maxlen=250000), 1.5: deque([0], maxlen=250000), -1: deque([11, 26], maxlen=250000)}"
1583,"{1: deque([1, 3, 7, 8, 9, 10, 11, 15, 16, 18, 19, 22, 24, 25, 26, 27, 29, 30], maxlen=250000), 1.5: deque([0], maxlen=250000), -1: deque([5, 6, 13, 14, 20, 32], maxlen=250000)}","{1: deque([2, 4, 12, 17, 21, 28, 33], maxlen=250000), 1.5: deque([0], maxlen=250000), -1: deque([23, 31], maxlen=250000)}"
1584,"{1: deque([1, 3, 7, 8, 9, 11, 12, 14, 17, 18, 19, 20, 21, 25, 26, 27, 28, 31], maxlen=250000), 1.5: deque([0], maxlen=250000), -1: deque([2, 4, 5, 6, 10, 22], maxlen=250000)}","{1: deque([13, 15, 23, 24, 29, 30, 33], maxlen=250000), 1.5: deque([0], maxlen=250000), -1: deque([16, 32], maxlen=250000)}"
1585,"{1: deque([1, 5, 7, 8, 10, 12, 13, 14, 15, 16, 18, 19, 22, 23, 25, 26, 28, 30, 33], maxlen=250000), 1.5: deque([0], maxlen=250000), -1: deque([6, 9, 24, 27, 29, 31], maxlen=250000)}","{1: deque([2, 4, 11, 17, 20, 32], maxlen=250000), 1.5: deque([0], maxlen=250000), -1: deque([3, 21], maxlen=250000)}"
1586,"{1: deque([1, 2, 5, 6, 9, 10, 11, 13, 18, 19, 20, 21, 23, 25, 27, 29, 30, 32], maxlen=250000), 1.5: deque([0], maxlen=250000), -1: deque([4, 8, 12, 15, 22, 24], maxlen=250000)}","{-1: deque([3, 17], maxlen=250000), 1.5: deque([0], maxlen=250000), 1: deque([7, 14, 16, 26, 28, 31, 33], maxlen=250000)}"
1587,"{1: deque([2, 3, 4, 5, 6, 11, 12, 17, 18, 19, 21, 22, 23, 25, 26, 27, 30, 31], maxlen=250000), 1.5: deque([0], maxlen=250000), -1: deque([14, 15, 16, 24, 28, 29], maxlen=250000)}","{1: deque([1, 8, 9, 10, 13, 20, 33], maxlen=250000), 1.5: deque([0], maxlen=250000), -1: deque([7, 32], maxlen=250000)}"
1588,"{1: deque([1, 4, 7, 11, 13, 14, 16, 18, 20, 22, 23, 25, 26, 27, 28, 29, 31, 32], maxlen=250000), 1.5: deque([0], maxlen=250000), -1: deque([6, 8, 10, 12, 15, 24], maxlen=250000)}","{1: deque([2, 3, 5, 9, 19, 21, 33], maxlen=250000), 1.5: deque([0], maxlen=250000), -1: deque([17, 30], maxlen=250000)}"
1589,"{-1: deque([3, 4, 6, 9, 21, 24], maxlen=250000), 1.5: deque([0], maxlen=250000), 1: deque([5, 7, 8, 10, 11, 13, 14, 15, 17, 20, 22, 23, 25, 26, 28, 30, 31, 32, 33], maxlen=250000)}","{1: deque([1, 12, 18, 19, 27, 29], maxlen=250000), 1.5: deque([0], maxlen=250000), -1: deque([2, 16], maxlen=250000)}"
1590,"{-1: deque([2, 4, 7, 22, 24, 29], maxlen=250000), 1.5: deque([0], maxlen=250000), 1: deque([3, 6, 8, 9, 12, 13, 14, 15, 17, 18, 19, 20, 21, 23, 25, 26, 28, 32, 33], maxlen=250000)}","{1: deque([1, 5, 10, 11, 16, 27], maxlen=250000), 1.5: deque([0], maxlen=250000), -1: deque([30, 31], maxlen=250000)}"
1591,"{1: deque([1, 3, 6, 7, 9, 10, 12, 13, 14, 15, 19, 20, 21, 26, 28, 29, 31, 32, 33], maxlen=250000), 1.5: deque([0], maxlen=250000), -1: deque([8, 11, 16, 24, 25, 27], maxlen=250000)}","{-1: deque([2, 30], maxlen=250000), 1.5: deque([0], maxlen=250000), 1: deque([4, 5, 17, 18, 22, 23], maxlen=250000)}"
1592,"{-1: deque([3, 7, 22, 24, 28, 32], maxlen=250000), 1.5: deque([0], maxlen=250000), 1: deque([4, 5, 8, 9, 10, 11, 12, 14, 16, 17, 18, 19, 21, 25, 26, 27, 29, 31], maxlen=250000)}","{1: deque([1, 2, 6, 13, 20, 30, 33], maxlen=250000), 1.5: deque([0], maxlen=250000), -1: deque([15, 23], maxlen=250000)}"
1593,"{1: deque([1, 2, 3, 5, 6, 7, 8, 9, 10, 13, 16, 18, 19, 24, 25, 30, 31, 32], maxlen=250000), 1.5: deque([0], maxlen=250000), -1: deque([14, 15, 21, 23, 26, 27], maxlen=250000)}","{-1: deque([4, 17], maxlen=250000), 1.5: deque([0], maxlen=250000), 1: deque([11, 12, 20, 22, 28, 29, 33], maxlen=250000)}"
1594,"{1: deque([1, 4, 5, 7, 10, 12, 15, 17, 18, 20, 21, 23, 25, 27, 28, 30, 31, 32], maxlen=250000), 1.5: deque([0], maxlen=250000), -1: deque([3, 13, 14, 16, 19, 29], maxlen=250000)}","{1: deque([2, 8, 9, 22, 24, 26, 33], maxlen=250000), 1.5: deque([0], maxlen=250000), -1: deque([6, 11], maxlen=250000)}"
1595,"{1: deque([1, 2, 3, 4, 5, 6, 8, 9, 10, 11, 12, 15, 20, 23, 25, 28, 29, 30], maxlen=250000), 1.5: deque([0], maxlen=250000), -1: deque([7, 14, 16, 19, 24, 26], maxlen=250000)}","{-1: deque([13, 22], maxlen=250000), 1.5: deque([0], maxlen=250000), 1: deque([17, 18, 21, 27, 31, 32, 33], maxlen=250000)}"
1596,"{1: deque([1, 2, 5, 8, 9, 10, 15, 16, 17, 20, 22, 24, 26, 27, 28, 29, 30, 31], maxlen=250000), 1.5: deque([0], maxlen=250000), -1: deque([6, 11, 12, 19, 21, 23], maxlen=250000)}","{-1: deque([3, 14], maxlen=250000), 1.5: deque([0], maxlen=250000), 1: deque([4, 7, 13, 18, 25, 32, 33], maxlen=250000)}"
1597,"{1: deque([2, 3, 4, 5, 9, 11, 13, 15, 16, 19, 20, 23, 25, 26, 27, 28, 29, 30], maxlen=250000), 1.5: deque([0], maxlen=250000), -1: deque([6, 7, 8, 18, 22, 31], maxlen=250000)}","{-1: deque([1, 21], maxlen=250000), 1.5: deque([0], maxlen=250000), 1: deque([10, 12, 14, 17, 24, 32, 33], maxlen=250000)}"
1598,"{1: deque([2, 3, 4, 5, 7, 8, 9, 10, 11, 13, 18, 23, 24, 27, 28, 29, 30, 31, 33], maxlen=250000), 1.5: deque([0], maxlen=250000), -1: deque([6, 12, 14, 16, 21, 22], maxlen=250000)}","{-1: deque([1, 20], maxlen=250000), 1.5: deque([0], maxlen=250000), 1: deque([15, 17, 19, 25, 26, 32], maxlen=250000)}"
1599,"{1: deque([3, 4, 5, 6, 9, 11, 12, 13, 17, 18, 21, 23, 25, 27, 28, 29, 30, 31, 33], maxlen=250000), 1.5: deque([0], maxlen=250000), -1: deque([7, 10, 16, 19, 20, 24], maxlen=250000)}","{1: deque([1, 8, 14, 15, 22, 32], maxlen=250000), 1.5: deque([0], maxlen=250000), -1: deque([2, 26], maxlen=250000)}"
1600,"{-1: deque([1, 2, 17, 27, 29, 31], maxlen=250000), 1.5: deque([0], maxlen=250000), 1: deque([4, 6, 7, 8, 9, 10, 11, 12, 14, 18, 20, 21, 23, 24, 25, 26, 30, 32], maxlen=250000)}","{1: deque([3, 5, 13, 15, 19, 22, 33], maxlen=250000), 1.5: deque([0], maxlen=250000), -1: deque([16, 28], maxlen=250000)}"
1601,"{1: deque([1, 5, 7, 8, 9, 10, 11, 12, 13, 14, 17, 18, 21, 23, 25, 26, 27, 28], maxlen=250000), 1.5: deque([0], maxlen=250000), -1: deque([3, 15, 16, 24, 29, 30], maxlen=250000)}","{-1: deque([2, 4], maxlen=250000), 1.5: deque([0], maxlen=250000), 1: deque([6, 19, 20, 22, 31, 32, 33], maxlen=250000)}"
1602,"{1: deque([1, 2, 3, 6, 7, 8, 9, 10, 12, 13, 15, 16, 17, 21, 23, 29, 30, 31, 33], maxlen=250000), 1.5: deque([0], maxlen=250000), -1: deque([5, 11, 14, 19, 28, 32], maxlen=250000)}","{1: deque([4, 18, 20, 22, 24, 25], maxlen=250000), 1.5: deque([0], maxlen=250000), -1: deque([26, 27], maxlen=250000)}"
1603,"{1: deque([2, 3, 4, 5, 6, 7, 8, 9, 10, 13, 14, 17, 18, 20, 25, 27, 28, 32, 33], maxlen=250000), 1.5: deque([0], maxlen=250000), -1: deque([11, 16, 19, 22, 29, 31], maxlen=250000)}","{1: deque([1, 12, 15, 21, 24, 26], maxlen=250000), 1.5: deque([0], maxlen=250000), -1: deque([23, 30], maxlen=250000)}"
1604,"{1: deque([1, 2, 3, 5, 6, 9, 10, 14, 16, 17, 19, 22, 23, 24, 25, 27, 29, 31], maxlen=250000), 1.5: deque([0], maxlen=250000), -1: deque([12, 13, 26, 28, 30, 32], maxlen=250000)}","{1: deque([4, 7, 15, 18, 20, 21, 33], maxlen=250000), 1.5: deque([0], maxlen=250000), -1: deque([8, 11], maxlen=250000)}"
1605,"{-1: deque([1, 14, 18, 21, 23, 27], maxlen=250000), 1.5: deque([0], maxlen=250000), 1: deque([3, 4, 6, 8, 10, 11, 13, 15, 16, 17, 19, 20, 25, 26, 28, 29, 30, 31, 33], maxlen=250000)}","{-1: deque([2, 7], maxlen=250000), 1.5: deque([0], maxlen=250000), 1: deque([5, 9, 12, 22, 24, 32], maxlen=250000)}"
1606,"{1: deque([1, 3, 6, 8, 11, 12, 13, 15, 18, 21, 23, 24, 25, 26, 27, 28, 30, 32], maxlen=250000), 1.5: deque([0], maxlen=250000), -1: deque([10, 14, 16, 17, 29, 31], maxlen=250000)}","{1: deque([2, 4, 5, 9, 20, 22, 33], maxlen=250000), 1.5: deque([0], maxlen=250000), -1: deque([7, 19], maxlen=250000)}"
1607,"{1: deque([3, 4, 5, 6, 8, 9, 11, 14, 15, 19, 20, 22, 24, 26, 27, 29, 31, 32, 33], maxlen=250000), 1.5: deque([0], maxlen=250000), -1: deque([7, 13, 16, 17, 18, 21], maxlen=250000)}","{1: deque([1, 2, 10, 23, 28, 30], maxlen=250000), 1.5: deque([0], maxlen=250000), -1: deque([12, 25], maxlen=250000)}"
1608,"{1: deque([1, 2, 3, 5, 6, 8, 12, 14, 15, 16, 17, 18, 21, 24, 25, 26, 27, 31], maxlen=250000), 1.5: deque([0], maxlen=250000), -1: deque([9, 10, 22, 23, 28, 29], maxlen=250000)}","{1: deque([4, 13, 19, 20, 30, 32, 33], maxlen=250000), 1.5: deque([0], maxlen=250000), -1: deque([7, 11], maxlen=250000)}"
1609,"{-1: deque([2, 3, 8, 10, 22, 30], maxlen=250000), 1.5: deque([0], maxlen=250000), 1: deque([5, 6, 7, 11, 12, 14, 15, 16, 18, 19, 21, 23, 24, 25, 26, 27, 28, 31, 33], maxlen=250000)}","{-1: deque([1, 17], maxlen=250000), 1.5: deque([0], maxlen=250000), 1: deque([4, 9, 13, 20, 29, 32], maxlen=250000)}"
1610,"{1: deque([1, 2, 3, 4, 5, 6, 11, 12, 14, 17, 18, 19, 21, 23, 25, 27, 29, 32], maxlen=250000), 1.5: deque([0], maxlen=250000), -1: deque([7, 9, 13, 22, 24, 28], maxlen=250000)}","{-1: deque([8, 20], maxlen=250000), 1.5: deque([0], maxlen=250000), 1: deque([10, 15, 16, 26, 30, 31, 33], maxlen=250000)}"
1611,"{1: deque([1, 4, 6, 7, 9, 10, 11, 12, 14, 15, 16, 17, 19, 24, 25, 26, 27, 32, 33], maxlen=250000), 1.5: deque([0], maxlen=250000), -1: deque([13, 20, 21, 23, 29, 31], maxlen=250000)}","{1: deque([2, 5, 8, 18, 28, 30], maxlen=250000), 1.5: deque([0], maxlen=250000), -1: deque([3, 22], maxlen=250000)}"
1612,"{1: deque([1, 3, 5, 6, 7, 11, 12, 13, 15, 16, 18, 21, 23, 26, 27, 28, 30, 31, 33], maxlen=250000), 1.5: deque([0], maxlen=250000), -1: deque([2, 8, 9, 20, 22, 29], maxlen=250000)}","{-1: deque([4, 32], maxlen=250000), 1.5: deque([0], maxlen=250000), 1: deque([10, 14, 17, 19, 24, 25], maxlen=250000)}"
1613,"{-1: deque([1, 4, 13, 18, 19, 30], maxlen=250000), 1.5: deque([0], maxlen=250000), 1: deque([2, 3, 5, 7, 8, 9, 10, 12, 14, 15, 16, 20, 21, 22, 26, 27, 28, 29, 33], maxlen=250000)}","{1: deque([6, 11, 17, 23, 24, 32], maxlen=250000), 1.5: deque([0], maxlen=250000), -1: deque([25, 31], maxlen=250000)}"
1614,"{1: deque([1, 2, 4, 6, 7, 8, 10, 11, 12, 16, 20, 21, 22, 23, 24, 25, 27, 31], maxlen=250000), 1.5: deque([0], maxlen=250000), -1: deque([3, 9, 14, 15, 18, 29], maxlen=250000)}","{-1: deque([5, 28], maxlen=250000), 1.5: deque([0], maxlen=250000), 1: deque([13, 17, 19, 26, 30, 32, 33], maxlen=250000)}"
1615,"{1: deque([1, 2, 3, 7, 8, 9, 10, 13, 16, 17, 18, 19, 22, 25, 26, 30, 31, 32], maxlen=250000), 1.5: deque([0], maxlen=250000), -1: deque([11, 15, 20, 21, 28, 29], maxlen=250000)}","{1: deque([4, 5, 6, 14, 23, 27, 33], maxlen=250000), 1.5: deque([0], maxlen=250000), -1: deque([12, 24], maxlen=250000)}"
1616,"{-1: deque([1, 4, 5, 16, 22, 32], maxlen=250000), 1.5: deque([0], maxlen=250000), 1: deque([2, 3, 7, 8, 9, 10, 11, 14, 17, 18, 21, 23, 24, 25, 26, 28, 29, 30, 33], maxlen=250000)}","{1: deque([6, 13, 15, 19, 27, 31], maxlen=250000), 1.5: deque([0], maxlen=250000), -1: deque([12, 20], maxlen=250000)}"
1617,"{1: deque([1, 2, 3, 5, 6, 8, 9, 10, 12, 13, 16, 17, 22, 24, 27, 28, 31, 32, 33], maxlen=250000), 1.5: deque([0], maxlen=250000), -1: deque([4, 14, 15, 19, 29, 30], maxlen=250000)}","{1: deque([7, 11, 20, 21, 23, 26], maxlen=250000), 1.5: deque([0], maxlen=250000), -1: deque([18, 25], maxlen=250000)}"
1618,"{1: deque([2, 4, 6, 7, 8, 11, 12, 13, 18, 19, 22, 23, 24, 26, 27, 28, 29, 31, 33], maxlen=250000), 1.5: deque([0], maxlen=250000), -1: deque([3, 5, 14, 17, 25, 32], maxlen=250000)}","{1: deque([1, 9, 15, 16, 20, 21], maxlen=250000), 1.5: deque([0], maxlen=250000), -1: deque([10, 30], maxlen=250000)}"
1619,"{1: deque([1, 3, 4, 5, 6, 7, 9, 10, 11, 15, 21, 22, 24, 28, 29, 30, 31, 32, 33], maxlen=250000), 1.5: deque([0], maxlen=250000), -1: deque([2, 12, 16, 17, 20, 25], maxlen=250000)}","{1: deque([8, 13, 14, 18, 26, 27], maxlen=250000), 1.5: deque([0], maxlen=250000), -1: deque([19, 23], maxlen=250000)}"
1620,"{-1: deque([2, 7, 10, 20, 27, 32], maxlen=250000), 1.5: deque([0], maxlen=250000), 1: deque([3, 4, 8, 9, 11, 12, 14, 16, 18, 21, 22, 23, 24, 25, 26, 28, 30, 31, 33], maxlen=250000)}","{1: deque([1, 6, 13, 15, 17, 19], maxlen=250000), 1.5: deque([0], maxlen=250000), -1: deque([5, 29], maxlen=250000)}"
1621,"{-1: deque([1, 7, 13, 15, 26, 30], maxlen=250000), 1.5: deque([0], maxlen=250000), 1: deque([2, 3, 5, 6, 8, 9, 10, 11, 12, 14, 16, 17, 18, 20, 23, 28, 29, 31], maxlen=250000)}","{1: deque([4, 19, 24, 25, 27, 32, 33], maxlen=250000), 1.5: deque([0], maxlen=250000), -1: deque([21, 22], maxlen=250000)}"
1622,"{1: deque([1, 4, 5, 10, 11, 13, 16, 17, 19, 20, 21, 22, 23, 24, 25, 26, 28, 29, 33], maxlen=250000), 1.5: deque([0], maxlen=250000), -1: deque([2, 3, 12, 14, 15, 32], maxlen=250000)}","{-1: deque([6, 27], maxlen=250000), 1.5: deque([0], maxlen=250000), 1: deque([7, 8, 9, 18, 30, 31], maxlen=250000)}"
1623,"{-1: deque([1, 7, 8, 14, 18, 22], maxlen=250000), 1.5: deque([0], maxlen=250000), 1: deque([2, 3, 5, 6, 9, 12, 13, 15, 16, 19, 21, 23, 24, 26, 27, 30, 31, 32, 33], maxlen=250000)}","{1: deque([4, 10, 17, 20, 25, 28], maxlen=250000), 1.5: deque([0], maxlen=250000), -1: deque([11, 29], maxlen=250000)}"
1624,"{1: deque([1, 2, 4, 6, 7, 9, 10, 11, 12, 14, 18, 19, 23, 25, 26, 28, 30, 31], maxlen=250000), 1.5: deque([0], maxlen=250000), -1: deque([13, 15, 16, 17, 21, 27], maxlen=250000)}","{1: deque([3, 5, 8, 20, 22, 29, 33], maxlen=250000), 1.5: deque([0], maxlen=250000), -1: deque([24, 32], maxlen=250000)}"
1625,"{1: deque([1, 5, 6, 8, 10, 11, 13, 14, 15, 16, 17, 18, 21, 22, 24, 25, 26, 29], maxlen=250000), 1.5: deque([0], maxlen=250000), -1: deque([12, 27, 28, 30, 31, 32], maxlen=250000)}","{1: deque([2, 3, 9, 19, 20, 23, 33], maxlen=250000), 1.5: deque([0], maxlen=250000), -1: deque([4, 7], maxlen=250000)}"
1626,"{1: deque([1, 4, 5, 7, 9, 10, 11, 12, 16, 17, 18, 20, 21, 23, 26, 27, 29, 30], maxlen=250000), 1.5: deque([0], maxlen=250000), -1: deque([2, 6, 14, 19, 24, 31], maxlen=250000)}","{1: deque([3, 8, 22, 25, 28, 32, 33], maxlen=250000), 1.5: deque([0], maxlen=250000), -1: deque([13, 15], maxlen=250000)}"
1627,"{1: deque([1, 3, 7, 8, 9, 10, 11, 12, 15, 17, 19, 22, 24, 25, 26, 27, 31, 32, 33], maxlen=250000), 1.5: deque([0], maxlen=250000), -1: deque([2, 4, 5, 14, 18, 23], maxlen=250000)}","{1: deque([6, 13, 16, 28, 29, 30], maxlen=250000), 1.5: deque([0], maxlen=250000), -1: deque([20, 21], maxlen=250000)}"
1628,"{1: deque([3, 4, 6, 8, 9, 10, 11, 12, 13, 14, 15, 16, 19, 21, 22, 23, 24, 28, 33], maxlen=250000), 1.5: deque([0], maxlen=250000), -1: deque([5, 17, 18, 25, 26, 32], maxlen=250000)}","{-1: deque([1, 27], maxlen=250000), 1.5: deque([0], maxlen=250000), 1: deque([2, 7, 20, 29, 30, 31], maxlen=250000)}"
1629,"{-1: deque([1, 4, 8, 9, 14, 16], maxlen=250000), 1.5: deque([0], maxlen=250000), 1: deque([2, 3, 5, 10, 12, 13, 15, 17, 19, 20, 21, 22, 23, 24, 26, 29, 30, 31], maxlen=250000)}","{1: deque([6, 7, 11, 25, 28, 32, 33], maxlen=250000), 1.5: deque([0], maxlen=250000), -1: deque([18, 27], maxlen=250000)}"
1630,"{-1: deque([2, 3, 20, 22, 26, 32], maxlen=250000), 1.5: deque([0], maxlen=250000), 1: deque([4, 5, 7, 9, 10, 11, 12, 13, 14, 15, 16, 17, 18, 21, 24, 25, 29, 31, 33], maxlen=250000)}","{1: deque([1, 6, 8, 19, 23, 28], maxlen=250000), 1.5: deque([0], maxlen=250000), -1: deque([27, 30], maxlen=250000)}"
1631,"{-1: deque([1, 7, 15, 21, 26, 32], maxlen=250000), 1.5: deque([0], maxlen=250000), 1: deque([6, 8, 9, 11, 12, 13, 14, 16, 17, 18, 20, 22, 24, 25, 27, 28, 29, 31], maxlen=250000)}","{-1: deque([2, 10], maxlen=250000), 1.5: deque([0], maxlen=250000), 1: deque([3, 4, 5, 19, 23, 30, 33], maxlen=250000)}"
1632,"{-1: deque([1, 5, 6, 20, 21, 25], maxlen=250000), 1.5: deque([0], maxlen=250000), 1: deque([2, 3, 4, 7, 9, 11, 12, 15, 16, 17, 18, 23, 26, 27, 28, 30, 31, 32], maxlen=250000)}","{1: deque([8, 13, 14, 19, 24, 29, 33], maxlen=250000), 1.5: deque([0], maxlen=250000), -1: deque([10, 22], maxlen=250000)}"
1633,"{1: deque([1, 2, 4, 6, 7, 8, 9, 11, 15, 16, 18, 20, 21, 24, 26, 28, 30, 32, 33], maxlen=250000), 1.5: deque([0], maxlen=250000), -1: deque([3, 5, 10, 22, 23, 27], maxlen=250000)}","{-1: deque([12, 14], maxlen=250000), 1.5: deque([0], maxlen=250000), 1: deque([13, 17, 19, 25, 29, 31], maxlen=250000)}"
1634,"{-1: deque([1, 4, 13, 19, 21, 23], maxlen=250000), 1.5: deque([0], maxlen=250000), 1: deque([2, 3, 5, 6, 8, 9, 10, 11, 12, 16, 18, 20, 22, 26, 27, 29, 31, 32, 33], maxlen=250000)}","{1: deque([7, 14, 15, 25, 28, 30], maxlen=250000), 1.5: deque([0], maxlen=250000), -1: deque([17, 24], maxlen=250000)}"
1635,"{1: deque([2, 3, 5, 10, 11, 13, 14, 16, 19, 20, 21, 22, 23, 26, 28, 29, 30, 31], maxlen=250000), 1.5: deque([0], maxlen=250000), -1: deque([8, 15, 17, 18, 24, 27], maxlen=250000)}","{-1: deque([1, 4], maxlen=250000), 1.5: deque([0], maxlen=250000), 1: deque([6, 7, 9, 12, 25, 32, 33], maxlen=250000)}"
1636,"{1: deque([1, 3, 4, 5, 7, 8, 11, 13, 14, 15, 17, 19, 24, 26, 27, 30, 31, 32], maxlen=250000), 1.5: deque([0], maxlen=250000), -1: deque([9, 20, 21, 22, 23, 29], maxlen=250000)}","{-1: deque([2, 10], maxlen=250000), 1.5: deque([0], maxlen=250000), 1: deque([6, 12, 16, 18, 25, 28, 33], maxlen=250000)}"
1637,"{-1: deque([1, 3, 7, 8, 9, 10], maxlen=250000), 1.5: deque([0], maxlen=250000), 1: deque([2, 4, 5, 6, 11, 12, 14, 16, 18, 20, 21, 22, 25, 26, 27, 29, 30, 32], maxlen=250000)}","{1: deque([13, 15, 19, 23, 28, 31, 33], maxlen=250000), 1.5: deque([0], maxlen=250000), -1: deque([17, 24], maxlen=250000)}"
1638,"{1: deque([1, 2, 6, 7, 10, 11, 12, 13, 15, 16, 19, 20, 22, 25, 26, 27, 29, 30, 33], maxlen=250000), 1.5: deque([0], maxlen=250000), -1: deque([4, 14, 17, 18, 21, 28], maxlen=250000)}","{-1: deque([3, 5], maxlen=250000), 1.5: deque([0], maxlen=250000), 1: deque([8, 9, 23, 24, 31, 32], maxlen=250000)}"
1639,"{1: deque([1, 2, 3, 4, 5, 6, 8, 9, 11, 12, 14, 15, 16, 19, 27, 30, 31, 32], maxlen=250000), 1.5: deque([0], maxlen=250000), -1: deque([7, 13, 18, 20, 24, 25], maxlen=250000)}","{1: deque([10, 17, 21, 23, 26, 28, 33], maxlen=250000), 1.5: deque([0], maxlen=250000), -1: deque([22, 29], maxlen=250000)}"
1640,"{1: deque([2, 3, 4, 5, 6, 7, 8, 9, 10, 12, 16, 17, 21, 22, 24, 28, 29, 31], maxlen=250000), 1.5: deque([0], maxlen=250000), -1: deque([11, 13, 14, 15, 19, 20], maxlen=250000)}","{1: deque([1, 18, 23, 26, 27, 30, 33], maxlen=250000), 1.5: deque([0], maxlen=250000), -1: deque([25, 32], maxlen=250000)}"
1641,"{-1: deque([1, 8, 10, 13, 26, 30], maxlen=250000), 1.5: deque([0], maxlen=250000), 1: deque([2, 4, 6, 9, 11, 12, 15, 16, 18, 19, 20, 22, 24, 25, 28, 29, 31, 32, 33], maxlen=250000)}","{1: deque([3, 5, 7, 14, 17, 23], maxlen=250000), 1.5: deque([0], maxlen=250000), -1: deque([21, 27], maxlen=250000)}"
1642,"{-1: deque([1, 2, 7, 9, 13, 32], maxlen=250000), 1.5: deque([0], maxlen=250000), 1: deque([5, 6, 10, 11, 12, 14, 15, 17, 18, 19, 20, 22, 25, 26, 27, 28, 30, 31], maxlen=250000)}","{-1: deque([3, 23], maxlen=250000), 1.5: deque([0], maxlen=250000), 1: deque([4, 8, 16, 21, 24, 29, 33], maxlen=250000)}"
1643,"{-1: deque([1, 5, 10, 11, 17, 26], maxlen=250000), 1.5: deque([0], maxlen=250000), 1: deque([3, 4, 6, 7, 13, 14, 15, 16, 18, 19, 21, 22, 23, 27, 29, 30, 31, 32], maxlen=250000)}","{1: deque([2, 8, 12, 20, 25, 28, 33], maxlen=250000), 1.5: deque([0], maxlen=250000), -1: deque([9, 24], maxlen=250000)}"
1644,"{1: deque([2, 5, 6, 7, 8, 9, 11, 12, 14, 15, 16, 17, 20, 23, 24, 28, 29, 32, 33], maxlen=250000), 1.5: deque([0], maxlen=250000), -1: deque([3, 4, 13, 26, 30, 31], maxlen=250000)}","{1: deque([1, 18, 19, 22, 25, 27], maxlen=250000), 1.5: deque([0], maxlen=250000), -1: deque([10, 21], maxlen=250000)}"
1645,"{-1: deque([1, 6, 10, 14, 16, 25], maxlen=250000), 1.5: deque([0], maxlen=250000), 1: deque([2, 3, 4, 7, 9, 11, 13, 15, 17, 20, 21, 22, 23, 26, 27, 28, 29, 31, 33], maxlen=250000)}","{1: deque([5, 8, 12, 19, 24, 32], maxlen=250000), 1.5: deque([0], maxlen=250000), -1: deque([18, 30], maxlen=250000)}"
1646,"{1: deque([1, 2, 3, 5, 6, 8, 9, 12, 13, 14, 16, 21, 22, 23, 24, 25, 26, 30, 33], maxlen=250000), 1.5: deque([0], maxlen=250000), -1: deque([11, 18, 19, 29, 31, 32], maxlen=250000)}","{1: deque([4, 7, 15, 20, 27, 28], maxlen=250000), 1.5: deque([0], maxlen=250000), -1: deque([10, 17], maxlen=250000)}"
1647,"{-1: deque([3, 5, 7, 12, 14, 30], maxlen=250000), 1.5: deque([0], maxlen=250000), 1: deque([4, 6, 9, 10, 11, 15, 16, 17, 18, 19, 20, 23, 24, 25, 27, 28, 29, 31], maxlen=250000)}","{1: deque([1, 2, 21, 22, 26, 32, 33], maxlen=250000), 1.5: deque([0], maxlen=250000), -1: deque([8, 13], maxlen=250000)}"
1648,"{1: deque([1, 5, 8, 9, 12, 13, 14, 16, 17, 18, 20, 22, 24, 25, 26, 30, 31, 32, 33], maxlen=250000), 1.5: deque([0], maxlen=250000), -1: deque([2, 3, 11, 15, 21, 29], maxlen=250000)}","{1: deque([4, 6, 7, 10, 19, 27], maxlen=250000), 1.5: deque([0], maxlen=250000), -1: deque([23, 28], maxlen=250000)}"
1649,"{1: deque([1, 2, 7, 8, 10, 11, 14, 16, 17, 19, 20, 21, 24, 25, 28, 29, 30, 31, 33], maxlen=250000), 1.5: deque([0], maxlen=250000), -1: deque([3, 9, 15, 26, 27, 32], maxlen=250000)}","{1: deque([4, 6, 12, 18, 22, 23], maxlen=250000), 1.5: deque([0], maxlen=250000), -1: deque([5, 13], maxlen=250000)}"
1650,"{1: deque([1, 4, 5, 6, 7, 10, 12, 14, 15, 16, 17, 20, 21, 23, 25, 27, 29, 30], maxlen=250000), 1.5: deque([0], maxlen=250000), -1: deque([2, 8, 19, 24, 28, 32], maxlen=250000)}","{-1: deque([3, 11], maxlen=250000), 1.5: deque([0], maxlen=250000), 1: deque([9, 13, 18, 22, 26, 31, 33], maxlen=250000)}"
1651,"{1: deque([1, 2, 3, 7, 9, 13, 14, 15, 18, 19, 21, 22, 23, 24, 26, 27, 29, 31, 33], maxlen=250000), 1.5: deque([0], maxlen=250000), -1: deque([4, 5, 11, 12, 28, 30], maxlen=250000)}","{1: deque([6, 10, 16, 17, 20, 32], maxlen=250000), 1.5: deque([0], maxlen=250000), -1: deque([8, 25], maxlen=250000)}"
1652,"{1: deque([1, 2, 3, 4, 6, 8, 9, 12, 13, 15, 19, 24, 25, 26, 27, 30, 31, 32], maxlen=250000), 1.5: deque([0], maxlen=250000), -1: deque([5, 7, 11, 14, 20, 28], maxlen=250000)}","{1: deque([10, 16, 17, 21, 23, 29, 33], maxlen=250000), 1.5: deque([0], maxlen=250000), -1: deque([18, 22], maxlen=250000)}"
1653,"{1: deque([1, 3, 5, 6, 8, 9, 11, 12, 18, 19, 23, 24, 25, 26, 27, 28, 30, 31, 33], maxlen=250000), 1.5: deque([0], maxlen=250000), -1: deque([2, 13, 16, 21, 22, 29], maxlen=250000)}","{1: deque([4, 7, 10, 15, 17, 32], maxlen=250000), 1.5: deque([0], maxlen=250000), -1: deque([14, 20], maxlen=250000)}"
1654,"{1: deque([1, 2, 3, 4, 6, 8, 9, 10, 13, 14, 16, 19, 23, 24, 25, 26, 30, 32], maxlen=250000), 1.5: deque([0], maxlen=250000), -1: deque([7, 11, 21, 27, 28, 31], maxlen=250000)}","{-1: deque([5, 18], maxlen=250000), 1.5: deque([0], maxlen=250000), 1: deque([12, 15, 17, 20, 22, 29, 33], maxlen=250000)}"
1655,"{1: deque([1, 4, 5, 7, 8, 10, 12, 13, 15, 17, 19, 20, 22, 25, 26, 27, 29, 30, 33], maxlen=250000), 1.5: deque([0], maxlen=250000), -1: deque([2, 6, 9, 11, 18, 32], maxlen=250000)}","{1: deque([3, 14, 16, 24, 28, 31], maxlen=250000), 1.5: deque([0], maxlen=250000), -1: deque([21, 23], maxlen=250000)}"
1656,"{-1: deque([1, 5, 8, 15, 24, 27], maxlen=250000), 1.5: deque([0], maxlen=250000), 1: deque([2, 3, 10, 11, 12, 13, 14, 16, 17, 19, 20, 22, 23, 26, 28, 29, 31, 32], maxlen=250000)}","{1: deque([4, 6, 7, 18, 25, 30, 33], maxlen=250000), 1.5: deque([0], maxlen=250000), -1: deque([9, 21], maxlen=250000)}"
1657,"{1: deque([1, 3, 5, 7, 8, 10, 13, 14, 17, 19, 21, 24, 27, 28, 29, 30, 31, 32, 33], maxlen=250000), 1.5: deque([0], maxlen=250000), -1: deque([4, 6, 9, 11, 25, 26], maxlen=250000)}","{1: deque([2, 12, 15, 20, 22, 23], maxlen=250000), 1.5: deque([0], maxlen=250000), -1: deque([16, 18], maxlen=250000)}"
1658,"{1: deque([1, 3, 4, 5, 7, 8, 9, 10, 11, 13, 15, 16, 19, 25, 26, 29, 31, 32], maxlen=250000), 1.5: deque([0], maxlen=250000), -1: deque([2, 6, 18, 22, 28, 30], maxlen=250000)}","{1: deque([12, 14, 17, 23, 24, 27, 33], maxlen=250000), 1.5: deque([0], maxlen=250000), -1: deque([20, 21], maxlen=250000)}"
1659,"{1: deque([1, 2, 3, 6, 7, 8, 11, 12, 15, 16, 20, 21, 22, 28, 29, 30, 31, 32, 33], maxlen=250000), 1.5: deque([0], maxlen=250000), -1: deque([4, 17, 18, 19, 25, 27], maxlen=250000)}","{-1: deque([5, 13], maxlen=250000), 1.5: deque([0], maxlen=250000), 1: deque([9, 10, 14, 23, 24, 26], maxlen=250000)}"
1660,"{-1: deque([2, 6, 10, 12, 18, 32], maxlen=250000), 1.5: deque([0], maxlen=250000), 1: deque([4, 7, 8, 9, 11, 13, 15, 16, 19, 21, 24, 25, 26, 27, 28, 29, 30, 31, 33], maxlen=250000)}","{1: deque([1, 5, 14, 17, 20, 23], maxlen=250000), 1.5: deque([0], maxlen=250000), -1: deque([3, 22], maxlen=250000)}"
1661,"{-1: deque([1, 11, 16, 17, 23, 31], maxlen=250000), 1.5: deque([0], maxlen=250000), 1: deque([2, 3, 4, 5, 6, 7, 9, 10, 12, 14, 19, 20, 21, 22, 25, 26, 29, 32, 33], maxlen=250000)}","{-1: deque([8, 27], maxlen=250000), 1.5: deque([0], maxlen=250000), 1: deque([13, 15, 18, 24, 28, 30], maxlen=250000)}"
1662,"{-1: deque([1, 9, 11, 19, 23, 28], maxlen=250000), 1.5: deque([0], maxlen=250000), 1: deque([2, 3, 4, 6, 7, 12, 13, 15, 16, 22, 24, 25, 26, 27, 29, 30, 31, 32, 33], maxlen=250000)}","{1: deque([5, 10, 14, 17, 18, 20], maxlen=250000), 1.5: deque([0], maxlen=250000), -1: deque([8, 21], maxlen=250000)}"
1663,"{1: deque([1, 3, 5, 8, 11, 12, 14, 15, 16, 18, 20, 21, 23, 24, 25, 30, 31, 32, 33], maxlen=250000), 1.5: deque([0], maxlen=250000), -1: deque([4, 6, 7, 19, 27, 29], maxlen=250000)}","{1: deque([2, 9, 10, 22, 26, 28], maxlen=250000), 1.5: deque([0], maxlen=250000), -1: deque([13, 17], maxlen=250000)}"
1664,"{1: deque([1, 2, 7, 11, 12, 15, 18, 19, 20, 21, 22, 23, 24, 25, 26, 28, 29, 31], maxlen=250000), 1.5: deque([0], maxlen=250000), -1: deque([5, 6, 9, 17, 30, 32], maxlen=250000)}","{1: deque([3, 4, 10, 13, 16, 27, 33], maxlen=250000), 1.5: deque([0], maxlen=250000), -1: deque([8, 14], maxlen=250000)}"
1665,"{-1: deque([1, 7, 8, 11, 24, 26], maxlen=250000), 1.5: deque([0], maxlen=250000), 1: deque([2, 3, 4, 5, 6, 12, 13, 14, 16, 19, 20, 21, 22, 23, 25, 28, 29, 30], maxlen=250000)}","{1: deque([9, 10, 15, 17, 18, 32, 33], maxlen=250000), 1.5: deque([0], maxlen=250000), -1: deque([27, 31], maxlen=250000)}"
1666,"{1: deque([1, 2, 9, 11, 12, 13, 14, 16, 18, 20, 22, 23, 24, 26, 27, 28, 30, 32, 33], maxlen=250000), 1.5: deque([0], maxlen=250000), -1: deque([5, 6, 7, 17, 19, 21], maxlen=250000)}","{1: deque([3, 4, 8, 10, 29, 31], maxlen=250000), 1.5: deque([0], maxlen=250000), -1: deque([15, 25], maxlen=250000)}"
1667,"{1: deque([1, 4, 7, 8, 10, 12, 14, 15, 16, 18, 19, 20, 22, 23, 24, 27, 28, 30], maxlen=250000), 1.5: deque([0], maxlen=250000), -1: deque([2, 3, 25, 26, 29, 31], maxlen=250000)}","{1: deque([5, 6, 9, 13, 17, 21, 33], maxlen=250000), 1.5: deque([0], maxlen=250000), -1: deque([11, 32], maxlen=250000)}"
1668,"{-1: deque([1, 3, 7, 15, 20, 21], maxlen=250000), 1.5: deque([0], maxlen=250000), 1: deque([2, 5, 6, 8, 9, 10, 11, 12, 14, 17, 18, 19, 22, 23, 24, 27, 28, 30, 33], maxlen=250000)}","{1: deque([4, 13, 25, 26, 29, 32], maxlen=250000), 1.5: deque([0], maxlen=250000), -1: deque([16, 31], maxlen=250000)}"
1669,"{1: deque([1, 2, 3, 7, 9, 11, 12, 13, 15, 17, 18, 19, 20, 23, 26, 27, 29, 32, 33], maxlen=250000), 1.5: deque([0], maxlen=250000), -1: deque([4, 5, 16, 22, 25, 30], maxlen=250000)}","{1: deque([6, 10, 21, 24, 28, 31], maxlen=250000), 1.5: deque([0], maxlen=250000), -1: deque([8, 14], maxlen=250000)}"
1670,"{1: deque([2, 4, 5, 6, 8, 9, 10, 11, 12, 16, 19, 21, 25, 27, 28, 29, 31, 32], maxlen=250000), 1.5: deque([0], maxlen=250000), -1: deque([7, 15, 17, 20, 26, 30], maxlen=250000)}","{-1: deque([1, 24], maxlen=250000), 1.5: deque([0], maxlen=250000), 1: deque([3, 13, 14, 18, 22, 23, 33], maxlen=250000)}"
1671,"{-1: deque([1, 9, 15, 21, 22, 32], maxlen=250000), 1.5: deque([0], maxlen=250000), 1: deque([3, 4, 5, 6, 7, 8, 11, 12, 13, 16, 17, 18, 19, 20, 25, 26, 30, 31, 33], maxlen=250000)}","{1: deque([2, 14, 24, 27, 28, 29], maxlen=250000), 1.5: deque([0], maxlen=250000), -1: deque([10, 23], maxlen=250000)}"
1672,"{1: deque([1, 2, 8, 10, 11, 12, 14, 15, 16, 19, 20, 22, 24, 25, 26, 28, 30, 32, 33], maxlen=250000), 1.5: deque([0], maxlen=250000), -1: deque([3, 5, 13, 21, 23, 27], maxlen=250000)}","{1: deque([4, 6, 7, 9, 18, 29], maxlen=250000), 1.5: deque([0], maxlen=250000), -1: deque([17, 31], maxlen=250000)}"
1673,"{1: deque([1, 3, 5, 7, 9, 10, 11, 12, 13, 17, 19, 20, 24, 25, 26, 27, 31, 32], maxlen=250000), 1.5: deque([0], maxlen=250000), -1: deque([2, 4, 21, 22, 28, 29], maxlen=250000)}","{1: deque([6, 14, 15, 16, 18, 23, 33], maxlen=250000), 1.5: deque([0], maxlen=250000), -1: deque([8, 30], maxlen=250000)}"
1674,"{1: deque([1, 4, 5, 6, 8, 10, 11, 13, 14, 15, 17, 18, 23, 24, 25, 27, 31, 32, 33], maxlen=250000), 1.5: deque([0], maxlen=250000), -1: deque([2, 7, 19, 21, 29, 30], maxlen=250000)}","{1: deque([3, 9, 12, 16, 26, 28], maxlen=250000), 1.5: deque([0], maxlen=250000), -1: deque([20, 22], maxlen=250000)}"
1675,"{1: deque([1, 3, 4, 6, 9, 10, 15, 16, 17, 19, 20, 21, 24, 27, 28, 29, 30, 32], maxlen=250000), 1.5: deque([0], maxlen=250000), -1: deque([5, 12, 14, 18, 22, 23], maxlen=250000)}","{1: deque([2, 7, 8, 13, 25, 31, 33], maxlen=250000), 1.5: deque([0], maxlen=250000), -1: deque([11, 26], maxlen=250000)}"
1676,"{1: deque([1, 2, 3, 4, 5, 8, 9, 10, 12, 14, 15, 16, 17, 20, 24, 26, 29, 32], maxlen=250000), 1.5: deque([0], maxlen=250000), -1: deque([6, 7, 18, 22, 25, 30], maxlen=250000)}","{-1: deque([11, 21], maxlen=250000), 1.5: deque([0], maxlen=250000), 1: deque([13, 19, 23, 27, 28, 31, 33], maxlen=250000)}"
1677,"{1: deque([1, 3, 4, 6, 7, 8, 9, 10, 11, 13, 14, 18, 19, 20, 27, 28, 30, 32, 33], maxlen=250000), 1.5: deque([0], maxlen=250000), -1: deque([5, 16, 17, 21, 24, 31], maxlen=250000)}","{1: deque([2, 12, 15, 22, 25, 26], maxlen=250000), 1.5: deque([0], maxlen=250000), -1: deque([23, 29], maxlen=250000)}"
1678,"{-1: deque([1, 7, 9, 13, 14, 31], maxlen=250000), 1.5: deque([0], maxlen=250000), 1: deque([2, 3, 5, 8, 10, 11, 15, 17, 19, 20, 21, 22, 24, 27, 28, 29, 30, 32, 33], maxlen=250000)}","{-1: deque([4, 16], maxlen=250000), 1.5: deque([0], maxlen=250000), 1: deque([6, 12, 18, 23, 25, 26], maxlen=250000)}"
1679,"{1: deque([1, 2, 3, 5, 6, 7, 9, 13, 14, 18, 19, 22, 23, 24, 25, 26, 28, 31], maxlen=250000), 1.5: deque([0], maxlen=250000), -1: deque([4, 8, 10, 17, 27, 32], maxlen=250000)}","{1: deque([11, 12, 16, 20, 29, 30, 33], maxlen=250000), 1.5: deque([0], maxlen=250000), -1: deque([15, 21], maxlen=250000)}"
1680,"{1: deque([1, 2, 4, 6, 7, 8, 11, 12, 13, 14, 17, 20, 21, 22, 23, 25, 27, 32], maxlen=250000), 1.5: deque([0], maxlen=250000), -1: deque([10, 16, 19, 24, 26, 30], maxlen=250000)}","{1: deque([3, 5, 9, 15, 28, 31, 33], maxlen=250000), 1.5: deque([0], maxlen=250000), -1: deque([18, 29], maxlen=250000)}"
1681,"{1: deque([1, 4, 5, 7, 8, 11, 12, 16, 19, 21, 22, 24, 25, 26, 28, 30, 31, 32, 33], maxlen=250000), 1.5: deque([0], maxlen=250000), -1: deque([2, 9, 13, 14, 18, 29], maxlen=250000)}","{-1: deque([3, 27], maxlen=250000), 1.5: deque([0], maxlen=250000), 1: deque([6, 10, 15, 17, 20, 23], maxlen=250000)}"
1682,"{1: deque([1, 3, 4, 6, 9, 10, 13, 15, 17, 20, 23, 24, 25, 26, 28, 29, 31, 32, 33], maxlen=250000), 1.5: deque([0], maxlen=250000), -1: deque([2, 8, 11, 16, 18, 27], maxlen=250000)}","{1: deque([5, 7, 14, 19, 22, 30], maxlen=250000), 1.5: deque([0], maxlen=250000), -1: deque([12, 21], maxlen=250000)}"
1683,"{-1: deque([5, 13, 25, 26, 30, 32], maxlen=250000), 1.5: deque([0], maxlen=250000), 1: deque([6, 7, 9, 10, 14, 15, 16, 17, 18, 19, 21, 22, 23, 24, 27, 28, 29, 31, 33], maxlen=250000)}","{1: deque([1, 4, 8, 11, 12, 20], maxlen=250000), 1.5: deque([0], maxlen=250000), -1: deque([2, 3], maxlen=250000)}"
1684,"{1: deque([2, 7, 10, 11, 12, 13, 14, 15, 17, 19, 21, 22, 23, 24, 26, 27, 30, 32, 33], maxlen=250000), 1.5: deque([0], maxlen=250000), -1: deque([3, 6, 8, 18, 20, 25], maxlen=250000)}","{1: deque([1, 4, 5, 16, 28, 31], maxlen=250000), 1.5: deque([0], maxlen=250000), -1: deque([9, 29], maxlen=250000)}"
1685,"{1: deque([1, 2, 3, 4, 6, 9, 12, 15, 19, 21, 22, 23, 25, 26, 28, 29, 30, 31], maxlen=250000), 1.5: deque([0], maxlen=250000), -1: deque([14, 17, 18, 24, 27, 32], maxlen=250000)}","{1: deque([5, 7, 10, 11, 16, 20, 33], maxlen=250000), 1.5: deque([0], maxlen=250000), -1: deque([8, 13], maxlen=250000)}"
1686,"{1: deque([1, 6, 7, 8, 10, 12, 13, 14, 18, 20, 21, 22, 24, 26, 27, 30, 31, 32], maxlen=250000), 1.5: deque([0], maxlen=250000), -1: deque([2, 5, 9, 19, 25, 29], maxlen=250000)}","{1: deque([3, 4, 11, 16, 17, 28, 33], maxlen=250000), 1.5: deque([0], maxlen=250000), -1: deque([15, 23], maxlen=250000)}"
1687,"{1: deque([2, 3, 4, 5, 8, 9, 10, 14, 15, 16, 19, 20, 21, 23, 24, 28, 31, 32, 33], maxlen=250000), 1.5: deque([0], maxlen=250000), -1: deque([11, 17, 25, 26, 27, 30], maxlen=250000)}","{-1: deque([1, 18], maxlen=250000), 1.5: deque([0], maxlen=250000), 1: deque([6, 7, 12, 13, 22, 29], maxlen=250000)}"
1688,"{1: deque([1, 3, 5, 6, 7, 8, 10, 13, 14, 15, 16, 17, 20, 22, 23, 27, 30, 31, 33], maxlen=250000), 1.5: deque([0], maxlen=250000), -1: deque([2, 11, 19, 21, 26, 32], maxlen=250000)}","{-1: deque([4, 18], maxlen=250000), 1.5: deque([0], maxlen=250000), 1: deque([9, 12, 24, 25, 28, 29], maxlen=250000)}"
1689,"{-1: deque([1, 3, 12, 14, 17, 26], maxlen=250000), 1.5: deque([0], maxlen=250000), 1: deque([2, 4, 5, 6, 8, 9, 10, 11, 13, 18, 22, 23, 24, 25, 28, 30, 31, 32], maxlen=250000)}","{1: deque([7, 15, 19, 20, 27, 29, 33], maxlen=250000), 1.5: deque([0], maxlen=250000), -1: deque([16, 21], maxlen=250000)}"
1690,"{1: deque([1, 3, 4, 6, 7, 8, 12, 13, 14, 17, 18, 19, 24, 27, 28, 29, 31, 32, 33], maxlen=250000), 1.5: deque([0], maxlen=250000), -1: deque([2, 5, 9, 11, 20, 26], maxlen=250000)}","{1: deque([10, 15, 21, 22, 25, 30], maxlen=250000), 1.5: deque([0], maxlen=250000), -1: deque([16, 23], maxlen=250000)}"
1691,"{1: deque([1, 2, 3, 5, 7, 11, 12, 13, 15, 16, 17, 19, 20, 22, 24, 30, 31, 32, 33], maxlen=250000), 1.5: deque([0], maxlen=250000), -1: deque([4, 8, 9, 21, 26, 29], maxlen=250000)}","{-1: deque([6, 25], maxlen=250000), 1.5: deque([0], maxlen=250000), 1: deque([10, 14, 18, 23, 27, 28], maxlen=250000)}"
1692,"{1: deque([1, 2, 3, 4, 5, 10, 13, 14, 15, 19, 20, 22, 24, 25, 26, 27, 29, 31], maxlen=250000), 1.5: deque([0], maxlen=250000), -1: deque([8, 12, 18, 21, 28, 30], maxlen=250000)}","{1: deque([6, 7, 9, 11, 23, 32, 33], maxlen=250000), 1.5: deque([0], maxlen=250000), -1: deque([16, 17], maxlen=250000)}"
1693,"{1: deque([1, 2, 5, 6, 8, 9, 13, 14, 16, 17, 18, 19, 24, 25, 28, 29, 31, 32], maxlen=250000), 1.5: deque([0], maxlen=250000), -1: deque([12, 20, 23, 26, 27, 30], maxlen=250000)}","{1: deque([3, 4, 7, 10, 21, 22, 33], maxlen=250000), 1.5: deque([0], maxlen=250000), -1: deque([11, 15], maxlen=250000)}"
1694,"{-1: deque([1, 5, 12, 14, 25, 27], maxlen=250000), 1.5: deque([0], maxlen=250000), 1: deque([2, 4, 7, 9, 13, 15, 16, 17, 19, 20, 21, 22, 24, 26, 28, 30, 31, 32], maxlen=250000)}","{1: deque([3, 6, 8, 18, 23, 29, 33], maxlen=250000), 1.5: deque([0], maxlen=250000), -1: deque([10, 11], maxlen=250000)}"
1695,"{1: deque([1, 5, 6, 9, 10, 12, 13, 15, 17, 18, 21, 23, 24, 25, 26, 27, 28, 31], maxlen=250000), 1.5: deque([0], maxlen=250000), -1: deque([2, 8, 11, 20, 30, 32], maxlen=250000)}","{-1: deque([3, 4], maxlen=250000), 1.5: deque([0], maxlen=250000), 1: deque([7, 14, 16, 19, 22, 29, 33], maxlen=250000)}"
1696,"{1: deque([2, 3, 4, 5, 8, 9, 10, 12, 15, 17, 18, 19, 24, 26, 27, 28, 31, 32], maxlen=250000), 1.5: deque([0], maxlen=250000), -1: deque([13, 14, 16, 25, 29, 30], maxlen=250000)}","{-1: deque([1, 11], maxlen=250000), 1.5: deque([0], maxlen=250000), 1: deque([6, 7, 20, 21, 22, 23, 33], maxlen=250000)}"
1697,"{1: deque([1, 2, 3, 4, 5, 8, 11, 12, 15, 17, 18, 21, 23, 25, 26, 28, 29, 31, 33], maxlen=250000), 1.5: deque([0], maxlen=250000), -1: deque([7, 10, 14, 20, 27, 32], maxlen=250000)}","{1: deque([6, 13, 16, 19, 22, 24], maxlen=250000), 1.5: deque([0], maxlen=250000), -1: deque([9, 30], maxlen=250000)}"
1698,"{1: deque([1, 2, 3, 6, 7, 8, 9, 10, 12, 13, 14, 17, 20, 22, 24, 27, 29, 31], maxlen=250000), 1.5: deque([0], maxlen=250000), -1: deque([4, 11, 16, 23, 25, 26], maxlen=250000)}","{1: deque([5, 18, 21, 28, 30, 32, 33], maxlen=250000), 1.5: deque([0], maxlen=250000), -1: deque([15, 19], maxlen=250000)}"
1699,"{1: deque([1, 2, 4, 5, 7, 8, 11, 13, 15, 17, 18, 21, 23, 25, 27, 28, 30, 31, 33], maxlen=250000), 1.5: deque([0], maxlen=250000), -1: deque([3, 9, 12, 14, 20, 22], maxlen=250000)}","{-1: deque([6, 10], maxlen=250000), 1.5: deque([0], maxlen=250000), 1: deque([16, 19, 24, 26, 29, 32], maxlen=250000)}"
1700,"{-1: deque([1, 4, 12, 17, 28, 29], maxlen=250000), 1.5: deque([0], maxlen=250000), 1: deque([2, 5, 6, 7, 8, 10, 13, 15, 16, 18, 19, 20, 23, 24, 26, 27, 30, 32], maxlen=250000)}","{1: deque([3, 9, 14, 22, 25, 31, 33], maxlen=250000), 1.5: deque([0], maxlen=250000), -1: deque([11, 21], maxlen=250000)}"
1701,"{1: deque([1, 2, 3, 4, 6, 7, 9, 10, 12, 13, 15, 18, 20, 22, 24, 27, 28, 32, 33], maxlen=250000), 1.5: deque([0], maxlen=250000), -1: deque([11, 16, 23, 26, 29, 31], maxlen=250000)}","{1: deque([5, 8, 14, 19, 21, 30], maxlen=250000), 1.5: deque([0], maxlen=250000), -1: deque([17, 25], maxlen=250000)}"
1702,"{-1: deque([1, 6, 9, 22, 23, 24], maxlen=250000), 1.5: deque([0], maxlen=250000), 1: deque([2, 5, 7, 11, 12, 13, 14, 15, 16, 18, 19, 20, 21, 27, 28, 29, 30, 32], maxlen=250000)}","{1: deque([3, 10, 17, 25, 26, 31, 33], maxlen=250000), 1.5: deque([0], maxlen=250000), -1: deque([4, 8], maxlen=250000)}"
1703,"{1: deque([3, 4, 5, 6, 7, 9, 11, 13, 16, 17, 20, 21, 24, 25, 28, 29, 30, 32], maxlen=250000), 1.5: deque([0], maxlen=250000), -1: deque([8, 15, 18, 22, 23, 27], maxlen=250000)}","{1: deque([1, 2, 10, 12, 14, 19, 33], maxlen=250000), 1.5: deque([0], maxlen=250000), -1: deque([26, 31], maxlen=250000)}"
1704,"{1: deque([1, 2, 3, 5, 6, 7, 9, 14, 15, 16, 18, 19, 22, 23, 24, 26, 27, 31], maxlen=250000), 1.5: deque([0], maxlen=250000), -1: deque([11, 17, 20, 25, 29, 32], maxlen=250000)}","{1: deque([4, 10, 12, 21, 28, 30, 33], maxlen=250000), 1.5: deque([0], maxlen=250000), -1: deque([8, 13], maxlen=250000)}"
1705,"{1: deque([1, 4, 6, 7, 9, 10, 11, 13, 15, 16, 18, 20, 22, 23, 25, 28, 29, 31, 33], maxlen=250000), 1.5: deque([0], maxlen=250000), -1: deque([17, 19, 24, 26, 30, 32], maxlen=250000)}","{1: deque([2, 3, 5, 8, 12, 21], maxlen=250000), 1.5: deque([0], maxlen=250000), -1: deque([14, 27], maxlen=250000)}"
1706,"{1: deque([1, 2, 4, 7, 8, 9, 11, 15, 16, 18, 20, 21, 25, 27, 28, 29, 30, 31, 33], maxlen=250000), 1.5: deque([0], maxlen=250000), -1: deque([10, 12, 13, 19, 23, 32], maxlen=250000)}","{1: deque([3, 6, 17, 22, 24, 26], maxlen=250000), 1.5: deque([0], maxlen=250000), -1: deque([5, 14], maxlen=250000)}"
1707,"{-1: deque([1, 2, 6, 8, 24, 26], maxlen=250000), 1.5: deque([0], maxlen=250000), 1: deque([4, 9, 10, 12, 13, 14, 16, 17, 18, 19, 20, 22, 23, 25, 28, 29, 30, 32], maxlen=250000)}","{1: deque([3, 5, 11, 21, 27, 31, 33], maxlen=250000), 1.5: deque([0], maxlen=250000), -1: deque([7, 15], maxlen=250000)}"
1708,"{1: deque([1, 2, 3, 5, 7, 8, 9, 10, 17, 18, 19, 20, 21, 23, 25, 26, 27, 29, 30, 31, 32, 33], maxlen=250000), 1.5: deque([0], maxlen=250000), -1: deque([11, 13, 15], maxlen=250000)}","{1: deque([4, 12, 14, 16, 22, 24, 28], maxlen=250000), 1.5: deque([0], maxlen=250000), -1: deque([6], maxlen=250000)}"
1709,"{1: deque([2, 4, 7, 8, 9, 10, 11, 12, 13, 14, 15, 16, 17, 18, 20, 21, 22, 23, 28, 31, 32], maxlen=250000), 1.5: deque([0], maxlen=250000), -1: deque([19, 24, 29], maxlen=250000)}","{1: deque([1, 3, 5, 6, 25, 26, 27, 33], maxlen=250000), 1.5: deque([0], maxlen=250000), -1: deque([30], maxlen=250000)}"
1710,"{1: deque([2, 3, 4, 6, 7, 9, 10, 11, 12, 14, 15, 16, 18, 20, 21, 22, 24, 25, 26, 27, 32, 33], maxlen=250000), 1.5: deque([0], maxlen=250000), -1: deque([13, 17, 31], maxlen=250000)}","{1: deque([1, 5, 8, 19, 23, 28, 29], maxlen=250000), 1.5: deque([0], maxlen=250000), -1: deque([30], maxlen=250000)}"
1711,"{-1: deque([1, 28, 31], maxlen=250000), 1.5: deque([0], maxlen=250000), 1: deque([2, 3, 4, 5, 7, 8, 9, 11, 14, 15, 16, 19, 20, 21, 22, 23, 24, 25, 27, 29, 32], maxlen=250000)}","{1: deque([6, 10, 13, 17, 18, 26, 30, 33], maxlen=250000), 1.5: deque([0], maxlen=250000), -1: deque([12], maxlen=250000)}"
1712,"{1: deque([1, 2, 3, 4, 5, 8, 9, 10, 11, 14, 19, 21, 22, 23, 24, 26, 27, 29, 30, 31, 32], maxlen=250000), 1.5: deque([0], maxlen=250000), -1: deque([12, 13, 20], maxlen=250000)}","{1: deque([6, 7, 16, 17, 18, 25, 28, 33], maxlen=250000), 1.5: deque([0], maxlen=250000), -1: deque([15], maxlen=250000)}"
1713,"{1: deque([1, 2, 3, 4, 5, 8, 9, 10, 11, 12, 13, 14, 15, 17, 18, 23, 28, 29, 30, 31, 32], maxlen=250000), 1.5: deque([0], maxlen=250000), -1: deque([6, 24, 25], maxlen=250000)}","{1: deque([7, 16, 19, 21, 22, 26, 27, 33], maxlen=250000), 1.5: deque([0], maxlen=250000), -1: deque([20], maxlen=250000)}"
1714,"{1: deque([4, 6, 7, 8, 9, 10, 11, 12, 14, 15, 16, 17, 18, 19, 20, 22, 25, 27, 28, 30, 32, 33], maxlen=250000), 1.5: deque([0], maxlen=250000), -1: deque([5, 23, 29], maxlen=250000)}","{1: deque([1, 2, 3, 13, 21, 24, 26], maxlen=250000), 1.5: deque([0], maxlen=250000), -1: deque([31], maxlen=250000)}"
1715,"{1: deque([1, 2, 3, 6, 7, 8, 11, 12, 14, 16, 18, 19, 22, 24, 25, 26, 27, 29, 30, 31, 32], maxlen=250000), 1.5: deque([0], maxlen=250000), -1: deque([9, 20, 21], maxlen=250000)}","{1: deque([4, 5, 10, 13, 15, 23, 28, 33], maxlen=250000), 1.5: deque([0], maxlen=250000), -1: deque([17], maxlen=250000)}"
1716,"{1: deque([1, 3, 4, 5, 7, 8, 10, 14, 15, 18, 19, 20, 21, 23, 24, 25, 28, 29, 30, 31, 32, 33], maxlen=250000), 1.5: deque([0], maxlen=250000), -1: deque([12, 13, 27], maxlen=250000)}","{1: deque([2, 9, 11, 16, 17, 22, 26], maxlen=250000), 1.5: deque([0], maxlen=250000), -1: deque([6], maxlen=250000)}"
1717,"{1: deque([2, 3, 4, 5, 6, 7, 8, 9, 10, 12, 13, 14, 17, 18, 21, 23, 24, 25, 29, 31, 32, 33], maxlen=250000), 1.5: deque([0], maxlen=250000), -1: deque([26, 27, 30], maxlen=250000)}","{1: deque([1, 11, 16, 19, 20, 22, 28], maxlen=250000), 1.5: deque([0], maxlen=250000), -1: deque([15], maxlen=250000)}"
1718,"{1: deque([1, 2, 4, 5, 7, 8, 9, 10, 11, 12, 14, 16, 17, 18, 19, 20, 22, 24, 25, 27, 31], maxlen=250000), 1.5: deque([0], maxlen=250000), -1: deque([23, 30, 32], maxlen=250000)}","{1: deque([3, 6, 13, 15, 26, 28, 29, 33], maxlen=250000), 1.5: deque([0], maxlen=250000), -1: deque([21], maxlen=250000)}"
1719,"{1: deque([2, 5, 6, 7, 9, 10, 11, 12, 13, 15, 17, 18, 19, 21, 24, 25, 26, 27, 29, 30, 31], maxlen=250000), 1.5: deque([0], maxlen=250000), -1: deque([3, 14, 20], maxlen=250000)}","{1: deque([1, 4, 8, 16, 22, 28, 32, 33], maxlen=250000), 1.5: deque([0], maxlen=250000), -1: deque([23], maxlen=250000)}"
1720,"{1: deque([1, 2, 3, 5, 7, 8, 9, 10, 11, 12, 13, 14, 15, 16, 23, 24, 25, 27, 28, 29, 32, 33], maxlen=250000), 1.5: deque([0], maxlen=250000), -1: deque([18, 21, 30], maxlen=250000)}","{1: deque([4, 6, 19, 20, 22, 26, 31], maxlen=250000), 1.5: deque([0], maxlen=250000), -1: deque([17], maxlen=250000)}"
1721,"{1: deque([4, 5, 6, 7, 9, 10, 12, 13, 14, 17, 18, 20, 21, 22, 23, 24, 25, 28, 29, 30, 32, 33], maxlen=250000), 1.5: deque([0], maxlen=250000), -1: deque([8, 15, 31], maxlen=250000)}","{1: deque([1, 2, 3, 11, 16, 19, 26], maxlen=250000), 1.5: deque([0], maxlen=250000), -1: deque([27], maxlen=250000)}"
1722,"{1: deque([1, 2, 3, 4, 5, 7, 8, 9, 10, 13, 15, 16, 17, 18, 19, 20, 22, 28, 29, 31, 32], maxlen=250000), 1.5: deque([0], maxlen=250000), -1: deque([21, 27, 30], maxlen=250000)}","{1: deque([6, 11, 12, 14, 24, 25, 26, 33], maxlen=250000), 1.5: deque([0], maxlen=250000), -1: deque([23], maxlen=250000)}"
1723,"{-1: deque([1, 4, 10], maxlen=250000), 1.5: deque([0], maxlen=250000), 1: deque([3, 5, 6, 7, 8, 11, 15, 16, 17, 18, 21, 22, 24, 25, 26, 27, 28, 29, 30, 31, 32, 33], maxlen=250000)}","{-1: deque([2], maxlen=250000), 1.5: deque([0], maxlen=250000), 1: deque([9, 12, 13, 14, 19, 20, 23], maxlen=250000)}"
1724,"{1: deque([1, 2, 3, 6, 7, 10, 11, 12, 13, 16, 19, 20, 21, 22, 23, 24, 25, 26, 29, 30, 31], maxlen=250000), 1.5: deque([0], maxlen=250000), -1: deque([4, 8, 18], maxlen=250000)}","{1: deque([5, 9, 14, 15, 17, 28, 32, 33], maxlen=250000), 1.5: deque([0], maxlen=250000), -1: deque([27], maxlen=250000)}"
1725,"{-1: deque([1, 2, 24], maxlen=250000), 1.5: deque([0], maxlen=250000), 1: deque([3, 4, 5, 6, 7, 8, 9, 10, 16, 17, 18, 19, 20, 21, 23, 25, 26, 28, 30, 31, 32], maxlen=250000)}","{1: deque([11, 12, 13, 14, 15, 27, 29, 33], maxlen=250000), 1.5: deque([0], maxlen=250000), -1: deque([22], maxlen=250000)}"
1726,"{1: deque([1, 2, 4, 5, 7, 8, 9, 12, 13, 17, 19, 20, 22, 23, 25, 26, 27, 29, 30, 31, 32], maxlen=250000), 1.5: deque([0], maxlen=250000), -1: deque([11, 14, 16], maxlen=250000)}","{1: deque([3, 6, 10, 15, 18, 21, 28, 33], maxlen=250000), 1.5: deque([0], maxlen=250000), -1: deque([24], maxlen=250000)}"
1727,"{1: deque([1, 3, 4, 5, 8, 10, 14, 16, 17, 18, 19, 20, 21, 22, 24, 25, 27, 28, 29, 31, 32], maxlen=250000), 1.5: deque([0], maxlen=250000), -1: deque([7, 9, 26], maxlen=250000)}","{-1: deque([2], maxlen=250000), 1.5: deque([0], maxlen=250000), 1: deque([6, 11, 12, 13, 15, 23, 30, 33], maxlen=250000)}"
1728,"{1: deque([2, 3, 4, 5, 6, 7, 8, 9, 12, 13, 14, 17, 18, 19, 20, 23, 25, 28, 30, 31, 32], maxlen=250000), 1.5: deque([0], maxlen=250000), -1: deque([10, 16, 22], maxlen=250000)}","{-1: deque([1], maxlen=250000), 1.5: deque([0], maxlen=250000), 1: deque([11, 15, 21, 24, 26, 27, 29, 33], maxlen=250000)}"
1729,"{1: deque([1, 4, 5, 7, 8, 9, 10, 12, 14, 15, 16, 17, 18, 19, 20, 21, 22, 24, 26, 27, 28], maxlen=250000), 1.5: deque([0], maxlen=250000), -1: deque([3, 11, 32], maxlen=250000)}","{-1: deque([2], maxlen=250000), 1.5: deque([0], maxlen=250000), 1: deque([6, 13, 23, 25, 29, 30, 31, 33], maxlen=250000)}"
1730,"{1: deque([1, 2, 3, 5, 7, 8, 10, 12, 13, 15, 16, 17, 18, 19, 20, 21, 22, 26, 27, 30, 31, 33], maxlen=250000), 1.5: deque([0], maxlen=250000), -1: deque([4, 9, 24], maxlen=250000)}","{1: deque([6, 11, 14, 23, 28, 29, 32], maxlen=250000), 1.5: deque([0], maxlen=250000), -1: deque([25], maxlen=250000)}"
1731,"{1: deque([1, 3, 5, 6, 7, 9, 11, 12, 13, 14, 15, 17, 18, 20, 22, 23, 24, 27, 28, 29, 32, 33], maxlen=250000), 1.5: deque([0], maxlen=250000), -1: deque([4, 8, 31], maxlen=250000)}","{1: deque([2, 10, 16, 19, 21, 26, 30], maxlen=250000), 1.5: deque([0], maxlen=250000), -1: deque([25], maxlen=250000)}"
1732,"{1: deque([1, 3, 7, 8, 10, 11, 13, 14, 16, 18, 19, 20, 22, 23, 24, 25, 26, 27, 28, 30, 32, 33], maxlen=250000), 1.5: deque([0], maxlen=250000), -1: deque([4, 5, 29], maxlen=250000)}","{1: deque([2, 6, 9, 12, 15, 17, 31], maxlen=250000), 1.5: deque([0], maxlen=250000), -1: deque([21], maxlen=250000)}"
1733,"{1: deque([1, 2, 4, 6, 7, 8, 9, 10, 12, 14, 17, 18, 20, 21, 23, 24, 25, 26, 29, 30, 31], maxlen=250000), 1.5: deque([0], maxlen=250000), -1: deque([3, 19, 32], maxlen=250000)}","{1: deque([5, 11, 13, 15, 22, 27, 28, 33], maxlen=250000), 1.5: deque([0], maxlen=250000), -1: deque([16], maxlen=250000)}"
1734,"{1: deque([3, 5, 6, 7, 10, 11, 12, 13, 14, 16, 17, 18, 19, 20, 21, 22, 23, 25, 26, 29, 32, 33], maxlen=250000), 1.5: deque([0], maxlen=250000), -1: deque([8, 27, 30], maxlen=250000)}","{1: deque([1, 4, 9, 15, 24, 28, 31], maxlen=250000), 1.5: deque([0], maxlen=250000), -1: deque([2], maxlen=250000)}"
1735,"{1: deque([1, 2, 4, 5, 6, 11, 12, 13, 16, 17, 18, 19, 20, 21, 23, 24, 27, 29, 30, 31, 32], maxlen=250000), 1.5: deque([0], maxlen=250000), -1: deque([7, 15, 22], maxlen=250000)}","{1: deque([3, 8, 9, 10, 25, 26, 28, 33], maxlen=250000), 1.5: deque([0], maxlen=250000), -1: deque([14], maxlen=250000)}"
1736,"{1: deque([1, 3, 4, 5, 6, 7, 8, 11, 12, 14, 16, 17, 18, 19, 22, 23, 25, 26, 29, 30, 31], maxlen=250000), 1.5: deque([0], maxlen=250000), -1: deque([10, 15, 24], maxlen=250000)}","{1: deque([2, 9, 20, 21, 27, 28, 32, 33], maxlen=250000), 1.5: deque([0], maxlen=250000), -1: deque([13], maxlen=250000)}"
1737,"{-1: deque([2, 3, 30], maxlen=250000), 1.5: deque([0], maxlen=250000), 1: deque([4, 5, 6, 7, 9, 10, 11, 12, 13, 14, 15, 16, 17, 18, 19, 22, 23, 26, 29, 31, 32, 33], maxlen=250000)}","{1: deque([1, 8, 20, 21, 25, 27, 28], maxlen=250000), 1.5: deque([0], maxlen=250000), -1: deque([24], maxlen=250000)}"
1738,"{1: deque([1, 3, 5, 8, 9, 10, 11, 12, 15, 17, 19, 20, 21, 22, 23, 27, 28, 29, 30, 31, 32], maxlen=250000), 1.5: deque([0], maxlen=250000), -1: deque([6, 25, 26], maxlen=250000)}","{-1: deque([2], maxlen=250000), 1.5: deque([0], maxlen=250000), 1: deque([4, 7, 13, 14, 16, 18, 24, 33], maxlen=250000)}"
1739,"{1: deque([1, 2, 3, 4, 7, 9, 10, 12, 13, 14, 15, 18, 19, 21, 22, 23, 25, 26, 27, 30, 31], maxlen=250000), 1.5: deque([0], maxlen=250000), -1: deque([11, 16, 28], maxlen=250000)}","{1: deque([5, 6, 8, 20, 24, 29, 32, 33], maxlen=250000), 1.5: deque([0], maxlen=250000), -1: deque([17], maxlen=250000)}"
1740,"{1: deque([1, 2, 3, 6, 9, 10, 11, 12, 14, 16, 17, 18, 19, 20, 22, 24, 26, 27, 28, 31, 32], maxlen=250000), 1.5: deque([0], maxlen=250000), -1: deque([4, 23, 30], maxlen=250000)}","{1: deque([5, 8, 13, 15, 21, 25, 29, 33], maxlen=250000), 1.5: deque([0], maxlen=250000), -1: deque([7], maxlen=250000)}"
1741,"{1: deque([2, 3, 5, 7, 13, 14, 15, 16, 17, 19, 20, 22, 23, 24, 25, 26, 27, 28, 29, 30, 31], maxlen=250000), 1.5: deque([0], maxlen=250000), -1: deque([12, 18, 32], maxlen=250000)}","{1: deque([1, 4, 6, 8, 9, 10, 21, 33], maxlen=250000), 1.5: deque([0], maxlen=250000), -1: deque([11], maxlen=250000)}"
1742,"{1: deque([3, 4, 7, 10, 11, 14, 15, 16, 17, 19, 20, 21, 22, 23, 24, 25, 26, 28, 30, 31, 32, 33], maxlen=250000), 1.5: deque([0], maxlen=250000), -1: deque([8, 13, 18], maxlen=250000)}","{1: deque([1, 2, 6, 9, 12, 27, 29], maxlen=250000), 1.5: deque([0], maxlen=250000), -1: deque([5], maxlen=250000)}"
1743,"{1: deque([4, 6, 8, 9, 10, 11, 13, 14, 15, 17, 18, 19, 21, 22, 24, 27, 28, 29, 30, 31, 32], maxlen=250000), 1.5: deque([0], maxlen=250000), -1: deque([7, 23, 25], maxlen=250000)}","{1: deque([1, 3, 5, 12, 16, 20, 26, 33], maxlen=250000), 1.5: deque([0], maxlen=250000), -1: deque([2], maxlen=250000)}"
1744,"{1: deque([1, 2, 3, 5, 6, 9, 11, 12, 13, 14, 15, 16, 19, 20, 22, 23, 26, 27, 29, 31, 32], maxlen=250000), 1.5: deque([0], maxlen=250000), -1: deque([10, 17, 21], maxlen=250000)}","{1: deque([4, 7, 18, 24, 25, 28, 30, 33], maxlen=250000), 1.5: deque([0], maxlen=250000), -1: deque([8], maxlen=250000)}"
1745,"{1: deque([3, 5, 6, 7, 9, 10, 11, 13, 14, 16, 18, 20, 21, 22, 23, 24, 25, 27, 29, 30, 31], maxlen=250000), 1.5: deque([0], maxlen=250000), -1: deque([19, 28, 32], maxlen=250000)}","{1: deque([1, 2, 4, 8, 12, 15, 17, 33], maxlen=250000), 1.5: deque([0], maxlen=250000), -1: deque([26], maxlen=250000)}"
1746,"{1: deque([1, 2, 3, 4, 6, 9, 10, 11, 12, 14, 15, 17, 20, 23, 24, 26, 27, 28, 30, 31, 32], maxlen=250000), 1.5: deque([0], maxlen=250000), -1: deque([8, 13, 18], maxlen=250000)}","{1: deque([5, 16, 19, 21, 22, 25, 29, 33], maxlen=250000), 1.5: deque([0], maxlen=250000), -1: deque([7], maxlen=250000)}"
1747,"{-1: deque([1, 11, 16], maxlen=250000), 1.5: deque([0], maxlen=250000), 1: deque([2, 5, 6, 7, 8, 9, 12, 14, 15, 17, 19, 20, 21, 22, 23, 24, 25, 26, 29, 31, 32], maxlen=250000)}","{1: deque([3, 4, 13, 18, 27, 28, 30, 33], maxlen=250000), 1.5: deque([0], maxlen=250000), -1: deque([10], maxlen=250000)}"
1748,"{1: deque([3, 4, 5, 6, 7, 8, 9, 10, 11, 13, 15, 16, 17, 20, 21, 23, 24, 25, 26, 27, 28, 33], maxlen=250000), 1.5: deque([0], maxlen=250000), -1: deque([12, 22, 29], maxlen=250000)}","{1: deque([1, 2, 14, 18, 19, 30, 32], maxlen=250000), 1.5: deque([0], maxlen=250000), -1: deque([31], maxlen=250000)}"
1749,"{1: deque([1, 2, 3, 5, 7, 8, 9, 10, 12, 14, 15, 17, 21, 22, 23, 25, 26, 28, 29, 30, 32, 33], maxlen=250000), 1.5: deque([0], maxlen=250000), -1: deque([11, 13, 16], maxlen=250000)}","{1: deque([4, 6, 18, 19, 20, 27, 31], maxlen=250000), 1.5: deque([0], maxlen=250000), -1: deque([24], maxlen=250000)}"
1750,"{1: deque([1, 2, 4, 5, 6, 7, 8, 9, 10, 15, 18, 19, 21, 24, 25, 26, 27, 28, 29, 31, 32, 33], maxlen=250000), 1.5: deque([0], maxlen=250000), -1: deque([13, 22, 23], maxlen=250000)}","{1: deque([3, 11, 12, 14, 17, 20, 30], maxlen=250000), 1.5: deque([0], maxlen=250000), -1: deque([16], maxlen=250000)}"
1751,"{1: deque([1, 2, 3, 5, 7, 8, 10, 11, 14, 17, 18, 19, 20, 21, 22, 24, 26, 27, 29, 30, 31, 33], maxlen=250000), 1.5: deque([0], maxlen=250000), -1: deque([4, 13, 25], maxlen=250000)}","{1: deque([6, 9, 12, 15, 16, 23, 32], maxlen=250000), 1.5: deque([0], maxlen=250000), -1: deque([28], maxlen=250000)}"
1752,"{1: deque([1, 2, 6, 7, 8, 9, 10, 11, 12, 13, 17, 19, 20, 21, 22, 23, 26, 27, 28, 30, 31], maxlen=250000), 1.5: deque([0], maxlen=250000), -1: deque([4, 29, 32], maxlen=250000)}","{1: deque([3, 5, 14, 16, 18, 24, 25, 33], maxlen=250000), 1.5: deque([0], maxlen=250000), -1: deque([15], maxlen=250000)}"
1753,"{1: deque([1, 2, 3, 4, 6, 7, 10, 11, 12, 14, 15, 16, 17, 18, 20, 21, 22, 23, 24, 29, 30], maxlen=250000), 1.5: deque([0], maxlen=250000), -1: deque([19, 25, 26], maxlen=250000)}","{1: deque([5, 8, 9, 27, 28, 31, 32, 33], maxlen=250000), 1.5: deque([0], maxlen=250000), -1: deque([13], maxlen=250000)}"
1754,"{1: deque([1, 3, 4, 5, 6, 10, 11, 12, 14, 17, 19, 20, 21, 22, 23, 24, 26, 27, 28, 29, 31, 33], maxlen=250000), 1.5: deque([0], maxlen=250000), -1: deque([16, 18, 25], maxlen=250000)}","{1: deque([2, 7, 8, 13, 15, 30, 32], maxlen=250000), 1.5: deque([0], maxlen=250000), -1: deque([9], maxlen=250000)}"
1755,"{1: deque([1, 2, 3, 5, 6, 7, 10, 11, 13, 15, 16, 19, 20, 21, 24, 25, 26, 28, 29, 30, 32], maxlen=250000), 1.5: deque([0], maxlen=250000), -1: deque([8, 14, 31], maxlen=250000)}","{1: deque([4, 9, 12, 17, 22, 23, 27, 33], maxlen=250000), 1.5: deque([0], maxlen=250000), -1: deque([18], maxlen=250000)}"
1756,"{-1: deque([1, 14, 24], maxlen=250000), 1.5: deque([0], maxlen=250000), 1: deque([2, 3, 4, 5, 6, 7, 9, 11, 13, 20, 21, 22, 23, 25, 26, 27, 28, 29, 30, 31, 32, 33], maxlen=250000)}","{1: deque([8, 10, 12, 15, 17, 18, 19], maxlen=250000), 1.5: deque([0], maxlen=250000), -1: deque([16], maxlen=250000)}"
1757,"{-1: deque([1, 11, 21], maxlen=250000), 1.5: deque([0], maxlen=250000), 1: deque([2, 3, 4, 5, 6, 7, 9, 10, 12, 14, 16, 17, 18, 19, 22, 23, 24, 26, 29, 31, 32], maxlen=250000)}","{1: deque([8, 13, 20, 25, 27, 28, 30, 33], maxlen=250000), 1.5: deque([0], maxlen=250000), -1: deque([15], maxlen=250000)}"
1758,"{1: deque([1, 2, 3, 4, 5, 6, 8, 10, 11, 15, 17, 18, 19, 20, 21, 23, 25, 27, 28, 29, 30], maxlen=250000), 1.5: deque([0], maxlen=250000), -1: deque([13, 14, 24], maxlen=250000)}","{1: deque([7, 9, 16, 22, 26, 31, 32, 33], maxlen=250000), 1.5: deque([0], maxlen=250000), -1: deque([12], maxlen=250000)}"
1759,"{1: deque([1, 3, 4, 6, 9, 10, 11, 13, 17, 18, 19, 20, 22, 23, 24, 25, 26, 28, 29, 30, 31, 33], maxlen=250000), 1.5: deque([0], maxlen=250000), -1: deque([2, 7, 12], maxlen=250000)}","{1: deque([5, 8, 14, 15, 16, 21, 32], maxlen=250000), 1.5: deque([0], maxlen=250000), -1: deque([27], maxlen=250000)}"
1760,"{1: deque([2, 6, 7, 8, 9, 11, 13, 14, 15, 16, 17, 19, 21, 22, 23, 26, 28, 29, 30, 31, 32, 33], maxlen=250000), 1.5: deque([0], maxlen=250000), -1: deque([5, 12, 24], maxlen=250000)}","{-1: deque([1], maxlen=250000), 1.5: deque([0], maxlen=250000), 1: deque([3, 4, 10, 18, 20, 25, 27], maxlen=250000)}"
1761,"{1: deque([1, 2, 3, 4, 5, 6, 7, 10, 13, 15, 16, 18, 19, 20, 22, 23, 24, 25, 29, 31, 32], maxlen=250000), 1.5: deque([0], maxlen=250000), -1: deque([17, 26, 30], maxlen=250000)}","{1: deque([8, 9, 11, 14, 21, 27, 28, 33], maxlen=250000), 1.5: deque([0], maxlen=250000), -1: deque([12], maxlen=250000)}"
1762,"{1: deque([1, 2, 4, 6, 9, 10, 11, 14, 15, 16, 17, 18, 19, 23, 24, 25, 27, 28, 29, 30, 32], maxlen=250000), 1.5: deque([0], maxlen=250000), -1: deque([8, 20, 26], maxlen=250000)}","{1: deque([3, 5, 12, 13, 21, 22, 31, 33], maxlen=250000), 1.5: deque([0], maxlen=250000), -1: deque([7], maxlen=250000)}"
1763,"{-1: deque([1, 2, 4], maxlen=250000), 1.5: deque([0], maxlen=250000), 1: deque([6, 7, 8, 9, 11, 12, 13, 14, 15, 16, 17, 19, 20, 21, 22, 23, 25, 27, 28, 29, 32], maxlen=250000)}","{1: deque([3, 5, 10, 24, 26, 30, 31, 33], maxlen=250000), 1.5: deque([0], maxlen=250000), -1: deque([18], maxlen=250000)}"
1764,"{-1: deque([1, 5, 8], maxlen=250000), 1.5: deque([0], maxlen=250000), 1: deque([2, 3, 4, 6, 9, 11, 12, 13, 14, 15, 16, 18, 19, 24, 25, 26, 27, 28, 29, 30, 31, 33], maxlen=250000)}","{1: deque([7, 10, 17, 20, 21, 22, 23], maxlen=250000), 1.5: deque([0], maxlen=250000), -1: deque([32], maxlen=250000)}"
1765,"{1: deque([1, 2, 3, 4, 5, 6, 8, 9, 10, 14, 15, 17, 18, 19, 21, 23, 24, 27, 28, 29, 32], maxlen=250000), 1.5: deque([0], maxlen=250000), -1: deque([7, 11, 16], maxlen=250000)}","{1: deque([12, 13, 22, 25, 26, 30, 31, 33], maxlen=250000), 1.5: deque([0], maxlen=250000), -1: deque([20], maxlen=250000)}"
1766,"{1: deque([2, 3, 4, 6, 7, 8, 9, 10, 12, 13, 15, 16, 17, 18, 23, 24, 25, 26, 28, 29, 32], maxlen=250000), 1.5: deque([0], maxlen=250000), -1: deque([20, 30, 31], maxlen=250000)}","{-1: deque([1], maxlen=250000), 1.5: deque([0], maxlen=250000), 1: deque([5, 11, 14, 19, 21, 22, 27, 33], maxlen=250000)}"
1767,"{1: deque([2, 3, 4, 7, 9, 10, 11, 13, 15, 17, 18, 20, 21, 22, 23, 24, 25, 26, 27, 30, 32], maxlen=250000), 1.5: deque([0], maxlen=250000), -1: deque([14, 28, 31], maxlen=250000)}","{1: deque([1, 5, 8, 12, 16, 19, 29, 33], maxlen=250000), 1.5: deque([0], maxlen=250000), -1: deque([6], maxlen=250000)}"
1768,"{-1: deque([1, 3, 11], maxlen=250000), 1.5: deque([0], maxlen=250000), 1: deque([2, 4, 6, 8, 10, 12, 13, 14, 15, 16, 18, 19, 20, 22, 24, 25, 27, 28, 29, 30, 31, 33], maxlen=250000)}","{1: deque([5, 7, 9, 17, 21, 23, 32], maxlen=250000), 1.5: deque([0], maxlen=250000), -1: deque([26], maxlen=250000)}"
1769,"{1: deque([2, 4, 5, 6, 7, 8, 9, 10, 12, 15, 17, 21, 22, 23, 24, 25, 26, 29, 30, 31, 32], maxlen=250000), 1.5: deque([0], maxlen=250000), -1: deque([11, 13, 28], maxlen=250000)}","{-1: deque([1], maxlen=250000), 1.5: deque([0], maxlen=250000), 1: deque([3, 14, 16, 18, 19, 20, 27, 33], maxlen=250000)}"
1770,"{1: deque([1, 2, 3, 4, 7, 8, 9, 13, 15, 17, 19, 20, 21, 22, 25, 26, 27, 28, 29, 31, 32, 33], maxlen=250000), 1.5: deque([0], maxlen=250000), -1: deque([11, 12, 23], maxlen=250000)}","{-1: deque([5], maxlen=250000), 1.5: deque([0], maxlen=250000), 1: deque([6, 10, 14, 16, 18, 24, 30], maxlen=250000)}"
1771,"{1: deque([1, 2, 3, 4, 8, 13, 14, 15, 16, 19, 20, 21, 22, 23, 24, 25, 27, 28, 29, 30, 31, 33], maxlen=250000), 1.5: deque([0], maxlen=250000), -1: deque([6, 10, 17], maxlen=250000)}","{1: deque([5, 7, 9, 11, 12, 18, 26], maxlen=250000), 1.5: deque([0], maxlen=250000), -1: deque([32], maxlen=250000)}"
1772,"{-1: deque([1, 20, 30], maxlen=250000), 1.5: deque([0], maxlen=250000), 1: deque([2, 5, 7, 8, 9, 10, 11, 12, 13, 15, 17, 19, 21, 22, 23, 25, 26, 27, 29, 31, 32], maxlen=250000)}","{1: deque([3, 4, 14, 16, 18, 24, 28, 33], maxlen=250000), 1.5: deque([0], maxlen=250000), -1: deque([6], maxlen=250000)}"
1773,"{1: deque([1, 2, 3, 4, 5, 6, 12, 13, 14, 15, 19, 20, 21, 22, 23, 24, 27, 29, 30, 31, 32], maxlen=250000), 1.5: deque([0], maxlen=250000), -1: deque([9, 16, 26], maxlen=250000)}","{1: deque([7, 8, 11, 17, 18, 25, 28, 33], maxlen=250000), 1.5: deque([0], maxlen=250000), -1: deque([10], maxlen=250000)}"
1774,"{-1: deque([1, 15, 32], maxlen=250000), 1.5: deque([0], maxlen=250000), 1: deque([2, 4, 5, 6, 7, 12, 13, 16, 17, 18, 19, 20, 21, 23, 24, 25, 26, 28, 29, 30, 31], maxlen=250000)}","{1: deque([3, 8, 9, 10, 11, 22, 27, 33], maxlen=250000), 1.5: deque([0], maxlen=250000), -1: deque([14], maxlen=250000)}"
1775,"{1: deque([2, 3, 4, 5, 6, 7, 8, 10, 11, 15, 16, 19, 20, 21, 22, 23, 24, 27, 28, 29, 32], maxlen=250000), 1.5: deque([0], maxlen=250000), -1: deque([17, 26, 31], maxlen=250000)}","{-1: deque([1], maxlen=250000), 1.5: deque([0], maxlen=250000), 1: deque([9, 12, 13, 14, 18, 25, 30, 33], maxlen=250000)}"
1776,"{1: deque([1, 2, 6, 7, 9, 11, 12, 13, 14, 15, 17, 19, 20, 21, 22, 23, 24, 26, 27, 30, 31, 33], maxlen=250000), 1.5: deque([0], maxlen=250000), -1: deque([10, 28, 29], maxlen=250000)}","{1: deque([3, 5, 8, 16, 18, 25, 32], maxlen=250000), 1.5: deque([0], maxlen=250000), -1: deque([4], maxlen=250000)}"
1777,"{1: deque([1, 4, 5, 6, 7, 9, 10, 11, 15, 16, 18, 19, 20, 22, 25, 26, 27, 28, 29, 31, 32], maxlen=250000), 1.5: deque([0], maxlen=250000), -1: deque([12, 14, 30], maxlen=250000)}","{1: deque([2, 3, 8, 13, 17, 21, 23, 33], maxlen=250000), 1.5: deque([0], maxlen=250000), -1: deque([24], maxlen=250000)}"
1778,"{1: deque([1, 3, 4, 7, 8, 9, 10, 14, 15, 17, 18, 19, 20, 21, 22, 23, 24, 26, 27, 30, 31, 33], maxlen=250000), 1.5: deque([0], maxlen=250000), -1: deque([6, 11, 25], maxlen=250000)}","{1: deque([2, 5, 12, 16, 28, 29, 32], maxlen=250000), 1.5: deque([0], maxlen=250000), -1: deque([13], maxlen=250000)}"
1779,"{1: deque([1, 2, 4, 5, 7, 9, 12, 13, 14, 15, 16, 18, 20, 23, 24, 26, 27, 28, 29, 30, 32, 33], maxlen=250000), 1.5: deque([0], maxlen=250000), -1: deque([6, 11, 21], maxlen=250000)}","{1: deque([3, 10, 17, 19, 22, 25, 31], maxlen=250000), 1.5: deque([0], maxlen=250000), -1: deque([8], maxlen=250000)}"
1780,"{1: deque([1, 3, 4, 5, 7, 9, 11, 13, 15, 16, 17, 20, 22, 23, 25, 26, 27, 28, 30, 31, 32], maxlen=250000), 1.5: deque([0], maxlen=250000), -1: deque([10, 14, 21], maxlen=250000)}","{1: deque([2, 6, 8, 18, 19, 24, 29, 33], maxlen=250000), 1.5: deque([0], maxlen=250000), -1: deque([12], maxlen=250000)}"
1781,"{1: deque([1, 2, 3, 5, 6, 8, 9, 10, 12, 13, 15, 18, 19, 20, 23, 25, 26, 27, 29, 30, 32], maxlen=250000), 1.5: deque([0], maxlen=250000), -1: deque([24, 28, 31], maxlen=250000)}","{1: deque([4, 7, 11, 14, 16, 21, 22, 33], maxlen=250000), 1.5: deque([0], maxlen=250000), -1: deque([17], maxlen=250000)}"
1782,"{1: deque([1, 2, 3, 4, 6, 8, 10, 15, 17, 19, 20, 21, 22, 23, 24, 25, 26, 27, 29, 30, 31, 33], maxlen=250000), 1.5: deque([0], maxlen=250000), -1: deque([9, 14, 16], maxlen=250000)}","{1: deque([5, 7, 11, 12, 13, 28, 32], maxlen=250000), 1.5: deque([0], maxlen=250000), -1: deque([18], maxlen=250000)}"
1783,"{1: deque([1, 3, 4, 5, 8, 9, 11, 13, 14, 15, 18, 19, 21, 22, 23, 24, 25, 27, 28, 29, 32], maxlen=250000), 1.5: deque([0], maxlen=250000), -1: deque([6, 26, 31], maxlen=250000)}","{1: deque([2, 7, 10, 12, 16, 20, 30, 33], maxlen=250000), 1.5: deque([0], maxlen=250000), -1: deque([17], maxlen=250000)}"
1784,"{1: deque([2, 3, 4, 5, 6, 8, 9, 11, 13, 17, 19, 21, 22, 23, 25, 26, 27, 28, 29, 31, 32, 33], maxlen=250000), 1.5: deque([0], maxlen=250000), -1: deque([10, 12, 18], maxlen=250000)}","{1: deque([1, 7, 14, 15, 16, 20, 24], maxlen=250000), 1.5: deque([0], maxlen=250000), -1: deque([30], maxlen=250000)}"
1785,"{1: deque([1, 4, 5, 6, 7, 9, 10, 12, 13, 17, 18, 19, 22, 24, 25, 26, 28, 29, 30, 31, 32, 33], maxlen=250000), 1.5: deque([0], maxlen=250000), -1: deque([8, 23, 27], maxlen=250000)}","{1: deque([2, 3, 11, 15, 16, 20, 21], maxlen=250000), 1.5: deque([0], maxlen=250000), -1: deque([14], maxlen=250000)}"
1786,"{-1: deque([1, 5, 22], maxlen=250000), 1.5: deque([0], maxlen=250000), 1: deque([2, 6, 7, 8, 9, 10, 11, 12, 13, 14, 15, 16, 18, 19, 24, 25, 27, 29, 30, 31, 32, 33], maxlen=250000)}","{1: deque([3, 4, 17, 20, 21, 26, 28], maxlen=250000), 1.5: deque([0], maxlen=250000), -1: deque([23], maxlen=250000)}"
1787,"{1: deque([2, 3, 6, 9, 11, 14, 15, 16, 17, 18, 19, 20, 21, 22, 24, 25, 26, 29, 30, 31, 32], maxlen=250000), 1.5: deque([0], maxlen=250000), -1: deque([4, 8, 13], maxlen=250000)}","{1: deque([1, 7, 10, 12, 23, 27, 28, 33], maxlen=250000), 1.5: deque([0], maxlen=250000), -1: deque([5], maxlen=250000)}"
1788,"{1: deque([2, 4, 6, 8, 9, 10, 11, 13, 14, 18, 19, 20, 21, 24, 25, 26, 27, 28, 30, 31, 32, 33], maxlen=250000), 1.5: deque([0], maxlen=250000), -1: deque([15, 17, 23], maxlen=250000)}","{1: deque([1, 3, 5, 7, 12, 22, 29], maxlen=250000), 1.5: deque([0], maxlen=250000), -1: deque([16], maxlen=250000)}"
1789,"{1: deque([1, 3, 4, 6, 7, 9, 11, 12, 13, 18, 19, 20, 21, 22, 23, 24, 26, 28, 30, 31, 32, 33], maxlen=250000), 1.5: deque([0], maxlen=250000), -1: deque([10, 17, 29], maxlen=250000)}","{1: deque([2, 8, 14, 15, 16, 25, 27], maxlen=250000), 1.5: deque([0], maxlen=250000), -1: deque([5], maxlen=250000)}"
1790,"{1: deque([1, 3, 4, 6, 7, 9, 10, 11, 13, 17, 18, 19, 20, 21, 22, 23, 24, 26, 28, 30, 31, 33], maxlen=250000), 1.5: deque([0], maxlen=250000), -1: deque([8, 14, 27], maxlen=250000)}","{1: deque([2, 5, 12, 15, 25, 29, 32], maxlen=250000), 1.5: deque([0], maxlen=250000), -1: deque([16], maxlen=250000)}"
1791,"{1: deque([1, 2, 3, 4, 9, 13, 14, 15, 16, 17, 19, 20, 21, 22, 24, 25, 27, 28, 29, 30, 32], maxlen=250000), 1.5: deque([0], maxlen=250000), -1: deque([7, 11, 26], maxlen=250000)}","{1: deque([5, 6, 8, 10, 12, 23, 31, 33], maxlen=250000), 1.5: deque([0], maxlen=250000), -1: deque([18], maxlen=250000)}"
1792,"{1: deque([1, 2, 5, 7, 8, 9, 11, 13, 14, 16, 18, 19, 20, 22, 24, 25, 26, 28, 29, 31, 32], maxlen=250000), 1.5: deque([0], maxlen=250000), -1: deque([10, 21, 30], maxlen=250000)}","{1: deque([3, 4, 6, 12, 17, 23, 27, 33], maxlen=250000), 1.5: deque([0], maxlen=250000), -1: deque([15], maxlen=250000)}"
1793,"{1: deque([1, 3, 5, 6, 7, 9, 10, 11, 13, 15, 16, 17, 18, 19, 21, 23, 24, 25, 26, 30, 32, 33], maxlen=250000), 1.5: deque([0], maxlen=250000), -1: deque([12, 14, 28], maxlen=250000)}","{1: deque([2, 4, 8, 20, 22, 29, 31], maxlen=250000), 1.5: deque([0], maxlen=250000), -1: deque([27], maxlen=250000)}"
1794,"{1: deque([1, 4, 6, 7, 8, 13, 15, 16, 17, 18, 19, 20, 21, 22, 23, 24, 25, 26, 28, 29, 30], maxlen=250000), 1.5: deque([0], maxlen=250000), -1: deque([5, 11, 32], maxlen=250000)}","{1: deque([2, 3, 9, 10, 12, 27, 31, 33], maxlen=250000), 1.5: deque([0], maxlen=250000), -1: deque([14], maxlen=250000)}"
1795,"{1: deque([1, 2, 5, 6, 9, 10, 11, 13, 14, 15, 17, 18, 19, 20, 21, 23, 24, 26, 27, 29, 32, 33], maxlen=250000), 1.5: deque([0], maxlen=250000), -1: deque([7, 8, 25], maxlen=250000)}","{1: deque([3, 4, 12, 16, 22, 30, 31], maxlen=250000), 1.5: deque([0], maxlen=250000), -1: deque([28], maxlen=250000)}"
1796,"{1: deque([1, 3, 5, 7, 8, 9, 10, 13, 14, 15, 17, 20, 22, 24, 25, 26, 27, 28, 30, 31, 32, 33], maxlen=250000), 1.5: deque([0], maxlen=250000), -1: deque([2, 6, 12], maxlen=250000)}","{1: deque([4, 11, 16, 19, 21, 23, 29], maxlen=250000), 1.5: deque([0], maxlen=250000), -1: deque([18], maxlen=250000)}"
1797,"{1: deque([2, 3, 4, 5, 6, 10, 11, 14, 16, 17, 20, 21, 22, 23, 24, 25, 27, 28, 29, 31, 32], maxlen=250000), 1.5: deque([0], maxlen=250000), -1: deque([9, 19, 30], maxlen=250000)}","{1: deque([1, 7, 8, 13, 15, 18, 26, 33], maxlen=250000), 1.5: deque([0], maxlen=250000), -1: deque([12], maxlen=250000)}"
1798,"{1: deque([1, 2, 3, 4, 5, 6, 7, 10, 11, 12, 13, 14, 15, 16, 18, 20, 22, 24, 25, 26, 29], maxlen=250000), 1.5: deque([0], maxlen=250000), -1: deque([19, 21, 31], maxlen=250000)}","{1: deque([8, 9, 17, 23, 28, 30, 32, 33], maxlen=250000), 1.5: deque([0], maxlen=250000), -1: deque([27], maxlen=250000)}"
1799,"{1: deque([1, 3, 5, 7, 9, 11, 13, 15, 17, 18, 19, 20, 22, 23, 24, 25, 26, 27, 28, 29, 32], maxlen=250000), 1.5: deque([0], maxlen=250000), -1: deque([2, 6, 21], maxlen=250000)}","{1: deque([4, 8, 10, 12, 14, 16, 30, 33], maxlen=250000), 1.5: deque([0], maxlen=250000), -1: deque([31], maxlen=250000)}"
1800,"{1: deque([1, 2, 5, 8, 10, 11, 12, 13, 14, 15, 16, 18, 19, 21, 23, 26, 27, 29, 30, 31, 32, 33], maxlen=250000), 1.5: deque([0], maxlen=250000), -1: deque([9, 17, 24], maxlen=250000)}","{1: deque([3, 4, 6, 7, 20, 25, 28], maxlen=250000), 1.5: deque([0], maxlen=250000), -1: deque([22], maxlen=250000)}"
1801,"{1: deque([1, 2, 4, 5, 9, 10, 13, 14, 16, 18, 19, 20, 21, 22, 23, 24, 25, 27, 28, 29, 32, 33], maxlen=250000), 1.5: deque([0], maxlen=250000), -1: deque([3, 7, 31], maxlen=250000)}","{1: deque([6, 8, 12, 15, 17, 26, 30], maxlen=250000), 1.5: deque([0], maxlen=250000), -1: deque([11], maxlen=250000)}"
1802,"{1: deque([2, 3, 4, 5, 6, 8, 9, 10, 12, 13, 16, 17, 19, 20, 22, 25, 26, 27, 30, 31, 32], maxlen=250000), 1.5: deque([0], maxlen=250000), -1: deque([7, 14, 29], maxlen=250000)}","{-1: deque([1], maxlen=250000), 1.5: deque([0], maxlen=250000), 1: deque([11, 15, 18, 21, 23, 24, 28, 33], maxlen=250000)}"
1803,"{1: deque([2, 3, 7, 8, 9, 11, 12, 13, 14, 16, 18, 19, 20, 21, 22, 26, 27, 29, 30, 31, 32, 33], maxlen=250000), 1.5: deque([0], maxlen=250000), -1: deque([6, 15, 25], maxlen=250000)}","{1: deque([1, 4, 5, 17, 23, 24, 28], maxlen=250000), 1.5: deque([0], maxlen=250000), -1: deque([10], maxlen=250000)}"
1804,"{-1: deque([1, 5, 14], maxlen=250000), 1.5: deque([0], maxlen=250000), 1: deque([2, 6, 7, 9, 10, 11, 13, 15, 17, 19, 20, 21, 22, 23, 24, 26, 27, 28, 29, 31, 32, 33], maxlen=250000)}","{1: deque([3, 4, 8, 16, 18, 25, 30], maxlen=250000), 1.5: deque([0], maxlen=250000), -1: deque([12], maxlen=250000)}"
1805,"{1: deque([2, 3, 6, 8, 9, 10, 13, 15, 17, 19, 20, 21, 22, 23, 24, 25, 27, 28, 29, 30, 31, 33], maxlen=250000), 1.5: deque([0], maxlen=250000), -1: deque([7, 12, 32], maxlen=250000)}","{-1: deque([1], maxlen=250000), 1.5: deque([0], maxlen=250000), 1: deque([4, 5, 11, 14, 16, 18, 26], maxlen=250000)}"
1806,"{1: deque([1, 3, 7, 8, 10, 11, 14, 15, 16, 18, 19, 20, 21, 22, 23, 25, 27, 29, 30, 31, 32, 33], maxlen=250000), 1.5: deque([0], maxlen=250000), -1: deque([5, 13, 24], maxlen=250000)}","{1: deque([2, 4, 6, 9, 12, 17, 26], maxlen=250000), 1.5: deque([0], maxlen=250000), -1: deque([28], maxlen=250000)}"
1807,"{1: deque([1, 2, 3, 5, 6, 7, 10, 12, 13, 14, 15, 17, 18, 19, 22, 23, 25, 27, 28, 29, 31], maxlen=250000), 1.5: deque([0], maxlen=250000), -1: deque([11, 21, 32], maxlen=250000)}","{1: deque([4, 8, 9, 16, 20, 24, 26, 33], maxlen=250000), 1.5: deque([0], maxlen=250000), -1: deque([30], maxlen=250000)}"
1808,"{1: deque([1, 2, 3, 4, 5, 6, 9, 10, 11, 13, 14, 15, 17, 19, 20, 21, 24, 26, 29, 31, 32, 33], maxlen=250000), 1.5: deque([0], maxlen=250000), -1: deque([18, 22, 30], maxlen=250000)}","{1: deque([7, 8, 12, 16, 23, 25, 28], maxlen=250000), 1.5: deque([0], maxlen=250000), -1: deque([27], maxlen=250000)}"
1809,"{1: deque([1, 3, 4, 5, 6, 7, 8, 9, 12, 13, 15, 16, 19, 20, 21, 23, 24, 26, 28, 29, 30, 33], maxlen=250000), 1.5: deque([0], maxlen=250000), -1: deque([22, 25, 32], maxlen=250000)}","{1: deque([2, 10, 14, 17, 18, 27, 31], maxlen=250000), 1.5: deque([0], maxlen=250000), -1: deque([11], maxlen=250000)}"
1810,"{1: deque([1, 3, 4, 6, 7, 10, 11, 13, 14, 15, 16, 18, 19, 20, 22, 24, 25, 26, 29, 30, 31], maxlen=250000), 1.5: deque([0], maxlen=250000), -1: deque([21, 23, 32], maxlen=250000)}","{1: deque([2, 5, 8, 9, 12, 27, 28, 33], maxlen=250000), 1.5: deque([0], maxlen=250000), -1: deque([17], maxlen=250000)}"
1811,"{1: deque([1, 4, 7, 8, 9, 11, 13, 14, 15, 16, 18, 20, 22, 23, 25, 26, 28, 29, 30, 31, 32, 33], maxlen=250000), 1.5: deque([0], maxlen=250000), -1: deque([3, 17, 24], maxlen=250000)}","{-1: deque([2], maxlen=250000), 1.5: deque([0], maxlen=250000), 1: deque([5, 6, 10, 12, 19, 21, 27], maxlen=250000)}"
1812,"{1: deque([1, 2, 4, 5, 8, 9, 10, 11, 13, 15, 16, 17, 18, 19, 20, 24, 25, 27, 28, 29, 32], maxlen=250000), 1.5: deque([0], maxlen=250000), -1: deque([6, 22, 23], maxlen=250000)}","{1: deque([3, 7, 12, 14, 21, 30, 31, 33], maxlen=250000), 1.5: deque([0], maxlen=250000), -1: deque([26], maxlen=250000)}"
1813,"{1: deque([1, 3, 4, 6, 7, 9, 13, 14, 15, 16, 17, 18, 20, 21, 22, 25, 26, 28, 30, 31, 32, 33], maxlen=250000), 1.5: deque([0], maxlen=250000), -1: deque([5, 19, 27], maxlen=250000)}","{1: deque([2, 8, 10, 11, 12, 23, 29], maxlen=250000), 1.5: deque([0], maxlen=250000), -1: deque([24], maxlen=250000)}"
1814,"{1: deque([1, 3, 6, 7, 10, 11, 12, 15, 16, 17, 18, 19, 20, 21, 23, 24, 25, 26, 29, 30, 32], maxlen=250000), 1.5: deque([0], maxlen=250000), -1: deque([9, 22, 31], maxlen=250000)}","{1: deque([2, 4, 5, 8, 13, 14, 27, 33], maxlen=250000), 1.5: deque([0], maxlen=250000), -1: deque([28], maxlen=250000)}"
1815,"{1: deque([1, 2, 3, 5, 6, 7, 8, 9, 12, 13, 14, 15, 16, 17, 20, 21, 24, 27, 29, 30, 31], maxlen=250000), 1.5: deque([0], maxlen=250000), -1: deque([10, 19, 28], maxlen=250000)}","{-1: deque([4], maxlen=250000), 1.5: deque([0], maxlen=250000), 1: deque([11, 18, 22, 23, 25, 26, 32, 33], maxlen=250000)}"
1816,"{1: deque([3, 4, 5, 6, 7, 8, 10, 12, 14, 17, 18, 19, 20, 21, 22, 23, 24, 26, 27, 28, 31], maxlen=250000), 1.5: deque([0], maxlen=250000), -1: deque([9, 11, 32], maxlen=250000)}","{1: deque([1, 2, 13, 15, 25, 29, 30, 33], maxlen=250000), 1.5: deque([0], maxlen=250000), -1: deque([16], maxlen=250000)}"
1817,"{1: deque([3, 4, 6, 8, 9, 10, 11, 13, 14, 18, 19, 20, 21, 22, 23, 26, 27, 28, 29, 30, 31], maxlen=250000), 1.5: deque([0], maxlen=250000), -1: deque([12, 15, 32], maxlen=250000)}","{1: deque([1, 2, 5, 7, 16, 17, 25, 33], maxlen=250000), 1.5: deque([0], maxlen=250000), -1: deque([24], maxlen=250000)}"
1818,"{1: deque([4, 5, 6, 7, 8, 10, 12, 13, 15, 16, 17, 19, 20, 21, 24, 25, 26, 28, 29, 31, 32, 33], maxlen=250000), 1.5: deque([0], maxlen=250000), -1: deque([11, 23, 30], maxlen=250000)}","{1: deque([1, 2, 3, 9, 14, 18, 22], maxlen=250000), 1.5: deque([0], maxlen=250000), -1: deque([27], maxlen=250000)}"
1819,"{-1: deque([3, 7, 16], maxlen=250000), 1.5: deque([0], maxlen=250000), 1: deque([6, 8, 9, 11, 12, 13, 14, 15, 18, 19, 20, 21, 23, 24, 25, 26, 27, 28, 29, 30, 31], maxlen=250000)}","{1: deque([1, 2, 4, 5, 10, 17, 32, 33], maxlen=250000), 1.5: deque([0], maxlen=250000), -1: deque([22], maxlen=250000)}"
1820,"{1: deque([1, 4, 5, 7, 8, 11, 12, 14, 15, 17, 18, 19, 20, 21, 23, 26, 27, 28, 29, 31, 32], maxlen=250000), 1.5: deque([0], maxlen=250000), -1: deque([13, 24, 30], maxlen=250000)}","{1: deque([2, 6, 9, 10, 16, 22, 25, 33], maxlen=250000), 1.5: deque([0], maxlen=250000), -1: deque([3], maxlen=250000)}"
1821,"{1: deque([1, 3, 4, 5, 6, 7, 8, 9, 11, 12, 14, 17, 19, 20, 21, 24, 27, 28, 29, 30, 31], maxlen=250000), 1.5: deque([0], maxlen=250000), -1: deque([13, 22, 23], maxlen=250000)}","{1: deque([2, 15, 16, 18, 25, 26, 32, 33], maxlen=250000), 1.5: deque([0], maxlen=250000), -1: deque([10], maxlen=250000)}"
1822,"{1: deque([1, 2, 3, 5, 6, 8, 10, 12, 14, 15, 16, 17, 19, 20, 22, 23, 25, 28, 29, 30, 31], maxlen=250000), 1.5: deque([0], maxlen=250000), -1: deque([9, 13, 18], maxlen=250000)}","{1: deque([4, 7, 21, 24, 26, 27, 32, 33], maxlen=250000), 1.5: deque([0], maxlen=250000), -1: deque([11], maxlen=250000)}"
1823,"{1: deque([1, 3, 4, 6, 9, 10, 11, 12, 14, 15, 19, 20, 21, 22, 24, 25, 27, 28, 29, 30, 32], maxlen=250000), 1.5: deque([0], maxlen=250000), -1: deque([7, 8, 17], maxlen=250000)}","{1: deque([2, 5, 13, 18, 23, 26, 31, 33], maxlen=250000), 1.5: deque([0], maxlen=250000), -1: deque([16], maxlen=250000)}"
1824,"{1: deque([1, 2, 4, 5, 6, 7, 8, 10, 11, 12, 14, 16, 17, 19, 21, 22, 23, 26, 27, 28, 30, 33], maxlen=250000), 1.5: deque([0], maxlen=250000), -1: deque([13, 15, 31], maxlen=250000)}","{1: deque([3, 9, 20, 24, 25, 29, 32], maxlen=250000), 1.5: deque([0], maxlen=250000), -1: deque([18], maxlen=250000)}"
1825,"{1: deque([1, 2, 3, 5, 7, 8, 9, 11, 13, 14, 16, 17, 18, 19, 21, 23, 25, 26, 27, 29, 32], maxlen=250000), 1.5: deque([0], maxlen=250000), -1: deque([6, 12, 15], maxlen=250000)}","{-1: deque([4], maxlen=250000), 1.5: deque([0], maxlen=250000), 1: deque([10, 20, 22, 24, 28, 30, 31, 33], maxlen=250000)}"
1826,"{1: deque([1, 2, 3, 4, 5, 7, 10, 12, 13, 15, 16, 17, 18, 20, 23, 24, 27, 29, 30, 31, 32, 33], maxlen=250000), 1.5: deque([0], maxlen=250000), -1: deque([19, 26, 28], maxlen=250000)}","{1: deque([6, 8, 9, 14, 21, 22, 25], maxlen=250000), 1.5: deque([0], maxlen=250000), -1: deque([11], maxlen=250000)}"
1827,"{1: deque([1, 2, 3, 4, 6, 7, 9, 10, 11, 12, 16, 17, 20, 21, 22, 23, 24, 27, 29, 31, 32], maxlen=250000), 1.5: deque([0], maxlen=250000), -1: deque([18, 26, 30], maxlen=250000)}","{-1: deque([5], maxlen=250000), 1.5: deque([0], maxlen=250000), 1: deque([8, 13, 14, 15, 19, 25, 28, 33], maxlen=250000)}"
1828,"{1: deque([1, 2, 4, 6, 8, 9, 11, 12, 13, 15, 16, 17, 19, 21, 23, 24, 25, 26, 29, 30, 32, 33], maxlen=250000), 1.5: deque([0], maxlen=250000), -1: deque([14, 20, 28], maxlen=250000)}","{1: deque([3, 5, 7, 10, 18, 27, 31], maxlen=250000), 1.5: deque([0], maxlen=250000), -1: deque([22], maxlen=250000)}"
1829,"{1: deque([2, 4, 5, 6, 7, 9, 13, 14, 15, 16, 17, 19, 20, 21, 22, 23, 24, 26, 29, 30, 31], maxlen=250000), 1.5: deque([0], maxlen=250000), -1: deque([3, 18, 27], maxlen=250000)}","{1: deque([1, 10, 11, 12, 25, 28, 32, 33], maxlen=250000), 1.5: deque([0], maxlen=250000), -1: deque([8], maxlen=250000)}"
1830,"{1: deque([1, 3, 4, 6, 8, 10, 11, 12, 13, 14, 15, 16, 17, 19, 20, 21, 23, 25, 27, 29, 32], maxlen=250000), 1.5: deque([0], maxlen=250000), -1: deque([18, 28, 30], maxlen=250000)}","{-1: deque([2], maxlen=250000), 1.5: deque([0], maxlen=250000), 1: deque([5, 7, 9, 22, 24, 26, 31, 33], maxlen=250000)}"
1831,"{-1: deque([1, 17, 29], maxlen=250000), 1.5: deque([0], maxlen=250000), 1: deque([2, 3, 4, 6, 7, 8, 9, 10, 11, 12, 14, 15, 16, 18, 19, 21, 22, 23, 24, 26, 28, 33], maxlen=250000)}","{1: deque([5, 13, 20, 25, 27, 30, 32], maxlen=250000), 1.5: deque([0], maxlen=250000), -1: deque([31], maxlen=250000)}"
1832,"{1: deque([1, 4, 5, 6, 9, 10, 11, 13, 15, 16, 17, 18, 19, 20, 22, 23, 26, 29, 30, 31, 32], maxlen=250000), 1.5: deque([0], maxlen=250000), -1: deque([21, 24, 28], maxlen=250000)}","{1: deque([2, 3, 7, 8, 14, 25, 27, 33], maxlen=250000), 1.5: deque([0], maxlen=250000), -1: deque([12], maxlen=250000)}"
1833,"{1: deque([1, 5, 7, 8, 9, 10, 12, 13, 14, 15, 16, 17, 18, 20, 21, 23, 24, 25, 27, 30, 32, 33], maxlen=250000), 1.5: deque([0], maxlen=250000), -1: deque([2, 22, 31], maxlen=250000)}","{1: deque([3, 4, 6, 11, 26, 28, 29], maxlen=250000), 1.5: deque([0], maxlen=250000), -1: deque([19], maxlen=250000)}"
1834,"{1: deque([2, 4, 5, 6, 9, 10, 12, 13, 14, 16, 18, 19, 20, 21, 23, 24, 26, 27, 30, 31, 32, 33], maxlen=250000), 1.5: deque([0], maxlen=250000), -1: deque([3, 15, 17], maxlen=250000)}","{1: deque([1, 7, 8, 22, 25, 28, 29], maxlen=250000), 1.5: deque([0], maxlen=250000), -1: deque([11], maxlen=250000)}"
1835,"{1: deque([1, 3, 4, 5, 6, 8, 9, 12, 13, 15, 17, 19, 22, 23, 24, 25, 26, 28, 30, 31, 32, 33], maxlen=250000), 1.5: deque([0], maxlen=250000), -1: deque([2, 10, 16], maxlen=250000)}","{1: deque([7, 11, 14, 18, 20, 21, 29], maxlen=250000), 1.5: deque([0], maxlen=250000), -1: deque([27], maxlen=250000)}"
1836,"{1: deque([1, 2, 3, 4, 8, 10, 11, 13, 14, 15, 17, 20, 21, 24, 25, 26, 27, 28, 29, 30, 32, 33], maxlen=250000), 1.5: deque([0], maxlen=250000), -1: deque([5, 6, 16], maxlen=250000)}","{1: deque([7, 9, 12, 18, 22, 23, 31], maxlen=250000), 1.5: deque([0], maxlen=250000), -1: deque([19], maxlen=250000)}"
1837,"{1: deque([1, 2, 4, 5, 6, 7, 8, 9, 10, 11, 12, 13, 14, 15, 16, 18, 20, 22, 24, 28, 30], maxlen=250000), 1.5: deque([0], maxlen=250000), -1: deque([17, 21, 23], maxlen=250000)}","{1: deque([3, 19, 25, 26, 27, 29, 32, 33], maxlen=250000), 1.5: deque([0], maxlen=250000), -1: deque([31], maxlen=250000)}"
1838,"{1: deque([2, 3, 5, 6, 10, 11, 12, 13, 15, 17, 18, 19, 20, 21, 22, 23, 25, 27, 29, 31, 32], maxlen=250000), 1.5: deque([0], maxlen=250000), -1: deque([8, 14, 28], maxlen=250000)}","{1: deque([1, 7, 9, 16, 24, 26, 30, 33], maxlen=250000), 1.5: deque([0], maxlen=250000), -1: deque([4], maxlen=250000)}"
1839,"{1: deque([1, 3, 4, 5, 6, 8, 9, 12, 14, 15, 16, 19, 20, 22, 24, 25, 26, 27, 28, 29, 31, 33], maxlen=250000), 1.5: deque([0], maxlen=250000), -1: deque([10, 23, 30], maxlen=250000)}","{-1: deque([2], maxlen=250000), 1.5: deque([0], maxlen=250000), 1: deque([7, 11, 13, 17, 18, 21, 32], maxlen=250000)}"
1840,"{1: deque([1, 2, 4, 5, 7, 8, 10, 11, 13, 15, 16, 17, 21, 22, 23, 24, 27, 28, 29, 31, 32], maxlen=250000), 1.5: deque([0], maxlen=250000), -1: deque([14, 19, 25], maxlen=250000)}","{-1: deque([3], maxlen=250000), 1.5: deque([0], maxlen=250000), 1: deque([6, 9, 12, 18, 20, 26, 30, 33], maxlen=250000)}"
1841,"{1: deque([1, 3, 4, 5, 6, 7, 8, 10, 12, 13, 14, 17, 18, 19, 23, 24, 25, 28, 29, 30, 32, 33], maxlen=250000), 1.5: deque([0], maxlen=250000), -1: deque([15, 16, 27], maxlen=250000)}","{1: deque([2, 9, 20, 21, 22, 26, 31], maxlen=250000), 1.5: deque([0], maxlen=250000), -1: deque([11], maxlen=250000)}"
1842,"{1: deque([1, 5, 6, 7, 8, 9, 10, 11, 12, 15, 17, 20, 23, 24, 25, 26, 27, 28, 29, 30, 32], maxlen=250000), 1.5: deque([0], maxlen=250000), -1: deque([2, 13, 31], maxlen=250000)}","{1: deque([3, 4, 16, 18, 19, 21, 22, 33], maxlen=250000), 1.5: deque([0], maxlen=250000), -1: deque([14], maxlen=250000)}"
1843,"{-1: deque([1, 8, 14], maxlen=250000), 1.5: deque([0], maxlen=250000), 1: deque([3, 4, 5, 6, 7, 9, 10, 11, 12, 13, 16, 19, 21, 22, 26, 27, 28, 29, 30, 31, 32, 33], maxlen=250000)}","{1: deque([2, 15, 17, 20, 23, 24, 25], maxlen=250000), 1.5: deque([0], maxlen=250000), -1: deque([18], maxlen=250000)}"
1844,"{1: deque([1, 2, 3, 4, 7, 8, 9, 10, 13, 15, 16, 17, 20, 21, 22, 24, 26, 27, 30, 31, 32, 33], maxlen=250000), 1.5: deque([0], maxlen=250000), -1: deque([5, 11, 23], maxlen=250000)}","{1: deque([6, 12, 14, 18, 25, 28, 29], maxlen=250000), 1.5: deque([0], maxlen=250000), -1: deque([19], maxlen=250000)}"
1845,"{1: deque([1, 2, 3, 5, 8, 10, 11, 12, 13, 15, 17, 18, 19, 20, 24, 27, 28, 29, 30, 31, 32, 33], maxlen=250000), 1.5: deque([0], maxlen=250000), -1: deque([6, 9, 14], maxlen=250000)}","{1: deque([4, 7, 16, 21, 22, 25, 26], maxlen=250000), 1.5: deque([0], maxlen=250000), -1: deque([23], maxlen=250000)}"
1846,"{1: deque([1, 2, 4, 8, 9, 11, 12, 13, 14, 15, 16, 20, 24, 25, 26, 27, 28, 29, 30, 31, 32], maxlen=250000), 1.5: deque([0], maxlen=250000), -1: deque([18, 21, 23], maxlen=250000)}","{1: deque([3, 6, 7, 10, 17, 19, 22, 33], maxlen=250000), 1.5: deque([0], maxlen=250000), -1: deque([5], maxlen=250000)}"
1847,"{1: deque([1, 2, 5, 8, 9, 11, 12, 13, 14, 15, 16, 17, 18, 21, 23, 24, 25, 26, 28, 29, 30], maxlen=250000), 1.5: deque([0], maxlen=250000), -1: deque([3, 6, 22], maxlen=250000)}","{-1: deque([4], maxlen=250000), 1.5: deque([0], maxlen=250000), 1: deque([7, 10, 19, 20, 27, 31, 32, 33], maxlen=250000)}"
1848,"{1: deque([1, 2, 3, 4, 5, 6, 7, 8, 13, 16, 17, 19, 20, 23, 25, 26, 27, 28, 29, 30, 31], maxlen=250000), 1.5: deque([0], maxlen=250000), -1: deque([9, 15, 24], maxlen=250000)}","{1: deque([10, 11, 12, 14, 21, 22, 32, 33], maxlen=250000), 1.5: deque([0], maxlen=250000), -1: deque([18], maxlen=250000)}"
1849,"{1: deque([2, 3, 4, 5, 7, 8, 9, 10, 11, 13, 17, 18, 20, 21, 22, 24, 26, 27, 28, 29, 31, 33], maxlen=250000), 1.5: deque([0], maxlen=250000), -1: deque([16, 23, 30], maxlen=250000)}","{1: deque([1, 6, 14, 15, 19, 25, 32], maxlen=250000), 1.5: deque([0], maxlen=250000), -1: deque([12], maxlen=250000)}"
1850,"{1: deque([1, 2, 3, 4, 5, 6, 8, 9, 10, 11, 13, 15, 16, 19, 20, 21, 26, 27, 29, 31, 32, 33], maxlen=250000), 1.5: deque([0], maxlen=250000), -1: deque([17, 24, 28], maxlen=250000)}","{1: deque([7, 12, 14, 18, 22, 23, 25], maxlen=250000), 1.5: deque([0], maxlen=250000), -1: deque([30], maxlen=250000)}"
1851,"{1: deque([1, 2, 4, 5, 7, 9, 10, 11, 12, 13, 14, 15, 16, 17, 19, 23, 25, 26, 27, 29, 30], maxlen=250000), 1.5: deque([0], maxlen=250000), -1: deque([6, 18, 21], maxlen=250000)}","{1: deque([3, 20, 22, 24, 28, 31, 32, 33], maxlen=250000), 1.5: deque([0], maxlen=250000), -1: deque([8], maxlen=250000)}"
1852,"{1: deque([1, 3, 5, 6, 7, 8, 9, 13, 17, 18, 19, 21, 22, 23, 24, 25, 27, 28, 30, 31, 32, 33], maxlen=250000), 1.5: deque([0], maxlen=250000), -1: deque([11, 12, 26], maxlen=250000)}","{1: deque([2, 4, 14, 15, 16, 20, 29], maxlen=250000), 1.5: deque([0], maxlen=250000), -1: deque([10], maxlen=250000)}"
1853,"{1: deque([1, 2, 3, 4, 7, 8, 9, 10, 13, 14, 16, 17, 19, 20, 22, 23, 25, 26, 28, 29, 31], maxlen=250000), 1.5: deque([0], maxlen=250000), -1: deque([5, 21, 27], maxlen=250000)}","{1: deque([6, 11, 12, 18, 24, 30, 32, 33], maxlen=250000), 1.5: deque([0], maxlen=250000), -1: deque([15], maxlen=250000)}"
1854,"{1: deque([1, 2, 3, 4, 5, 6, 7, 9, 11, 12, 15, 16, 17, 18, 20, 22, 25, 27, 29, 30, 31, 33], maxlen=250000), 1.5: deque([0], maxlen=250000), -1: deque([24, 28, 32], maxlen=250000)}","{1: deque([8, 10, 13, 19, 21, 23, 26], maxlen=250000), 1.5: deque([0], maxlen=250000), -1: deque([14], maxlen=250000)}"
1855,"{1: deque([1, 3, 4, 5, 6, 7, 9, 10, 14, 16, 17, 18, 20, 21, 22, 23, 25, 26, 29, 30, 31, 33], maxlen=250000), 1.5: deque([0], maxlen=250000), -1: deque([2, 12, 19], maxlen=250000)}","{1: deque([8, 11, 13, 15, 24, 27, 28], maxlen=250000), 1.5: deque([0], maxlen=250000), -1: deque([32], maxlen=250000)}"
1856,"{1: deque([1, 2, 3, 4, 5, 6, 7, 8, 9, 11, 12, 13, 15, 18, 19, 21, 23, 24, 26, 29, 30, 33], maxlen=250000), 1.5: deque([0], maxlen=250000), -1: deque([14, 25, 27], maxlen=250000)}","{1: deque([10, 16, 17, 22, 28, 31, 32], maxlen=250000), 1.5: deque([0], maxlen=250000), -1: deque([20], maxlen=250000)}"
1857,"{1: deque([1, 2, 3, 5, 6, 7, 8, 9, 10, 14, 17, 21, 23, 24, 25, 26, 27, 28, 29, 31, 32, 33], maxlen=250000), 1.5: deque([0], maxlen=250000), -1: deque([11, 13, 20], maxlen=250000)}","{1: deque([4, 12, 16, 18, 19, 22, 30], maxlen=250000), 1.5: deque([0], maxlen=250000), -1: deque([15], maxlen=250000)}"
1858,"{-1: deque([1, 8, 22], maxlen=250000), 1.5: deque([0], maxlen=250000), 1: deque([2, 3, 5, 6, 9, 10, 11, 12, 14, 16, 17, 18, 20, 21, 23, 24, 25, 26, 28, 29, 30, 33], maxlen=250000)}","{1: deque([4, 7, 13, 15, 19, 31, 32], maxlen=250000), 1.5: deque([0], maxlen=250000), -1: deque([27], maxlen=250000)}"
1859,"{-1: deque([1, 13, 25], maxlen=250000), 1.5: deque([0], maxlen=250000), 1: deque([3, 5, 6, 7, 8, 9, 10, 12, 14, 15, 16, 17, 19, 20, 23, 24, 28, 29, 30, 31, 32, 33], maxlen=250000)}","{-1: deque([2], maxlen=250000), 1.5: deque([0], maxlen=250000), 1: deque([4, 11, 18, 21, 22, 26, 27], maxlen=250000)}"
1860,"{-1: deque([1, 26, 30], maxlen=250000), 1.5: deque([0], maxlen=250000), 1: deque([2, 3, 4, 7, 8, 9, 10, 12, 13, 16, 18, 19, 20, 21, 22, 24, 25, 27, 29, 31, 32], maxlen=250000)}","{1: deque([5, 6, 14, 15, 17, 23, 28, 33], maxlen=250000), 1.5: deque([0], maxlen=250000), -1: deque([11], maxlen=250000)}"
1861,"{1: deque([2, 3, 4, 5, 8, 10, 12, 13, 14, 15, 17, 18, 20, 22, 24, 25, 26, 27, 29, 30, 31, 33], maxlen=250000), 1.5: deque([0], maxlen=250000), -1: deque([7, 19, 28], maxlen=250000)}","{1: deque([1, 6, 9, 11, 16, 21, 32], maxlen=250000), 1.5: deque([0], maxlen=250000), -1: deque([23], maxlen=250000)}"
1862,"{1: deque([1, 2, 3, 4, 5, 8, 12, 15, 16, 17, 18, 21, 22, 23, 24, 25, 27, 28, 29, 30, 31, 33], maxlen=250000), 1.5: deque([0], maxlen=250000), -1: deque([9, 19, 32], maxlen=250000)}","{-1: deque([6], maxlen=250000), 1.5: deque([0], maxlen=250000), 1: deque([7, 10, 11, 13, 14, 20, 26], maxlen=250000)}"
1863,"{1: deque([1, 3, 4, 12, 13, 14, 15, 16, 19, 20, 21, 22, 24, 25, 26, 27, 28, 29, 30, 31, 32, 33], maxlen=250000), 1.5: deque([0], maxlen=250000), -1: deque([5, 11, 23], maxlen=250000)}","{1: deque([2, 6, 7, 9, 10, 17, 18], maxlen=250000), 1.5: deque([0], maxlen=250000), -1: deque([8], maxlen=250000)}"
1864,"{1: deque([1, 2, 3, 4, 5, 6, 9, 10, 11, 13, 14, 15, 16, 18, 20, 21, 23, 25, 29, 30, 32, 33], maxlen=250000), 1.5: deque([0], maxlen=250000), -1: deque([7, 24, 26], maxlen=250000)}","{1: deque([8, 12, 17, 19, 22, 28, 31], maxlen=250000), 1.5: deque([0], maxlen=250000), -1: deque([27], maxlen=250000)}"
1865,"{1: deque([1, 3, 4, 5, 6, 7, 8, 9, 10, 11, 14, 16, 17, 19, 20, 25, 26, 28, 29, 30, 32, 33], maxlen=250000), 1.5: deque([0], maxlen=250000), -1: deque([2, 13, 23], maxlen=250000)}","{1: deque([12, 15, 18, 21, 24, 27, 31], maxlen=250000), 1.5: deque([0], maxlen=250000), -1: deque([22], maxlen=250000)}"
1866,"{1: deque([1, 2, 4, 5, 7, 8, 9, 10, 15, 18, 19, 20, 21, 22, 24, 25, 26, 27, 29, 30, 32, 33], maxlen=250000), 1.5: deque([0], maxlen=250000), -1: deque([14, 16, 28], maxlen=250000)}","{1: deque([3, 11, 12, 13, 17, 23, 31], maxlen=250000), 1.5: deque([0], maxlen=250000), -1: deque([6], maxlen=250000)}"
1867,"{1: deque([1, 4, 5, 7, 8, 9, 10, 13, 14, 16, 17, 18, 19, 21, 22, 24, 25, 26, 27, 31, 32], maxlen=250000), 1.5: deque([0], maxlen=250000), -1: deque([6, 20, 29], maxlen=250000)}","{-1: deque([2], maxlen=250000), 1.5: deque([0], maxlen=250000), 1: deque([3, 11, 12, 15, 23, 28, 30, 33], maxlen=250000)}"
1868,"{1: deque([2, 7, 8, 10, 11, 13, 14, 15, 17, 18, 20, 21, 22, 23, 24, 26, 27, 28, 29, 31, 32, 33], maxlen=250000), 1.5: deque([0], maxlen=250000), -1: deque([12, 25, 30], maxlen=250000)}","{1: deque([1, 3, 4, 6, 9, 16, 19], maxlen=250000), 1.5: deque([0], maxlen=250000), -1: deque([5], maxlen=250000)}"
1869,"{1: deque([1, 2, 4, 6, 7, 8, 9, 11, 12, 13, 14, 16, 18, 20, 21, 22, 24, 25, 26, 28, 31], maxlen=250000), 1.5: deque([0], maxlen=250000), -1: deque([3, 15, 29], maxlen=250000)}","{1: deque([5, 17, 19, 23, 27, 30, 32, 33], maxlen=250000), 1.5: deque([0], maxlen=250000), -1: deque([10], maxlen=250000)}"
1870,"{1: deque([1, 3, 4, 5, 6, 11, 14, 15, 16, 17, 18, 19, 21, 22, 23, 24, 25, 27, 29, 30, 32], maxlen=250000), 1.5: deque([0], maxlen=250000), -1: deque([7, 10, 31], maxlen=250000)}","{1: deque([2, 8, 9, 12, 13, 26, 28, 33], maxlen=250000), 1.5: deque([0], maxlen=250000), -1: deque([20], maxlen=250000)}"
1871,"{1: deque([2, 3, 6, 7, 8, 10, 12, 14, 15, 20, 22, 23, 24, 25, 26, 27, 28, 29, 30, 31, 32, 33], maxlen=250000), 1.5: deque([0], maxlen=250000), -1: deque([4, 13, 18], maxlen=250000)}","{1: deque([1, 5, 9, 16, 17, 19, 21], maxlen=250000), 1.5: deque([0], maxlen=250000), -1: deque([11], maxlen=250000)}"
1872,"{1: deque([1, 2, 3, 4, 5, 6, 7, 8, 11, 13, 15, 16, 18, 19, 21, 22, 24, 25, 28, 29, 31, 33], maxlen=250000), 1.5: deque([0], maxlen=250000), -1: deque([9, 14, 27], maxlen=250000)}","{-1: deque([10], maxlen=250000), 1.5: deque([0], maxlen=250000), 1: deque([12, 17, 20, 23, 26, 30, 32], maxlen=250000)}"
1873,"{1: deque([1, 2, 4, 7, 9, 10, 11, 13, 15, 16, 19, 20, 21, 22, 23, 24, 28, 29, 30, 31, 32, 33], maxlen=250000), 1.5: deque([0], maxlen=250000), -1: deque([6, 8, 26], maxlen=250000)}","{1: deque([3, 5, 12, 14, 17, 18, 27], maxlen=250000), 1.5: deque([0], maxlen=250000), -1: deque([25], maxlen=250000)}"
1874,"{1: deque([2, 3, 4, 6, 8, 9, 13, 15, 16, 17, 18, 19, 20, 21, 23, 25, 26, 28, 30, 31, 32, 33], maxlen=250000), 1.5: deque([0], maxlen=250000), -1: deque([7, 11, 29], maxlen=250000)}","{1: deque([1, 5, 12, 14, 22, 24, 27], maxlen=250000), 1.5: deque([0], maxlen=250000), -1: deque([10], maxlen=250000)}"
1875,"{-1: deque([1, 12, 32], maxlen=250000), 1.5: deque([0], maxlen=250000), 1: deque([2, 3, 4, 5, 7, 8, 10, 11, 14, 15, 16, 18, 19, 20, 21, 22, 23, 24, 25, 26, 30], maxlen=250000)}","{1: deque([6, 9, 13, 27, 28, 29, 31, 33], maxlen=250000), 1.5: deque([0], maxlen=250000), -1: deque([17], maxlen=250000)}"
1876,"{1: deque([1, 2, 3, 4, 5, 6, 7, 9, 11, 12, 13, 14, 15, 18, 19, 23, 25, 26, 30, 31, 32, 33], maxlen=250000), 1.5: deque([0], maxlen=250000), -1: deque([8, 17, 20], maxlen=250000)}","{-1: deque([10], maxlen=250000), 1.5: deque([0], maxlen=250000), 1: deque([16, 21, 22, 24, 27, 28, 29], maxlen=250000)}"
1877,"{1: deque([1, 2, 5, 6, 7, 8, 9, 10, 13, 15, 16, 17, 18, 21, 22, 24, 25, 28, 30, 31, 32], maxlen=250000), 1.5: deque([0], maxlen=250000), -1: deque([3, 12, 19], maxlen=250000)}","{1: deque([4, 14, 20, 23, 26, 27, 29, 33], maxlen=250000), 1.5: deque([0], maxlen=250000), -1: deque([11], maxlen=250000)}"
1878,"{1: deque([2, 4, 5, 9, 10, 12, 14, 15, 16, 17, 18, 19, 20, 23, 24, 26, 27, 28, 29, 31, 32], maxlen=250000), 1.5: deque([0], maxlen=250000), -1: deque([21, 25, 30], maxlen=250000)}","{1: deque([1, 3, 6, 7, 8, 13, 22, 33], maxlen=250000), 1.5: deque([0], maxlen=250000), -1: deque([11], maxlen=250000)}"
1879,"{1: deque([3, 4, 5, 8, 9, 10, 11, 13, 15, 16, 17, 18, 19, 20, 21, 22, 24, 25, 26, 28, 32], maxlen=250000), 1.5: deque([0], maxlen=250000), -1: deque([7, 12, 30], maxlen=250000)}","{1: deque([1, 2, 6, 14, 23, 27, 31, 33], maxlen=250000), 1.5: deque([0], maxlen=250000), -1: deque([29], maxlen=250000)}"
1880,"{-1: deque([2, 4, 16], maxlen=250000), 1.5: deque([0], maxlen=250000), 1: deque([3, 6, 8, 10, 11, 12, 13, 14, 15, 17, 19, 20, 21, 22, 23, 25, 26, 28, 29, 31, 32, 33], maxlen=250000)}","{-1: deque([1], maxlen=250000), 1.5: deque([0], maxlen=250000), 1: deque([5, 7, 9, 18, 24, 27, 30], maxlen=250000)}"
1881,"{-1: deque([1, 11, 13], maxlen=250000), 1.5: deque([0], maxlen=250000), 1: deque([3, 4, 5, 6, 7, 10, 12, 14, 15, 16, 17, 19, 20, 21, 23, 24, 25, 26, 29, 31, 32], maxlen=250000)}","{1: deque([2, 8, 9, 18, 27, 28, 30, 33], maxlen=250000), 1.5: deque([0], maxlen=250000), -1: deque([22], maxlen=250000)}"
1882,"{1: deque([1, 3, 4, 5, 6, 8, 10, 11, 12, 14, 18, 19, 20, 21, 22, 25, 26, 28, 30, 31, 32, 33], maxlen=250000), 1.5: deque([0], maxlen=250000), -1: deque([23, 24, 27], maxlen=250000)}","{1: deque([2, 7, 9, 13, 15, 16, 29], maxlen=250000), 1.5: deque([0], maxlen=250000), -1: deque([17], maxlen=250000)}"
1883,"{1: deque([1, 2, 3, 5, 6, 12, 14, 16, 17, 18, 19, 21, 22, 23, 26, 27, 28, 29, 30, 31, 32], maxlen=250000), 1.5: deque([0], maxlen=250000), -1: deque([4, 8, 9], maxlen=250000)}","{1: deque([7, 10, 11, 13, 20, 24, 25, 33], maxlen=250000), 1.5: deque([0], maxlen=250000), -1: deque([15], maxlen=250000)}"
1884,"{1: deque([1, 6, 7, 9, 10, 11, 13, 14, 15, 16, 17, 18, 21, 23, 24, 26, 27, 28, 30, 31, 32], maxlen=250000), 1.5: deque([0], maxlen=250000), -1: deque([12, 19, 22], maxlen=250000)}","{1: deque([2, 3, 4, 8, 20, 25, 29, 33], maxlen=250000), 1.5: deque([0], maxlen=250000), -1: deque([5], maxlen=250000)}"
1885,"{1: deque([1, 4, 5, 6, 10, 11, 15, 17, 19, 20, 21, 22, 23, 24, 26, 27, 28, 29, 30, 31, 32], maxlen=250000), 1.5: deque([0], maxlen=250000), -1: deque([9, 12, 16], maxlen=250000)}","{1: deque([2, 3, 7, 8, 14, 18, 25, 33], maxlen=250000), 1.5: deque([0], maxlen=250000), -1: deque([13], maxlen=250000)}"
1886,"{1: deque([3, 4, 5, 7, 8, 10, 11, 12, 13, 14, 16, 17, 18, 23, 24, 27, 28, 29, 30, 31, 32], maxlen=250000), 1.5: deque([0], maxlen=250000), -1: deque([6, 9, 21], maxlen=250000)}","{-1: deque([1], maxlen=250000), 1.5: deque([0], maxlen=250000), 1: deque([2, 15, 19, 20, 22, 25, 26, 33], maxlen=250000)}"
1887,"{1: deque([1, 2, 4, 5, 6, 8, 11, 12, 13, 15, 16, 18, 19, 22, 23, 24, 25, 29, 30, 31, 32, 33], maxlen=250000), 1.5: deque([0], maxlen=250000), -1: deque([3, 9, 20], maxlen=250000)}","{1: deque([7, 10, 14, 17, 21, 27, 28], maxlen=250000), 1.5: deque([0], maxlen=250000), -1: deque([26], maxlen=250000)}"
1888,"{1: deque([2, 3, 4, 5, 6, 9, 13, 14, 15, 17, 19, 21, 22, 23, 25, 26, 27, 29, 30, 31, 32, 33], maxlen=250000), 1.5: deque([0], maxlen=250000), -1: deque([7, 16, 20], maxlen=250000)}","{1: deque([1, 8, 11, 12, 18, 24, 28], maxlen=250000), 1.5: deque([0], maxlen=250000), -1: deque([10], maxlen=250000)}"
1889,"{1: deque([1, 2, 3, 5, 6, 8, 9, 10, 11, 12, 13, 14, 15, 16, 18, 19, 25, 27, 29, 30, 31, 33], maxlen=250000), 1.5: deque([0], maxlen=250000), -1: deque([21, 24, 28], maxlen=250000)}","{1: deque([4, 7, 17, 20, 22, 23, 26], maxlen=250000), 1.5: deque([0], maxlen=250000), -1: deque([32], maxlen=250000)}"
1890,"{1: deque([1, 4, 5, 7, 9, 10, 11, 12, 14, 15, 16, 17, 21, 22, 24, 25, 26, 28, 29, 30, 31, 33], maxlen=250000), 1.5: deque([0], maxlen=250000), -1: deque([8, 19, 23], maxlen=250000)}","{1: deque([2, 3, 6, 13, 18, 20, 32], maxlen=250000), 1.5: deque([0], maxlen=250000), -1: deque([27], maxlen=250000)}"
1891,"{1: deque([1, 2, 5, 6, 8, 11, 12, 13, 14, 15, 16, 17, 19, 20, 24, 25, 28, 29, 30, 31, 32], maxlen=250000), 1.5: deque([0], maxlen=250000), -1: deque([9, 10, 26], maxlen=250000)}","{-1: deque([3], maxlen=250000), 1.5: deque([0], maxlen=250000), 1: deque([4, 7, 18, 21, 22, 23, 27, 33], maxlen=250000)}"
1892,"{1: deque([1, 2, 8, 9, 10, 12, 14, 15, 16, 17, 19, 20, 21, 23, 25, 27, 28, 29, 30, 31, 32], maxlen=250000), 1.5: deque([0], maxlen=250000), -1: deque([13, 18, 22], maxlen=250000)}","{1: deque([3, 4, 5, 7, 11, 24, 26, 33], maxlen=250000), 1.5: deque([0], maxlen=250000), -1: deque([6], maxlen=250000)}"
1893,"{1: deque([1, 2, 3, 4, 5, 6, 11, 12, 14, 15, 17, 18, 20, 21, 22, 23, 25, 27, 29, 30, 31, 33], maxlen=250000), 1.5: deque([0], maxlen=250000), -1: deque([7, 10, 24], maxlen=250000)}","{1: deque([8, 9, 13, 16, 19, 28, 32], maxlen=250000), 1.5: deque([0], maxlen=250000), -1: deque([26], maxlen=250000)}"
1894,"{1: deque([1, 4, 5, 7, 8, 9, 10, 11, 12, 13, 15, 16, 17, 18, 21, 23, 25, 26, 29, 31, 32, 33], maxlen=250000), 1.5: deque([0], maxlen=250000), -1: deque([14, 22, 27], maxlen=250000)}","{1: deque([2, 6, 19, 20, 24, 28, 30], maxlen=250000), 1.5: deque([0], maxlen=250000), -1: deque([3], maxlen=250000)}"
1895,"{1: deque([2, 3, 4, 5, 6, 10, 11, 12, 13, 15, 16, 18, 19, 20, 21, 22, 23, 27, 29, 30, 31], maxlen=250000), 1.5: deque([0], maxlen=250000), -1: deque([14, 26, 32], maxlen=250000)}","{-1: deque([1], maxlen=250000), 1.5: deque([0], maxlen=250000), 1: deque([7, 8, 9, 17, 24, 25, 28, 33], maxlen=250000)}"
1896,"{1: deque([1, 2, 4, 5, 7, 8, 11, 12, 13, 15, 16, 17, 18, 20, 22, 23, 25, 26, 27, 28, 30], maxlen=250000), 1.5: deque([0], maxlen=250000), -1: deque([3, 29, 31], maxlen=250000)}","{1: deque([6, 9, 10, 14, 19, 24, 32, 33], maxlen=250000), 1.5: deque([0], maxlen=250000), -1: deque([21], maxlen=250000)}"
1897,"{1: deque([1, 2, 4, 5, 7, 11, 12, 13, 14, 16, 17, 18, 19, 20, 21, 24, 27, 28, 29, 30, 31, 33], maxlen=250000), 1.5: deque([0], maxlen=250000), -1: deque([3, 9, 23], maxlen=250000)}","{1: deque([6, 8, 10, 15, 22, 25, 26], maxlen=250000), 1.5: deque([0], maxlen=250000), -1: deque([32], maxlen=250000)}"
1898,"{1: deque([1, 2, 3, 4, 5, 6, 7, 8, 9, 10, 11, 12, 15, 16, 22, 23, 24, 25, 28, 29, 32], maxlen=250000), 1.5: deque([0], maxlen=250000), -1: deque([13, 19, 27], maxlen=250000)}","{-1: deque([14], maxlen=250000), 1.5: deque([0], maxlen=250000), 1: deque([17, 18, 20, 21, 26, 30, 31, 33], maxlen=250000)}"
1899,"{1: deque([1, 3, 4, 5, 6, 7, 9, 10, 11, 12, 13, 14, 15, 16, 17, 22, 23, 24, 26, 28, 29], maxlen=250000), 1.5: deque([0], maxlen=250000), -1: deque([2, 31, 32], maxlen=250000)}","{1: deque([8, 18, 19, 20, 21, 25, 27, 33], maxlen=250000), 1.5: deque([0], maxlen=250000), -1: deque([30], maxlen=250000)}"
1900,"{1: deque([1, 2, 3, 4, 7, 8, 10, 11, 12, 13, 15, 16, 21, 22, 24, 25, 26, 28, 29, 30, 32], maxlen=250000), 1.5: deque([0], maxlen=250000), -1: deque([5, 17, 31], maxlen=250000)}","{1: deque([6, 9, 14, 18, 19, 23, 27, 33], maxlen=250000), 1.5: deque([0], maxlen=250000), -1: deque([20], maxlen=250000)}"
1901,"{1: deque([1, 2, 5, 6, 7, 8, 9, 12, 13, 16, 17, 19, 21, 24, 25, 26, 27, 29, 30, 31, 32, 33], maxlen=250000), 1.5: deque([0], maxlen=250000), -1: deque([3, 14, 22], maxlen=250000)}","{1: deque([4, 10, 11, 15, 18, 23, 28], maxlen=250000), 1.5: deque([0], maxlen=250000), -1: deque([20], maxlen=250000)}"
1902,"{1: deque([1, 2, 4, 8, 9, 10, 11, 12, 13, 14, 15, 16, 17, 18, 19, 20, 22, 25, 28, 29, 30], maxlen=250000), 1.5: deque([0], maxlen=250000), -1: deque([3, 24, 32], maxlen=250000)}","{1: deque([5, 6, 21, 23, 26, 27, 31, 33], maxlen=250000), 1.5: deque([0], maxlen=250000), -1: deque([7], maxlen=250000)}"
1903,"{-1: deque([1, 26, 31], maxlen=250000), 1.5: deque([0], maxlen=250000), 1: deque([3, 5, 6, 9, 10, 11, 13, 14, 15, 17, 18, 20, 21, 22, 23, 24, 25, 27, 29, 30, 32], maxlen=250000)}","{1: deque([2, 4, 7, 8, 12, 16, 28, 33], maxlen=250000), 1.5: deque([0], maxlen=250000), -1: deque([19], maxlen=250000)}"
1904,"{1: deque([1, 5, 6, 7, 9, 10, 11, 12, 13, 14, 15, 16, 17, 19, 21, 22, 24, 28, 29, 31, 32], maxlen=250000), 1.5: deque([0], maxlen=250000), -1: deque([20, 25, 26], maxlen=250000)}","{1: deque([2, 3, 4, 8, 18, 23, 27, 33], maxlen=250000), 1.5: deque([0], maxlen=250000), -1: deque([30], maxlen=250000)}"
1905,"{1: deque([1, 3, 4, 5, 7, 8, 10, 11, 12, 13, 14, 16, 18, 19, 21, 23, 25, 26, 28, 30, 32, 33], maxlen=250000), 1.5: deque([0], maxlen=250000), -1: deque([9, 24, 29], maxlen=250000)}","{1: deque([2, 6, 15, 17, 22, 27, 31], maxlen=250000), 1.5: deque([0], maxlen=250000), -1: deque([20], maxlen=250000)}"
1906,"{1: deque([1, 2, 3, 4, 5, 8, 10, 12, 15, 16, 18, 19, 21, 22, 23, 24, 25, 26, 27, 29, 31], maxlen=250000), 1.5: deque([0], maxlen=250000), -1: deque([6, 13, 17], maxlen=250000)}","{1: deque([7, 9, 11, 14, 28, 30, 32, 33], maxlen=250000), 1.5: deque([0], maxlen=250000), -1: deque([20], maxlen=250000)}"
1907,"{1: deque([1, 2, 4, 5, 6, 8, 12, 13, 14, 15, 16, 17, 20, 22, 24, 25, 27, 29, 30, 31, 32], maxlen=250000), 1.5: deque([0], maxlen=250000), -1: deque([3, 7, 26], maxlen=250000)}","{1: deque([9, 10, 11, 18, 19, 21, 28, 33], maxlen=250000), 1.5: deque([0], maxlen=250000), -1: deque([23], maxlen=250000)}"
1908,"{1: deque([2, 3, 4, 5, 8, 12, 13, 14, 15, 16, 19, 20, 21, 22, 24, 26, 27, 28, 30, 31, 32, 33], maxlen=250000), 1.5: deque([0], maxlen=250000), -1: deque([17, 18, 23], maxlen=250000)}","{1: deque([1, 6, 7, 9, 10, 25, 29], maxlen=250000), 1.5: deque([0], maxlen=250000), -1: deque([11], maxlen=250000)}"
1909,"{1: deque([1, 2, 3, 4, 6, 8, 11, 12, 14, 15, 18, 19, 20, 21, 23, 24, 25, 27, 30, 31, 32], maxlen=250000), 1.5: deque([0], maxlen=250000), -1: deque([22, 26, 28], maxlen=250000)}","{1: deque([5, 7, 9, 13, 16, 17, 29, 33], maxlen=250000), 1.5: deque([0], maxlen=250000), -1: deque([10], maxlen=250000)}"
1910,"{1: deque([1, 2, 3, 5, 6, 8, 9, 10, 11, 14, 15, 17, 19, 20, 21, 22, 23, 26, 27, 30, 32, 33], maxlen=250000), 1.5: deque([0], maxlen=250000), -1: deque([13, 18, 31], maxlen=250000)}","{1: deque([4, 7, 12, 16, 24, 28, 29], maxlen=250000), 1.5: deque([0], maxlen=250000), -1: deque([25], maxlen=250000)}"
1911,"{1: deque([2, 3, 4, 5, 7, 8, 10, 13, 14, 15, 16, 18, 19, 23, 24, 25, 26, 27, 29, 30, 31, 33], maxlen=250000), 1.5: deque([0], maxlen=250000), -1: deque([9, 20, 21], maxlen=250000)}","{1: deque([1, 6, 11, 12, 17, 22, 32], maxlen=250000), 1.5: deque([0], maxlen=250000), -1: deque([28], maxlen=250000)}"
1912,"{1: deque([2, 5, 6, 8, 9, 12, 13, 15, 16, 17, 19, 20, 21, 22, 24, 25, 26, 27, 28, 31, 32], maxlen=250000), 1.5: deque([0], maxlen=250000), -1: deque([4, 11, 23], maxlen=250000)}","{1: deque([1, 3, 10, 14, 18, 29, 30, 33], maxlen=250000), 1.5: deque([0], maxlen=250000), -1: deque([7], maxlen=250000)}"
1913,"{1: deque([3, 4, 5, 6, 7, 8, 9, 10, 11, 12, 15, 16, 18, 19, 20, 22, 23, 24, 27, 29, 30], maxlen=250000), 1.5: deque([0], maxlen=250000), -1: deque([14, 25, 28], maxlen=250000)}","{1: deque([1, 2, 13, 17, 21, 26, 31, 33], maxlen=250000), 1.5: deque([0], maxlen=250000), -1: deque([32], maxlen=250000)}"
1914,"{1: deque([1, 2, 3, 6, 8, 9, 10, 12, 13, 15, 17, 18, 19, 21, 22, 23, 25, 26, 29, 31, 32, 33], maxlen=250000), 1.5: deque([0], maxlen=250000), -1: deque([14, 16, 28], maxlen=250000)}","{1: deque([4, 5, 7, 11, 20, 24, 30], maxlen=250000), 1.5: deque([0], maxlen=250000), -1: deque([27], maxlen=250000)}"
1915,"{1: deque([1, 2, 3, 5, 6, 7, 8, 11, 13, 14, 15, 19, 20, 21, 22, 26, 27, 28, 30, 31, 32, 33], maxlen=250000), 1.5: deque([0], maxlen=250000), -1: deque([17, 18, 24], maxlen=250000)}","{1: deque([4, 9, 10, 16, 23, 25, 29], maxlen=250000), 1.5: deque([0], maxlen=250000), -1: deque([12], maxlen=250000)}"
1916,"{1: deque([2, 4, 5, 6, 8, 9, 10, 11, 12, 15, 16, 17, 20, 23, 25, 27, 28, 29, 30, 31, 32, 33], maxlen=250000), 1.5: deque([0], maxlen=250000), -1: deque([3, 19, 26], maxlen=250000)}","{1: deque([1, 7, 13, 14, 18, 21, 24], maxlen=250000), 1.5: deque([0], maxlen=250000), -1: deque([22], maxlen=250000)}"
1917,"{1: deque([1, 2, 3, 4, 6, 9, 11, 12, 13, 16, 18, 19, 20, 21, 22, 23, 27, 28, 29, 31, 32], maxlen=250000), 1.5: deque([0], maxlen=250000), -1: deque([10, 25, 30], maxlen=250000)}","{1: deque([5, 8, 14, 15, 17, 24, 26, 33], maxlen=250000), 1.5: deque([0], maxlen=250000), -1: deque([7], maxlen=250000)}"
1918,"{1: deque([1, 2, 3, 5, 6, 7, 8, 10, 11, 12, 15, 16, 18, 19, 21, 23, 25, 26, 28, 29, 31], maxlen=250000), 1.5: deque([0], maxlen=250000), -1: deque([14, 20, 27], maxlen=250000)}","{1: deque([4, 13, 17, 22, 24, 30, 32, 33], maxlen=250000), 1.5: deque([0], maxlen=250000), -1: deque([9], maxlen=250000)}"
1919,"{1: deque([1, 3, 4, 5, 7, 8, 9, 10, 11, 12, 14, 15, 16, 19, 20, 22, 23, 24, 25, 26, 29], maxlen=250000), 1.5: deque([0], maxlen=250000), -1: deque([13, 21, 32], maxlen=250000)}","{1: deque([2, 6, 17, 18, 27, 28, 31, 33], maxlen=250000), 1.5: deque([0], maxlen=250000), -1: deque([30], maxlen=250000)}"
1920,"{1: deque([2, 3, 5, 6, 8, 11, 12, 14, 15, 16, 17, 18, 19, 22, 23, 24, 25, 28, 30, 31, 32], maxlen=250000), 1.5: deque([0], maxlen=250000), -1: deque([20, 27, 29], maxlen=250000)}","{1: deque([1, 4, 9, 10, 13, 21, 26, 33], maxlen=250000), 1.5: deque([0], maxlen=250000), -1: deque([7], maxlen=250000)}"
1921,"{-1: deque([1, 5, 25], maxlen=250000), 1.5: deque([0], maxlen=250000), 1: deque([2, 3, 4, 8, 9, 10, 11, 12, 14, 15, 17, 20, 21, 23, 24, 26, 27, 28, 30, 31, 32], maxlen=250000)}","{1: deque([6, 7, 13, 16, 18, 19, 29, 33], maxlen=250000), 1.5: deque([0], maxlen=250000), -1: deque([22], maxlen=250000)}"
1922,"{-1: deque([2, 18, 29], maxlen=250000), 1.5: deque([0], maxlen=250000), 1: deque([4, 5, 6, 7, 9, 11, 12, 13, 14, 15, 16, 17, 19, 20, 21, 24, 25, 27, 30, 31, 32, 33], maxlen=250000)}","{1: deque([1, 3, 8, 10, 22, 23, 26], maxlen=250000), 1.5: deque([0], maxlen=250000), -1: deque([28], maxlen=250000)}"
1923,"{1: deque([1, 2, 3, 4, 5, 6, 7, 8, 9, 10, 12, 14, 15, 17, 18, 20, 22, 29, 30, 31, 32], maxlen=250000), 1.5: deque([0], maxlen=250000), -1: deque([19, 24, 28], maxlen=250000)}","{-1: deque([11], maxlen=250000), 1.5: deque([0], maxlen=250000), 1: deque([13, 16, 21, 23, 25, 26, 27, 33], maxlen=250000)}"
1924,"{1: deque([1, 2, 5, 6, 7, 8, 9, 12, 13, 14, 15, 16, 17, 19, 20, 21, 24, 25, 26, 30, 32], maxlen=250000), 1.5: deque([0], maxlen=250000), -1: deque([3, 23, 27], maxlen=250000)}","{1: deque([4, 10, 18, 22, 28, 29, 31, 33], maxlen=250000), 1.5: deque([0], maxlen=250000), -1: deque([11], maxlen=250000)}"
1925,"{1: deque([2, 3, 4, 5, 10, 12, 13, 15, 16, 17, 18, 19, 21, 24, 25, 26, 27, 28, 29, 31, 32, 33], maxlen=250000), 1.5: deque([0], maxlen=250000), -1: deque([9, 20, 22], maxlen=250000)}","{1: deque([1, 6, 7, 8, 11, 14, 23], maxlen=250000), 1.5: deque([0], maxlen=250000), -1: deque([30], maxlen=250000)}"
1926,"{1: deque([1, 2, 3, 4, 5, 7, 8, 9, 12, 13, 15, 17, 18, 19, 20, 23, 26, 27, 29, 31, 32, 33], maxlen=250000), 1.5: deque([0], maxlen=250000), -1: deque([10, 11, 28], maxlen=250000)}","{-1: deque([6], maxlen=250000), 1.5: deque([0], maxlen=250000), 1: deque([14, 16, 21, 22, 24, 25, 30], maxlen=250000)}"
1927,"{-1: deque([1, 17, 25], maxlen=250000), 1.5: deque([0], maxlen=250000), 1: deque([3, 5, 8, 10, 11, 12, 13, 14, 15, 16, 18, 20, 21, 22, 23, 24, 27, 28, 30, 31, 32, 33], maxlen=250000)}","{1: deque([2, 6, 7, 9, 19, 26, 29], maxlen=250000), 1.5: deque([0], maxlen=250000), -1: deque([4], maxlen=250000)}"
1928,"{-1: deque([1, 4, 9], maxlen=250000), 1.5: deque([0], maxlen=250000), 1: deque([3, 5, 6, 8, 10, 12, 15, 16, 17, 19, 20, 21, 23, 24, 25, 26, 27, 28, 29, 31, 32], maxlen=250000)}","{1: deque([2, 11, 13, 14, 18, 22, 30, 33], maxlen=250000), 1.5: deque([0], maxlen=250000), -1: deque([7], maxlen=250000)}"
1929,"{-1: deque([1, 3, 30], maxlen=250000), 1.5: deque([0], maxlen=250000), 1: deque([4, 5, 6, 7, 9, 11, 12, 13, 14, 15, 16, 18, 19, 20, 21, 22, 23, 26, 28, 31, 32], maxlen=250000)}","{1: deque([2, 8, 10, 24, 25, 27, 29, 33], maxlen=250000), 1.5: deque([0], maxlen=250000), -1: deque([17], maxlen=250000)}"
1930,"{1: deque([1, 3, 4, 5, 6, 8, 9, 11, 12, 13, 14, 15, 16, 18, 19, 20, 25, 26, 29, 30, 31], maxlen=250000), 1.5: deque([0], maxlen=250000), -1: deque([2, 23, 28], maxlen=250000)}","{1: deque([7, 10, 21, 22, 24, 27, 32, 33], maxlen=250000), 1.5: deque([0], maxlen=250000), -1: deque([17], maxlen=250000)}"
1931,"{1: deque([1, 2, 5, 6, 7, 9, 10, 12, 14, 19, 20, 21, 22, 23, 26, 27, 28, 29, 30, 31, 32], maxlen=250000), 1.5: deque([0], maxlen=250000), -1: deque([8, 11, 18], maxlen=250000)}","{1: deque([3, 13, 15, 16, 17, 24, 25, 33], maxlen=250000), 1.5: deque([0], maxlen=250000), -1: deque([4], maxlen=250000)}"
1932,"{1: deque([1, 2, 3, 5, 7, 8, 9, 11, 12, 13, 14, 17, 18, 19, 23, 24, 25, 28, 29, 30, 31], maxlen=250000), 1.5: deque([0], maxlen=250000), -1: deque([16, 22, 32], maxlen=250000)}","{1: deque([4, 6, 10, 15, 21, 26, 27, 33], maxlen=250000), 1.5: deque([0], maxlen=250000), -1: deque([20], maxlen=250000)}"
1933,"{1: deque([1, 2, 3, 4, 8, 10, 11, 12, 15, 16, 17, 19, 20, 22, 23, 26, 27, 28, 29, 31, 32, 33], maxlen=250000), 1.5: deque([0], maxlen=250000), -1: deque([13, 14, 25], maxlen=250000)}","{-1: deque([5], maxlen=250000), 1.5: deque([0], maxlen=250000), 1: deque([6, 7, 9, 18, 21, 24, 30], maxlen=250000)}"
1934,"{-1: deque([1, 6, 19], maxlen=250000), 1.5: deque([0], maxlen=250000), 1: deque([2, 4, 5, 8, 9, 10, 11, 12, 16, 17, 18, 20, 21, 22, 23, 24, 25, 28, 29, 30, 32], maxlen=250000)}","{1: deque([3, 7, 13, 15, 26, 27, 31, 33], maxlen=250000), 1.5: deque([0], maxlen=250000), -1: deque([14], maxlen=250000)}"
1935,"{1: deque([1, 2, 4, 7, 8, 10, 11, 12, 13, 14, 16, 17, 20, 21, 22, 23, 24, 26, 27, 29, 30], maxlen=250000), 1.5: deque([0], maxlen=250000), -1: deque([5, 15, 25], maxlen=250000)}","{1: deque([3, 9, 18, 19, 28, 31, 32, 33], maxlen=250000), 1.5: deque([0], maxlen=250000), -1: deque([6], maxlen=250000)}"
1936,"{1: deque([1, 2, 3, 4, 6, 8, 9, 12, 13, 14, 15, 16, 19, 20, 21, 22, 23, 24, 26, 27, 30], maxlen=250000), 1.5: deque([0], maxlen=250000), -1: deque([5, 7, 17], maxlen=250000)}","{1: deque([10, 11, 18, 28, 29, 31, 32, 33], maxlen=250000), 1.5: deque([0], maxlen=250000), -1: deque([25], maxlen=250000)}"
1937,"{1: deque([2, 3, 4, 5, 6, 8, 9, 11, 13, 14, 16, 17, 18, 19, 20, 21, 22, 24, 27, 29, 31], maxlen=250000), 1.5: deque([0], maxlen=250000), -1: deque([10, 15, 23], maxlen=250000)}","{-1: deque([1], maxlen=250000), 1.5: deque([0], maxlen=250000), 1: deque([7, 12, 25, 26, 28, 30, 32, 33], maxlen=250000)}"
1938,"{1: deque([2, 4, 5, 6, 7, 8, 9, 10, 11, 12, 14, 15, 18, 19, 20, 21, 23, 24, 28, 29, 31], maxlen=250000), 1.5: deque([0], maxlen=250000), -1: deque([3, 16, 27], maxlen=250000)}","{1: deque([1, 17, 22, 25, 26, 30, 32, 33], maxlen=250000), 1.5: deque([0], maxlen=250000), -1: deque([13], maxlen=250000)}"
1939,"{1: deque([1, 2, 4, 5, 6, 7, 9, 10, 11, 13, 14, 15, 16, 18, 19, 22, 24, 25, 28, 29, 32], maxlen=250000), 1.5: deque([0], maxlen=250000), -1: deque([8, 12, 30], maxlen=250000)}","{1: deque([3, 20, 21, 23, 26, 27, 31, 33], maxlen=250000), 1.5: deque([0], maxlen=250000), -1: deque([17], maxlen=250000)}"
1940,"{-1: deque([1, 13, 18], maxlen=250000), 1.5: deque([0], maxlen=250000), 1: deque([2, 3, 5, 6, 7, 8, 9, 10, 11, 12, 14, 16, 17, 21, 22, 23, 26, 27, 29, 30, 31], maxlen=250000)}","{-1: deque([4], maxlen=250000), 1.5: deque([0], maxlen=250000), 1: deque([15, 19, 20, 24, 25, 28, 32, 33], maxlen=250000)}"
1941,"{1: deque([1, 2, 4, 6, 7, 11, 12, 13, 14, 16, 17, 18, 19, 22, 24, 25, 26, 28, 30, 31, 32, 33], maxlen=250000), 1.5: deque([0], maxlen=250000), -1: deque([8, 10, 29], maxlen=250000)}","{1: deque([3, 5, 15, 20, 21, 23, 27], maxlen=250000), 1.5: deque([0], maxlen=250000), -1: deque([9], maxlen=250000)}"
1942,"{1: deque([1, 2, 4, 5, 7, 8, 10, 11, 13, 14, 16, 17, 18, 20, 22, 23, 26, 27, 28, 30, 31], maxlen=250000), 1.5: deque([0], maxlen=250000), -1: deque([6, 29, 32], maxlen=250000)}","{1: deque([3, 9, 12, 19, 21, 24, 25, 33], maxlen=250000), 1.5: deque([0], maxlen=250000), -1: deque([15], maxlen=250000)}"
1943,"{1: deque([1, 2, 4, 6, 7, 8, 10, 11, 12, 13, 14, 16, 18, 19, 20, 23, 26, 27, 29, 31, 32, 33], maxlen=250000), 1.5: deque([0], maxlen=250000), -1: deque([5, 24, 28], maxlen=250000)}","{1: deque([3, 9, 15, 17, 21, 22, 30], maxlen=250000), 1.5: deque([0], maxlen=250000), -1: deque([25], maxlen=250000)}"
1944,"{1: deque([1, 3, 4, 5, 6, 7, 8, 9, 10, 11, 14, 15, 18, 19, 20, 22, 23, 24, 27, 29, 31], maxlen=250000), 1.5: deque([0], maxlen=250000), -1: deque([28, 30, 32], maxlen=250000)}","{1: deque([2, 13, 16, 17, 21, 25, 26, 33], maxlen=250000), 1.5: deque([0], maxlen=250000), -1: deque([12], maxlen=250000)}"
1945,"{1: deque([1, 2, 4, 7, 8, 10, 11, 12, 14, 15, 18, 20, 21, 22, 26, 27, 28, 29, 30, 31, 32], maxlen=250000), 1.5: deque([0], maxlen=250000), -1: deque([3, 24, 25], maxlen=250000)}","{1: deque([5, 6, 9, 13, 17, 19, 23, 33], maxlen=250000), 1.5: deque([0], maxlen=250000), -1: deque([16], maxlen=250000)}"
1946,"{1: deque([1, 4, 5, 6, 7, 9, 12, 14, 15, 17, 19, 20, 21, 22, 23, 25, 26, 27, 29, 30, 32, 33], maxlen=250000), 1.5: deque([0], maxlen=250000), -1: deque([8, 11, 18], maxlen=250000)}","{-1: deque([2], maxlen=250000), 1.5: deque([0], maxlen=250000), 1: deque([3, 10, 13, 16, 24, 28, 31], maxlen=250000)}"
1947,"{-1: deque([2, 19, 22], maxlen=250000), 1.5: deque([0], maxlen=250000), 1: deque([4, 5, 8, 9, 10, 11, 12, 13, 14, 16, 17, 18, 20, 21, 23, 24, 25, 27, 28, 31, 32, 33], maxlen=250000)}","{1: deque([1, 3, 6, 7, 15, 26, 30], maxlen=250000), 1.5: deque([0], maxlen=250000), -1: deque([29], maxlen=250000)}"
1948,"{1: deque([1, 3, 4, 5, 8, 9, 10, 12, 14, 16, 17, 18, 20, 22, 23, 25, 27, 28, 29, 30, 32], maxlen=250000), 1.5: deque([0], maxlen=250000), -1: deque([6, 11, 13], maxlen=250000)}","{1: deque([2, 7, 15, 21, 24, 26, 31, 33], maxlen=250000), 1.5: deque([0], maxlen=250000), -1: deque([19], maxlen=250000)}"
1949,"{1: deque([1, 2, 3, 6, 9, 10, 11, 12, 14, 15, 17, 21, 22, 24, 25, 26, 28, 29, 30, 31, 32], maxlen=250000), 1.5: deque([0], maxlen=250000), -1: deque([5, 7, 27], maxlen=250000)}","{1: deque([4, 13, 16, 18, 19, 20, 23, 33], maxlen=250000), 1.5: deque([0], maxlen=250000), -1: deque([8], maxlen=250000)}"
1950,"{1: deque([1, 2, 4, 5, 8, 10, 12, 13, 15, 16, 17, 18, 20, 21, 22, 23, 24, 26, 29, 30, 31, 33], maxlen=250000), 1.5: deque([0], maxlen=250000), -1: deque([7, 11, 14], maxlen=250000)}","{1: deque([3, 6, 9, 19, 25, 27, 32], maxlen=250000), 1.5: deque([0], maxlen=250000), -1: deque([28], maxlen=250000)}"
1951,"{1: deque([1, 2, 3, 4, 5, 7, 8, 9, 13, 14, 15, 17, 22, 23, 24, 25, 26, 27, 28, 29, 31], maxlen=250000), 1.5: deque([0], maxlen=250000), -1: deque([10, 19, 20], maxlen=250000)}","{1: deque([6, 11, 12, 16, 18, 30, 32, 33], maxlen=250000), 1.5: deque([0], maxlen=250000), -1: deque([21], maxlen=250000)}"
1952,"{1: deque([3, 4, 5, 6, 7, 8, 9, 11, 12, 13, 14, 15, 17, 18, 19, 21, 22, 24, 25, 26, 29, 30, 31, 32], maxlen=250000), 1.5: deque([0], maxlen=250000)}","{1: deque([1, 2, 10, 16, 20, 23, 27, 28, 33], maxlen=250000), 1.5: deque([0], maxlen=250000)}"
1953,"{1: deque([2, 3, 4, 5, 6, 7, 9, 11, 13, 14, 15, 18, 19, 20, 21, 22, 25, 26, 27, 28, 29, 30, 31, 32], maxlen=250000), 1.5: deque([0], maxlen=250000)}","{1: deque([1, 8, 10, 12, 16, 17, 23, 24, 33], maxlen=250000), 1.5: deque([0], maxlen=250000)}"
1954,"{1: deque([1, 2, 3, 4, 5, 6, 7, 8, 9, 11, 14, 16, 17, 18, 19, 20, 21, 24, 26, 27, 28, 30, 31, 32], maxlen=250000), 1.5: deque([0], maxlen=250000)}","{1: deque([10, 12, 13, 15, 22, 23, 25, 29, 33], maxlen=250000), 1.5: deque([0], maxlen=250000)}"
1955,"{1: deque([1, 2, 4, 5, 6, 7, 8, 9, 12, 13, 14, 16, 17, 20, 21, 22, 23, 25, 26, 27, 28, 29, 30, 31], maxlen=250000), 1.5: deque([0], maxlen=250000)}","{1: deque([3, 10, 11, 15, 18, 19, 24, 32, 33], maxlen=250000), 1.5: deque([0], maxlen=250000)}"
1956,"{1: deque([1, 2, 3, 4, 5, 6, 7, 8, 9, 10, 11, 12, 13, 16, 18, 19, 20, 22, 23, 24, 25, 27, 30, 32, 33], maxlen=250000), 1.5: deque([0], maxlen=250000)}","{1: deque([14, 15, 17, 21, 26, 28, 29, 31], maxlen=250000), 1.5: deque([0], maxlen=250000)}"
1957,"{1: deque([1, 2, 3, 5, 7, 8, 10, 12, 13, 14, 15, 16, 17, 18, 19, 21, 22, 24, 25, 28, 29, 30, 31, 32], maxlen=250000), 1.5: deque([0], maxlen=250000)}","{1: deque([4, 6, 9, 11, 20, 23, 26, 27, 33], maxlen=250000), 1.5: deque([0], maxlen=250000)}"
1958,"{1: deque([2, 3, 4, 5, 6, 7, 9, 12, 13, 14, 17, 18, 19, 20, 21, 22, 23, 25, 27, 28, 29, 30, 31, 32], maxlen=250000), 1.5: deque([0], maxlen=250000)}","{1: deque([1, 8, 10, 11, 15, 16, 24, 26, 33], maxlen=250000), 1.5: deque([0], maxlen=250000)}"
1959,"{1: deque([1, 2, 5, 6, 7, 8, 9, 10, 12, 14, 16, 17, 20, 21, 22, 23, 25, 26, 27, 28, 29, 30, 31, 32], maxlen=250000), 1.5: deque([0], maxlen=250000)}","{1: deque([3, 4, 11, 13, 15, 18, 19, 24, 33], maxlen=250000), 1.5: deque([0], maxlen=250000)}"
1960,"{1: deque([2, 3, 4, 5, 6, 7, 8, 9, 10, 11, 12, 13, 15, 18, 20, 21, 22, 23, 24, 25, 26, 27, 28, 31], maxlen=250000), 1.5: deque([0], maxlen=250000)}","{1: deque([1, 14, 16, 17, 19, 29, 30, 32, 33], maxlen=250000), 1.5: deque([0], maxlen=250000)}"
1961,"{1: deque([1, 2, 4, 5, 6, 7, 8, 9, 11, 12, 13, 14, 15, 17, 19, 20, 22, 25, 26, 27, 29, 30, 31, 32], maxlen=250000), 1.5: deque([0], maxlen=250000)}","{1: deque([3, 10, 16, 18, 21, 23, 24, 28, 33], maxlen=250000), 1.5: deque([0], maxlen=250000)}"
1962,"{1: deque([3, 4, 5, 6, 8, 9, 10, 11, 12, 13, 14, 17, 18, 19, 20, 22, 23, 24, 25, 26, 27, 28, 29, 32], maxlen=250000), 1.5: deque([0], maxlen=250000)}","{1: deque([1, 2, 7, 15, 16, 21, 30, 31, 33], maxlen=250000), 1.5: deque([0], maxlen=250000)}"
1963,"{1: deque([1, 2, 3, 5, 6, 7, 8, 9, 10, 11, 13, 14, 15, 16, 17, 18, 19, 20, 23, 25, 26, 29, 31, 32], maxlen=250000), 1.5: deque([0], maxlen=250000)}","{1: deque([4, 12, 21, 22, 24, 27, 28, 30, 33], maxlen=250000), 1.5: deque([0], maxlen=250000)}"
1964,"{1: deque([1, 2, 4, 5, 7, 9, 10, 11, 12, 13, 14, 15, 17, 19, 20, 21, 24, 25, 27, 28, 29, 30, 31, 32], maxlen=250000), 1.5: deque([0], maxlen=250000)}","{1: deque([3, 6, 8, 16, 18, 22, 23, 26, 33], maxlen=250000), 1.5: deque([0], maxlen=250000)}"
1965,"{1: deque([1, 2, 3, 4, 5, 6, 8, 9, 10, 11, 12, 13, 15, 17, 18, 20, 22, 23, 24, 25, 26, 27, 31, 32], maxlen=250000), 1.5: deque([0], maxlen=250000)}","{1: deque([7, 14, 16, 19, 21, 28, 29, 30, 33], maxlen=250000), 1.5: deque([0], maxlen=250000)}"
1966,"{1: deque([2, 3, 4, 5, 6, 7, 8, 9, 11, 12, 13, 14, 16, 18, 19, 20, 21, 22, 23, 25, 26, 28, 30, 32], maxlen=250000), 1.5: deque([0], maxlen=250000)}","{1: deque([1, 10, 15, 17, 24, 27, 29, 31, 33], maxlen=250000), 1.5: deque([0], maxlen=250000)}"
1967,"{1: deque([3, 4, 6, 9, 10, 11, 12, 13, 15, 16, 18, 19, 20, 21, 22, 23, 24, 25, 26, 27, 28, 29, 31, 32], maxlen=250000), 1.5: deque([0], maxlen=250000)}","{1: deque([1, 2, 5, 7, 8, 14, 17, 30, 33], maxlen=250000), 1.5: deque([0], maxlen=250000)}"
1968,"{1: deque([6, 7, 9, 10, 11, 12, 13, 14, 15, 17, 18, 19, 20, 22, 23, 24, 25, 26, 27, 28, 29, 30, 31, 32], maxlen=250000), 1.5: deque([0], maxlen=250000)}","{1: deque([1, 2, 3, 4, 5, 8, 16, 21, 33], maxlen=250000), 1.5: deque([0], maxlen=250000)}"
1969,"{1: deque([1, 2, 3, 4, 5, 6, 7, 8, 10, 12, 15, 16, 17, 18, 19, 20, 21, 22, 23, 24, 26, 27, 29, 31, 33], maxlen=250000), 1.5: deque([0], maxlen=250000)}","{1: deque([9, 11, 13, 14, 25, 28, 30, 32], maxlen=250000), 1.5: deque([0], maxlen=250000)}"
1970,"{1: deque([2, 3, 4, 5, 8, 9, 12, 13, 15, 16, 18, 19, 20, 21, 22, 24, 25, 26, 27, 28, 29, 30, 31, 32], maxlen=250000), 1.5: deque([0], maxlen=250000)}","{1: deque([1, 6, 7, 10, 11, 14, 17, 23, 33], maxlen=250000), 1.5: deque([0], maxlen=250000)}"
1971,"{1: deque([1, 3, 5, 8, 9, 10, 11, 12, 13, 14, 16, 17, 19, 21, 22, 24, 25, 26, 27, 28, 29, 30, 31, 32], maxlen=250000), 1.5: deque([0], maxlen=250000)}","{1: deque([2, 4, 6, 7, 15, 18, 20, 23, 33], maxlen=250000), 1.5: deque([0], maxlen=250000)}"
1972,"{1: deque([1, 2, 5, 6, 7, 8, 9, 10, 11, 12, 13, 14, 15, 16, 17, 18, 20, 21, 24, 25, 26, 28, 30, 31], maxlen=250000), 1.5: deque([0], maxlen=250000)}","{1: deque([3, 4, 19, 22, 23, 27, 29, 32, 33], maxlen=250000), 1.5: deque([0], maxlen=250000)}"
1973,"{1: deque([1, 3, 6, 7, 8, 9, 10, 11, 12, 13, 14, 16, 17, 18, 19, 20, 21, 22, 23, 24, 25, 27, 31, 32], maxlen=250000), 1.5: deque([0], maxlen=250000)}","{1: deque([2, 4, 5, 15, 26, 28, 29, 30, 33], maxlen=250000), 1.5: deque([0], maxlen=250000)}"
1974,"{1: deque([1, 2, 3, 4, 5, 6, 7, 8, 9, 10, 12, 13, 14, 15, 16, 17, 18, 19, 20, 24, 26, 28, 29, 32], maxlen=250000), 1.5: deque([0], maxlen=250000)}","{1: deque([11, 21, 22, 23, 25, 27, 30, 31, 33], maxlen=250000), 1.5: deque([0], maxlen=250000)}"
1975,"{1: deque([1, 2, 3, 4, 5, 7, 8, 9, 10, 11, 14, 15, 17, 19, 20, 21, 24, 25, 26, 27, 29, 30, 31, 32], maxlen=250000), 1.5: deque([0], maxlen=250000)}","{1: deque([6, 12, 13, 16, 18, 22, 23, 28, 33], maxlen=250000), 1.5: deque([0], maxlen=250000)}"
1976,"{1: deque([1, 2, 4, 5, 6, 7, 8, 9, 11, 12, 13, 14, 15, 16, 17, 18, 19, 23, 24, 25, 26, 27, 28, 31, 33], maxlen=250000), 1.5: deque([0], maxlen=250000)}","{1: deque([3, 10, 20, 21, 22, 29, 30, 32], maxlen=250000), 1.5: deque([0], maxlen=250000)}"
1977,"{1: deque([1, 2, 4, 5, 7, 8, 10, 11, 12, 13, 14, 15, 16, 17, 19, 21, 23, 24, 25, 26, 28, 29, 30, 31], maxlen=250000), 1.5: deque([0], maxlen=250000)}","{1: deque([3, 6, 9, 18, 20, 22, 27, 32, 33], maxlen=250000), 1.5: deque([0], maxlen=250000)}"
1978,"{1: deque([1, 2, 3, 4, 6, 7, 8, 9, 11, 16, 17, 18, 19, 20, 22, 23, 24, 25, 26, 27, 28, 30, 31, 32], maxlen=250000), 1.5: deque([0], maxlen=250000)}","{1: deque([5, 10, 12, 13, 14, 15, 21, 29, 33], maxlen=250000), 1.5: deque([0], maxlen=250000)}"
1979,"{1: deque([1, 2, 4, 6, 7, 8, 9, 10, 13, 14, 15, 17, 18, 21, 22, 23, 24, 25, 27, 28, 29, 30, 31, 32], maxlen=250000), 1.5: deque([0], maxlen=250000)}","{1: deque([3, 5, 11, 12, 16, 19, 20, 26, 33], maxlen=250000), 1.5: deque([0], maxlen=250000)}"
1980,"{1: deque([1, 4, 5, 6, 7, 8, 9, 11, 12, 13, 15, 17, 18, 19, 20, 21, 22, 23, 24, 25, 27, 30, 31, 32], maxlen=250000), 1.5: deque([0], maxlen=250000)}","{1: deque([2, 3, 10, 14, 16, 26, 28, 29, 33], maxlen=250000), 1.5: deque([0], maxlen=250000)}"
1981,"{1: deque([1, 2, 3, 4, 6, 7, 8, 9, 12, 13, 14, 16, 17, 18, 19, 21, 22, 23, 24, 25, 26, 27, 28, 31], maxlen=250000), 1.5: deque([0], maxlen=250000)}","{1: deque([5, 10, 11, 15, 20, 29, 30, 32, 33], maxlen=250000), 1.5: deque([0], maxlen=250000)}"
1982,"{1: deque([1, 3, 6, 7, 8, 9, 10, 11, 12, 13, 15, 16, 17, 18, 19, 21, 22, 24, 25, 26, 28, 29, 31, 32], maxlen=250000), 1.5: deque([0], maxlen=250000)}","{1: deque([2, 4, 5, 14, 20, 23, 27, 30, 33], maxlen=250000), 1.5: deque([0], maxlen=250000)}"
1983,"{1: deque([1, 3, 4, 5, 6, 7, 10, 11, 13, 14, 15, 16, 17, 19, 20, 21, 22, 23, 24, 26, 28, 29, 30, 31], maxlen=250000), 1.5: deque([0], maxlen=250000)}","{1: deque([2, 8, 9, 12, 18, 25, 27, 32, 33], maxlen=250000), 1.5: deque([0], maxlen=250000)}"
1984,"{1: deque([1, 2, 3, 4, 6, 7, 9, 10, 11, 12, 15, 16, 17, 18, 20, 22, 23, 24, 26, 27, 28, 29, 30, 31], maxlen=250000), 1.5: deque([0], maxlen=250000)}","{1: deque([5, 8, 13, 14, 19, 21, 25, 32, 33], maxlen=250000), 1.5: deque([0], maxlen=250000)}"
1985,"{1: deque([1, 2, 5, 6, 7, 8, 9, 10, 11, 12, 15, 17, 18, 20, 21, 22, 23, 24, 25, 26, 28, 29, 30, 31], maxlen=250000), 1.5: deque([0], maxlen=250000)}","{1: deque([3, 4, 13, 14, 16, 19, 27, 32, 33], maxlen=250000), 1.5: deque([0], maxlen=250000)}"
1986,"{1: deque([1, 2, 3, 4, 5, 6, 7, 9, 10, 11, 13, 15, 17, 18, 19, 20, 21, 22, 23, 24, 26, 27, 31, 32], maxlen=250000), 1.5: deque([0], maxlen=250000)}","{1: deque([8, 12, 14, 16, 25, 28, 29, 30, 33], maxlen=250000), 1.5: deque([0], maxlen=250000)}"
1987,"{1: deque([1, 2, 4, 5, 6, 7, 8, 9, 10, 12, 13, 15, 16, 17, 19, 20, 22, 23, 24, 25, 27, 28, 30, 32], maxlen=250000), 1.5: deque([0], maxlen=250000)}","{1: deque([3, 11, 14, 18, 21, 26, 29, 31, 33], maxlen=250000), 1.5: deque([0], maxlen=250000)}"
1988,"{1: deque([1, 2, 3, 4, 6, 7, 8, 10, 11, 12, 14, 15, 18, 20, 22, 23, 24, 25, 26, 27, 28, 29, 31, 32], maxlen=250000), 1.5: deque([0], maxlen=250000)}","{1: deque([5, 9, 13, 16, 17, 19, 21, 30, 33], maxlen=250000), 1.5: deque([0], maxlen=250000)}"
1989,"{1: deque([1, 2, 3, 4, 5, 7, 9, 11, 12, 13, 14, 16, 17, 18, 19, 20, 23, 24, 25, 26, 27, 28, 29, 32], maxlen=250000), 1.5: deque([0], maxlen=250000)}","{1: deque([6, 8, 10, 15, 21, 22, 30, 31, 33], maxlen=250000), 1.5: deque([0], maxlen=250000)}"
1990,"{1: deque([2, 3, 4, 6, 7, 8, 10, 11, 12, 13, 14, 15, 17, 18, 19, 20, 21, 24, 26, 28, 29, 30, 31, 32], maxlen=250000), 1.5: deque([0], maxlen=250000)}","{1: deque([1, 5, 9, 16, 22, 23, 25, 27, 33], maxlen=250000), 1.5: deque([0], maxlen=250000)}"
1991,"{1: deque([2, 3, 5, 7, 8, 10, 11, 12, 13, 15, 16, 18, 19, 20, 21, 22, 23, 24, 25, 26, 29, 30, 31, 32], maxlen=250000), 1.5: deque([0], maxlen=250000)}","{1: deque([1, 4, 6, 9, 14, 17, 27, 28, 33], maxlen=250000), 1.5: deque([0], maxlen=250000)}"
1992,"{1: deque([1, 3, 4, 5, 6, 7, 8, 10, 11, 12, 13, 14, 18, 19, 20, 21, 22, 23, 24, 25, 26, 27, 28, 32], maxlen=250000), 1.5: deque([0], maxlen=250000)}","{1: deque([2, 9, 15, 16, 17, 29, 30, 31, 33], maxlen=250000), 1.5: deque([0], maxlen=250000)}"
1993,"{1: deque([1, 2, 3, 6, 9, 12, 13, 14, 15, 16, 17, 18, 19, 20, 21, 22, 23, 24, 25, 27, 28, 29, 31, 32], maxlen=250000), 1.5: deque([0], maxlen=250000)}","{1: deque([4, 5, 7, 8, 10, 11, 26, 30, 33], maxlen=250000), 1.5: deque([0], maxlen=250000)}"
1994,"{1: deque([1, 2, 3, 4, 5, 6, 7, 9, 10, 12, 13, 14, 15, 16, 17, 18, 19, 20, 23, 24, 25, 26, 29, 32], maxlen=250000), 1.5: deque([0], maxlen=250000)}","{1: deque([8, 11, 21, 22, 27, 28, 30, 31, 33], maxlen=250000), 1.5: deque([0], maxlen=250000)}"
1995,"{1: deque([4, 5, 6, 7, 8, 10, 11, 13, 15, 17, 18, 19, 20, 21, 22, 23, 24, 25, 26, 27, 28, 29, 31, 32], maxlen=250000), 1.5: deque([0], maxlen=250000)}","{1: deque([1, 2, 3, 9, 12, 14, 16, 30, 33], maxlen=250000), 1.5: deque([0], maxlen=250000)}"
1996,"{1: deque([1, 2, 3, 5, 6, 7, 8, 9, 10, 11, 12, 13, 17, 18, 19, 21, 22, 23, 24, 25, 26, 28, 29, 32], maxlen=250000), 1.5: deque([0], maxlen=250000)}","{1: deque([4, 14, 15, 16, 20, 27, 30, 31, 33], maxlen=250000), 1.5: deque([0], maxlen=250000)}"
1997,"{1: deque([1, 2, 4, 5, 6, 7, 10, 12, 13, 14, 15, 17, 18, 20, 21, 22, 24, 25, 26, 28, 29, 30, 31, 32, 33], maxlen=250000), 1.5: deque([0], maxlen=250000)}","{1: deque([3, 8, 9, 11, 16, 19, 23, 27], maxlen=250000), 1.5: deque([0], maxlen=250000)}"
1998,"{1: deque([1, 2, 3, 4, 5, 8, 10, 11, 12, 13, 15, 16, 18, 19, 20, 21, 22, 23, 24, 25, 28, 29, 30, 31], maxlen=250000), 1.5: deque([0], maxlen=250000)}","{1: deque([6, 7, 9, 14, 17, 26, 27, 32, 33], maxlen=250000), 1.5: deque([0], maxlen=250000)}"
1999,"{1: deque([1, 3, 5, 7, 10, 11, 12, 13, 14, 15, 17, 18, 19, 20, 21, 23, 24, 25, 26, 27, 28, 29, 30, 31], maxlen=250000), 1.5: deque([0], maxlen=250000)}","{1: deque([2, 4, 6, 8, 9, 16, 22, 32, 33], maxlen=250000), 1.5: deque([0], maxlen=250000)}"
2000,"{1: deque([1, 3, 6, 7, 8, 9, 11, 12, 14, 15, 17, 18, 19, 20, 21, 22, 23, 24, 25, 26, 27, 29, 30, 32], maxlen=250000), 1.5: deque([0], maxlen=250000)}","{1: deque([2, 4, 5, 10, 13, 16, 28, 31, 33], maxlen=250000), 1.5: deque([0], maxlen=250000)}"
2001,"{1: deque([1, 2, 5, 7, 8, 9, 11, 13, 14, 15, 16, 17, 18, 19, 20, 22, 23, 24, 25, 26, 27, 28, 29, 30], maxlen=250000), 1.5: deque([0], maxlen=250000)}","{1: deque([3, 4, 6, 10, 12, 21, 31, 32, 33], maxlen=250000), 1.5: deque([0], maxlen=250000)}"
2002,"{1: deque([1, 2, 3, 4, 7, 8, 9, 10, 12, 14, 15, 17, 18, 19, 20, 21, 22, 24, 25, 27, 28, 30, 31, 32], maxlen=250000), 1.5: deque([0], maxlen=250000)}","{1: deque([5, 6, 11, 13, 16, 23, 26, 29, 33], maxlen=250000), 1.5: deque([0], maxlen=250000)}"
2003,"{1: deque([2, 3, 4, 5, 6, 7, 8, 9, 10, 11, 12, 13, 14, 15, 16, 19, 20, 23, 24, 25, 26, 27, 29, 31, 33], maxlen=250000), 1.5: deque([0], maxlen=250000)}","{1: deque([1, 17, 18, 21, 22, 28, 30, 32], maxlen=250000), 1.5: deque([0], maxlen=250000)}"
2004,"{1: deque([3, 4, 5, 6, 8, 9, 11, 12, 13, 15, 16, 17, 19, 20, 21, 22, 23, 24, 25, 26, 27, 28, 29, 30], maxlen=250000), 1.5: deque([0], maxlen=250000)}","{1: deque([1, 2, 7, 10, 14, 18, 31, 32, 33], maxlen=250000), 1.5: deque([0], maxlen=250000)}"
2005,"{1: deque([1, 3, 4, 6, 8, 9, 11, 14, 16, 17, 18, 19, 20, 21, 22, 23, 24, 25, 26, 27, 28, 29, 30, 31], maxlen=250000), 1.5: deque([0], maxlen=250000)}","{1: deque([2, 5, 7, 10, 12, 13, 15, 32, 33], maxlen=250000), 1.5: deque([0], maxlen=250000)}"
2006,"{1: deque([1, 2, 3, 4, 5, 7, 8, 10, 11, 13, 14, 15, 17, 19, 20, 21, 23, 24, 25, 26, 27, 28, 29, 30, 33], maxlen=250000), 1.5: deque([0], maxlen=250000)}","{1: deque([6, 9, 12, 16, 18, 22, 31, 32], maxlen=250000), 1.5: deque([0], maxlen=250000)}"
2007,"{1: deque([1, 2, 3, 4, 5, 6, 8, 9, 11, 14, 15, 16, 17, 18, 19, 20, 21, 22, 23, 24, 25, 26, 29, 32], maxlen=250000), 1.5: deque([0], maxlen=250000)}","{1: deque([7, 10, 12, 13, 27, 28, 30, 31, 33], maxlen=250000), 1.5: deque([0], maxlen=250000)}"
2008,"{1: deque([4, 5, 6, 7, 8, 9, 11, 12, 13, 15, 16, 17, 18, 21, 22, 24, 25, 26, 27, 28, 29, 30, 31, 32, 33], maxlen=250000), 1.5: deque([0], maxlen=250000)}","{1: deque([1, 2, 3, 10, 14, 19, 20, 23], maxlen=250000), 1.5: deque([0], maxlen=250000)}"
2009,"{1: deque([1, 2, 3, 4, 7, 8, 9, 11, 12, 13, 15, 17, 18, 19, 20, 21, 22, 23, 26, 27, 29, 30, 31, 32], maxlen=250000), 1.5: deque([0], maxlen=250000)}","{1: deque([5, 6, 10, 14, 16, 24, 25, 28, 33], maxlen=250000), 1.5: deque([0], maxlen=250000)}"
2010,"{1: deque([2, 4, 5, 6, 7, 9, 10, 11, 12, 13, 14, 17, 18, 19, 20, 21, 22, 23, 24, 25, 27, 30, 31, 32], maxlen=250000), 1.5: deque([0], maxlen=250000)}","{1: deque([1, 3, 8, 15, 16, 26, 28, 29, 33], maxlen=250000), 1.5: deque([0], maxlen=250000)}"
2011,"{1: deque([2, 4, 8, 9, 10, 11, 12, 13, 14, 15, 16, 18, 20, 21, 22, 23, 24, 25, 26, 27, 28, 29, 30, 31], maxlen=250000), 1.5: deque([0], maxlen=250000)}","{1: deque([1, 3, 5, 6, 7, 17, 19, 32, 33], maxlen=250000), 1.5: deque([0], maxlen=250000)}"
2012,"{1: deque([2, 3, 4, 5, 6, 8, 9, 10, 12, 13, 14, 15, 18, 20, 21, 22, 23, 25, 26, 27, 28, 29, 30, 31], maxlen=250000), 1.5: deque([0], maxlen=250000)}","{1: deque([1, 7, 11, 16, 17, 19, 24, 32, 33], maxlen=250000), 1.5: deque([0], maxlen=250000)}"
2013,"{1: deque([6, 7, 8, 9, 10, 11, 12, 13, 14, 15, 16, 17, 19, 20, 21, 22, 23, 24, 25, 26, 27, 28, 29, 32], maxlen=250000), 1.5: deque([0], maxlen=250000)}","{1: deque([1, 2, 3, 4, 5, 18, 30, 31, 33], maxlen=250000), 1.5: deque([0], maxlen=250000)}"
2014,"{1: deque([2, 4, 5, 6, 9, 10, 11, 12, 13, 14, 15, 16, 18, 19, 20, 21, 23, 24, 25, 27, 28, 29, 30, 32], maxlen=250000), 1.5: deque([0], maxlen=250000)}","{1: deque([1, 3, 7, 8, 17, 22, 26, 31, 33], maxlen=250000), 1.5: deque([0], maxlen=250000)}"
2015,"{1: deque([2, 4, 5, 6, 7, 8, 9, 10, 11, 12, 13, 15, 16, 19, 21, 22, 23, 24, 25, 26, 29, 30, 31, 32], maxlen=250000), 1.5: deque([0], maxlen=250000)}","{1: deque([1, 3, 14, 17, 18, 20, 27, 28, 33], maxlen=250000), 1.5: deque([0], maxlen=250000)}"
2016,"{1: deque([1, 2, 4, 5, 6, 7, 8, 9, 10, 11, 13, 14, 16, 17, 18, 19, 20, 23, 24, 27, 28, 29, 30, 32], maxlen=250000), 1.5: deque([0], maxlen=250000)}","{1: deque([3, 12, 15, 21, 22, 25, 26, 31, 33], maxlen=250000), 1.5: deque([0], maxlen=250000)}"
2017,"{1: deque([1, 2, 3, 5, 7, 8, 9, 10, 11, 12, 15, 17, 19, 20, 21, 22, 24, 25, 26, 27, 28, 29, 31, 32], maxlen=250000), 1.5: deque([0], maxlen=250000)}","{1: deque([4, 6, 13, 14, 16, 18, 23, 30, 33], maxlen=250000), 1.5: deque([0], maxlen=250000)}"
2018,"{1: deque([1, 2, 3, 4, 5, 6, 7, 8, 9, 10, 11, 12, 14, 15, 16, 19, 22, 24, 25, 27, 28, 30, 31, 32, 33], maxlen=250000), 1.5: deque([0], maxlen=250000)}","{1: deque([13, 17, 18, 20, 21, 23, 26, 29], maxlen=250000), 1.5: deque([0], maxlen=250000)}"
2019,"{1: deque([1, 2, 4, 5, 6, 7, 8, 9, 10, 11, 13, 15, 16, 18, 19, 20, 22, 23, 24, 26, 27, 28, 29, 30], maxlen=250000), 1.5: deque([0], maxlen=250000)}","{1: deque([3, 12, 14, 17, 21, 25, 31, 32, 33], maxlen=250000), 1.5: deque([0], maxlen=250000)}"
2020,"{1: deque([1, 2, 3, 4, 5, 7, 9, 11, 12, 13, 14, 15, 18, 19, 20, 21, 22, 23, 24, 25, 26, 28, 29, 30], maxlen=250000), 1.5: deque([0], maxlen=250000)}","{1: deque([6, 8, 10, 16, 17, 27, 31, 32, 33], maxlen=250000), 1.5: deque([0], maxlen=250000)}"
2021,"{1: deque([1, 3, 4, 5, 6, 7, 8, 9, 11, 13, 14, 17, 19, 20, 22, 23, 25, 26, 27, 28, 29, 30, 31, 32], maxlen=250000), 1.5: deque([0], maxlen=250000)}","{1: deque([2, 10, 12, 15, 16, 18, 21, 24, 33], maxlen=250000), 1.5: deque([0], maxlen=250000)}"
2022,"{1: deque([1, 2, 3, 4, 5, 6, 7, 8, 10, 12, 15, 16, 19, 20, 21, 22, 23, 24, 25, 26, 27, 28, 30, 31], maxlen=250000), 1.5: deque([0], maxlen=250000)}","{1: deque([9, 11, 13, 14, 17, 18, 29, 32, 33], maxlen=250000), 1.5: deque([0], maxlen=250000)}"
2023,"{1: deque([1, 2, 3, 5, 8, 9, 11, 12, 14, 15, 16, 18, 19, 20, 21, 23, 24, 25, 26, 27, 28, 29, 30, 32], maxlen=250000), 1.5: deque([0], maxlen=250000)}","{1: deque([4, 6, 7, 10, 13, 17, 22, 31, 33], maxlen=250000), 1.5: deque([0], maxlen=250000)}"
2024,"{1: deque([1, 2, 3, 4, 5, 6, 8, 12, 13, 14, 15, 16, 17, 18, 19, 22, 24, 25, 26, 27, 28, 30, 31, 32], maxlen=250000), 1.5: deque([0], maxlen=250000)}","{1: deque([7, 9, 10, 11, 20, 21, 23, 29, 33], maxlen=250000), 1.5: deque([0], maxlen=250000)}"
2025,"{1: deque([1, 3, 4, 5, 6, 8, 9, 10, 11, 13, 16, 17, 18, 19, 21, 22, 23, 24, 25, 26, 27, 28, 29, 32], maxlen=250000), 1.5: deque([0], maxlen=250000)}","{1: deque([2, 7, 12, 14, 15, 20, 30, 31, 33], maxlen=250000), 1.5: deque([0], maxlen=250000)}"
2026,"{1: deque([3, 4, 5, 7, 8, 9, 10, 11, 13, 14, 15, 18, 19, 20, 21, 23, 24, 25, 26, 27, 28, 29, 30, 31], maxlen=250000), 1.5: deque([0], maxlen=250000)}","{1: deque([1, 2, 6, 12, 16, 17, 22, 32, 33], maxlen=250000), 1.5: deque([0], maxlen=250000)}"
2027,"{1: deque([1, 2, 3, 5, 6, 7, 8, 9, 10, 11, 13, 14, 16, 17, 18, 19, 20, 21, 22, 23, 24, 25, 27, 28], maxlen=250000), 1.5: deque([0], maxlen=250000)}","{1: deque([4, 12, 15, 26, 29, 30, 31, 32, 33], maxlen=250000), 1.5: deque([0], maxlen=250000)}"
2028,"{1: deque([1, 3, 4, 5, 6, 9, 10, 11, 12, 15, 17, 18, 19, 20, 21, 22, 25, 26, 27, 28, 29, 30, 31, 32], maxlen=250000), 1.5: deque([0], maxlen=250000)}","{1: deque([2, 7, 8, 13, 14, 16, 23, 24, 33], maxlen=250000), 1.5: deque([0], maxlen=250000)}"
2029,"{1: deque([1, 2, 4, 5, 6, 7, 8, 9, 11, 12, 13, 14, 16, 17, 19, 21, 23, 26, 27, 28, 29, 30, 31, 32], maxlen=250000), 1.5: deque([0], maxlen=250000)}","{1: deque([3, 10, 15, 18, 20, 22, 24, 25, 33], maxlen=250000), 1.5: deque([0], maxlen=250000)}"
2030,"{1: deque([3, 5, 6, 8, 10, 12, 13, 14, 15, 16, 18, 19, 20, 21, 22, 23, 25, 26, 27, 28, 29, 30, 31, 32], maxlen=250000), 1.5: deque([0], maxlen=250000)}","{1: deque([1, 2, 4, 7, 9, 11, 17, 24, 33], maxlen=250000), 1.5: deque([0], maxlen=250000)}"
2031,"{1: deque([2, 3, 4, 6, 7, 8, 9, 10, 11, 12, 13, 14, 15, 16, 19, 20, 21, 22, 23, 26, 28, 29, 30, 31, 33], maxlen=250000), 1.5: deque([0], maxlen=250000)}","{1: deque([1, 5, 17, 18, 24, 25, 27, 32], maxlen=250000), 1.5: deque([0], maxlen=250000)}"
2032,"{1: deque([1, 3, 4, 5, 7, 8, 9, 10, 12, 13, 15, 16, 17, 18, 19, 21, 22, 24, 25, 26, 27, 28, 31, 32], maxlen=250000), 1.5: deque([0], maxlen=250000)}","{1: deque([2, 6, 11, 14, 20, 23, 29, 30, 33], maxlen=250000), 1.5: deque([0], maxlen=250000)}"
2033,"{1: deque([2, 3, 4, 5, 6, 7, 9, 10, 11, 12, 13, 14, 15, 17, 18, 20, 22, 24, 25, 26, 27, 28, 29, 32, 33], maxlen=250000), 1.5: deque([0], maxlen=250000)}","{1: deque([1, 8, 16, 19, 21, 23, 30, 31], maxlen=250000), 1.5: deque([0], maxlen=250000)}"
2034,"{1: deque([1, 2, 4, 5, 6, 9, 11, 12, 13, 14, 15, 16, 17, 18, 21, 22, 23, 24, 25, 26, 27, 28, 30, 31, 33], maxlen=250000), 1.5: deque([0], maxlen=250000)}","{1: deque([3, 7, 8, 10, 19, 20, 29, 32], maxlen=250000), 1.5: deque([0], maxlen=250000)}"
2035,"{1: deque([1, 2, 3, 5, 7, 8, 9, 10, 12, 13, 15, 17, 18, 20, 22, 23, 24, 25, 26, 28, 29, 30, 31, 32], maxlen=250000), 1.5: deque([0], maxlen=250000)}","{1: deque([4, 6, 11, 14, 16, 19, 21, 27, 33], maxlen=250000), 1.5: deque([0], maxlen=250000)}"
2036,"{1: deque([2, 5, 6, 7, 9, 10, 11, 12, 13, 15, 16, 17, 18, 20, 22, 23, 24, 25, 26, 27, 29, 30, 31, 32], maxlen=250000), 1.5: deque([0], maxlen=250000)}","{1: deque([1, 3, 4, 8, 14, 19, 21, 28, 33], maxlen=250000), 1.5: deque([0], maxlen=250000)}"
2037,"{1: deque([1, 2, 3, 4, 5, 6, 8, 9, 10, 11, 12, 13, 15, 16, 17, 18, 19, 20, 23, 25, 26, 27, 31, 32, 33], maxlen=250000), 1.5: deque([0], maxlen=250000)}","{1: deque([7, 14, 21, 22, 24, 28, 29, 30], maxlen=250000), 1.5: deque([0], maxlen=250000)}"
2038,"{1: deque([1, 2, 3, 4, 5, 7, 8, 9, 10, 11, 12, 13, 17, 18, 19, 20, 21, 24, 25, 26, 28, 29, 30, 31, 33], maxlen=250000), 1.5: deque([0], maxlen=250000)}","{1: deque([6, 14, 15, 16, 22, 23, 27, 32], maxlen=250000), 1.5: deque([0], maxlen=250000)}"
2039,"{1: deque([2, 3, 5, 6, 8, 11, 12, 13, 15, 16, 17, 18, 20, 21, 22, 23, 24, 25, 26, 27, 28, 29, 30, 32], maxlen=250000), 1.5: deque([0], maxlen=250000)}","{1: deque([1, 4, 7, 9, 10, 14, 19, 31, 33], maxlen=250000), 1.5: deque([0], maxlen=250000)}"
2040,"{1: deque([1, 2, 6, 7, 8, 9, 10, 13, 14, 15, 16, 17, 18, 19, 20, 21, 24, 25, 26, 27, 28, 29, 30, 32], maxlen=250000), 1.5: deque([0], maxlen=250000)}","{1: deque([3, 4, 5, 11, 12, 22, 23, 31, 33], maxlen=250000), 1.5: deque([0], maxlen=250000)}"
2041,"{1: deque([2, 3, 4, 5, 6, 8, 9, 10, 11, 12, 14, 16, 17, 18, 19, 21, 23, 24, 25, 27, 29, 30, 31, 32], maxlen=250000), 1.5: deque([0], maxlen=250000)}","{1: deque([1, 7, 13, 15, 20, 22, 26, 28, 33], maxlen=250000), 1.5: deque([0], maxlen=250000)}"
2042,"{1: deque([2, 4, 6, 7, 8, 9, 10, 11, 13, 14, 15, 16, 18, 19, 22, 23, 24, 25, 26, 27, 28, 29, 31, 32], maxlen=250000), 1.5: deque([0], maxlen=250000)}","{1: deque([1, 3, 5, 12, 17, 20, 21, 30, 33], maxlen=250000), 1.5: deque([0], maxlen=250000)}"
2043,"{1: deque([1, 2, 3, 4, 5, 6, 7, 8, 9, 10, 12, 14, 15, 17, 18, 19, 20, 26, 27, 28, 29, 30, 31, 32], maxlen=250000), 1.5: deque([0], maxlen=250000)}","{1: deque([11, 13, 16, 21, 22, 23, 24, 25, 33], maxlen=250000), 1.5: deque([0], maxlen=250000)}"
2044,"{1: deque([1, 2, 5, 7, 8, 9, 10, 11, 13, 14, 15, 16, 17, 18, 19, 22, 25, 26, 27, 28, 29, 30, 31, 32], maxlen=250000), 1.5: deque([0], maxlen=250000)}","{1: deque([3, 4, 6, 12, 20, 21, 23, 24, 33], maxlen=250000), 1.5: deque([0], maxlen=250000)}"
2045,"{1: deque([1, 2, 3, 4, 5, 6, 7, 8, 9, 12, 13, 14, 15, 16, 17, 18, 19, 20, 25, 26, 27, 28, 29, 31, 33], maxlen=250000), 1.5: deque([0], maxlen=250000)}","{1: deque([10, 11, 21, 22, 23, 24, 30, 32], maxlen=250000), 1.5: deque([0], maxlen=250000)}"
2046,"{1: deque([1, 2, 3, 5, 6, 8, 9, 10, 12, 14, 15, 18, 19, 20, 21, 22, 23, 24, 26, 27, 28, 30, 31, 32], maxlen=250000), 1.5: deque([0], maxlen=250000)}","{1: deque([4, 7, 11, 13, 16, 17, 25, 29, 33], maxlen=250000), 1.5: deque([0], maxlen=250000)}"
2047,"{1: deque([1, 2, 4, 5, 6, 7, 8, 10, 11, 12, 13, 14, 15, 16, 20, 21, 23, 24, 25, 27, 29, 30, 31, 32], maxlen=250000), 1.5: deque([0], maxlen=250000)}","{1: deque([3, 9, 17, 18, 19, 22, 26, 28, 33], maxlen=250000), 1.5: deque([0], maxlen=250000)}"
2048,"{1: deque([1, 4, 5, 6, 7, 8, 9, 11, 15, 16, 17, 18, 19, 20, 21, 22, 23, 26, 27, 28, 29, 30, 31, 32], maxlen=250000), 1.5: deque([0], maxlen=250000)}","{1: deque([2, 3, 10, 12, 13, 14, 24, 25, 33], maxlen=250000), 1.5: deque([0], maxlen=250000)}"
2049,"{1: deque([3, 4, 5, 7, 8, 9, 10, 11, 12, 15, 17, 18, 20, 21, 22, 23, 24, 25, 26, 27, 28, 29, 31, 32], maxlen=250000), 1.5: deque([0], maxlen=250000)}","{1: deque([1, 2, 6, 13, 14, 16, 19, 30, 33], maxlen=250000), 1.5: deque([0], maxlen=250000)}"
2050,"{1: deque([3, 4, 5, 6, 8, 11, 13, 14, 15, 16, 17, 18, 19, 20, 21, 23, 25, 26, 27, 28, 29, 30, 31, 32], maxlen=250000), 1.5: deque([0], maxlen=250000)}","{1: deque([1, 2, 7, 9, 10, 12, 22, 24, 33], maxlen=250000), 1.5: deque([0], maxlen=250000)}"
2051,"{1: deque([1, 2, 4, 5, 6, 7, 8, 9, 10, 11, 13, 14, 15, 16, 17, 19, 20, 21, 23, 25, 27, 28, 31, 32], maxlen=250000), 1.5: deque([0], maxlen=250000)}","{1: deque([3, 12, 18, 22, 24, 26, 29, 30, 33], maxlen=250000), 1.5: deque([0], maxlen=250000)}"
2052,"{1: deque([1, 2, 3, 4, 5, 7, 9, 10, 11, 12, 14, 15, 18, 19, 20, 21, 22, 23, 24, 26, 27, 28, 31, 32], maxlen=250000), 1.5: deque([0], maxlen=250000)}","{1: deque([6, 8, 13, 16, 17, 25, 29, 30, 33], maxlen=250000), 1.5: deque([0], maxlen=250000)}"
2053,"{1: deque([1, 2, 3, 4, 8, 10, 11, 12, 13, 14, 15, 16, 18, 19, 20, 22, 23, 25, 26, 27, 29, 30, 31, 32], maxlen=250000), 1.5: deque([0], maxlen=250000)}","{1: deque([5, 6, 7, 9, 17, 21, 24, 28, 33], maxlen=250000), 1.5: deque([0], maxlen=250000)}"
2054,"{1: deque([3, 4, 5, 6, 7, 8, 9, 10, 11, 14, 16, 17, 18, 19, 21, 22, 24, 25, 26, 28, 29, 30, 31, 32], maxlen=250000), 1.5: deque([0], maxlen=250000)}","{1: deque([1, 2, 12, 13, 15, 20, 23, 27, 33], maxlen=250000), 1.5: deque([0], maxlen=250000)}"
2055,"{1: deque([2, 3, 4, 5, 7, 8, 9, 10, 11, 12, 13, 20, 21, 22, 23, 24, 25, 26, 27, 28, 29, 30, 31, 32], maxlen=250000), 1.5: deque([0], maxlen=250000)}","{1: deque([1, 6, 14, 15, 16, 17, 18, 19, 33], maxlen=250000), 1.5: deque([0], maxlen=250000)}"
2056,"{1: deque([2, 3, 4, 6, 7, 9, 10, 11, 12, 13, 14, 16, 17, 19, 21, 22, 23, 25, 26, 27, 28, 30, 31, 32, 33], maxlen=250000), 1.5: deque([0], maxlen=250000)}","{1: deque([1, 5, 8, 15, 18, 20, 24, 29], maxlen=250000), 1.5: deque([0], maxlen=250000)}"
2057,"{1: deque([1, 2, 3, 4, 5, 6, 7, 8, 9, 11, 12, 14, 15, 17, 18, 19, 20, 22, 23, 25, 26, 28, 29, 30, 33], maxlen=250000), 1.5: deque([0], maxlen=250000)}","{1: deque([10, 13, 16, 21, 24, 27, 31, 32], maxlen=250000), 1.5: deque([0], maxlen=250000)}"
2058,"{1: deque([5, 6, 7, 8, 9, 10, 11, 12, 13, 14, 16, 17, 18, 19, 21, 22, 23, 25, 27, 28, 29, 30, 31, 32], maxlen=250000), 1.5: deque([0], maxlen=250000)}","{1: deque([1, 2, 3, 4, 15, 20, 24, 26, 33], maxlen=250000), 1.5: deque([0], maxlen=250000)}"
2059,"{1: deque([1, 2, 3, 5, 6, 7, 8, 9, 11, 13, 14, 15, 17, 19, 20, 21, 22, 23, 24, 26, 27, 29, 30, 32], maxlen=250000), 1.5: deque([0], maxlen=250000)}","{1: deque([4, 10, 12, 16, 18, 25, 28, 31, 33], maxlen=250000), 1.5: deque([0], maxlen=250000)}"
2060,"{1: deque([3, 4, 5, 9, 10, 11, 12, 13, 14, 15, 16, 17, 19, 20, 21, 22, 23, 25, 26, 27, 28, 29, 30, 31], maxlen=250000), 1.5: deque([0], maxlen=250000)}","{1: deque([1, 2, 6, 7, 8, 18, 24, 32, 33], maxlen=250000), 1.5: deque([0], maxlen=250000)}"
2061,"{1: deque([1, 2, 3, 4, 6, 7, 8, 9, 11, 12, 14, 18, 19, 20, 21, 24, 25, 26, 27, 28, 29, 30, 31, 32], maxlen=250000), 1.5: deque([0], maxlen=250000)}","{1: deque([5, 10, 13, 15, 16, 17, 22, 23, 33], maxlen=250000), 1.5: deque([0], maxlen=250000)}"
2062,"{1: deque([1, 3, 4, 5, 6, 7, 8, 11, 12, 13, 14, 15, 16, 18, 20, 21, 23, 26, 27, 28, 29, 30, 31, 32], maxlen=250000), 1.5: deque([0], maxlen=250000)}","{1: deque([2, 9, 10, 17, 19, 22, 24, 25, 33], maxlen=250000), 1.5: deque([0], maxlen=250000)}"
2063,"{1: deque([1, 3, 4, 6, 7, 8, 9, 13, 14, 15, 16, 18, 19, 20, 21, 22, 23, 24, 25, 26, 27, 28, 30, 31], maxlen=250000), 1.5: deque([0], maxlen=250000)}","{1: deque([2, 5, 10, 11, 12, 17, 29, 32, 33], maxlen=250000), 1.5: deque([0], maxlen=250000)}"
2064,"{1: deque([2, 5, 7, 8, 9, 11, 13, 14, 15, 16, 17, 19, 20, 21, 22, 23, 24, 25, 27, 28, 29, 30, 31, 32], maxlen=250000), 1.5: deque([0], maxlen=250000)}","{1: deque([1, 3, 4, 6, 10, 12, 18, 26, 33], maxlen=250000), 1.5: deque([0], maxlen=250000)}"
2065,"{1: deque([1, 2, 3, 4, 5, 6, 7, 8, 9, 11, 12, 13, 14, 16, 18, 20, 21, 22, 26, 27, 28, 29, 31, 32, 33], maxlen=250000), 1.5: deque([0], maxlen=250000)}","{1: deque([10, 15, 17, 19, 23, 24, 25, 30], maxlen=250000), 1.5: deque([0], maxlen=250000)}"
2066,"{1: deque([1, 3, 4, 5, 6, 7, 8, 9, 11, 12, 13, 15, 16, 19, 20, 21, 23, 24, 26, 27, 28, 30, 31, 32], maxlen=250000), 1.5: deque([0], maxlen=250000)}","{1: deque([2, 10, 14, 17, 18, 22, 25, 29, 33], maxlen=250000), 1.5: deque([0], maxlen=250000)}"
2067,"{1: deque([1, 2, 3, 5, 6, 7, 8, 9, 11, 13, 14, 15, 16, 18, 19, 22, 23, 24, 25, 26, 28, 29, 30, 32], maxlen=250000), 1.5: deque([0], maxlen=250000)}","{1: deque([4, 10, 12, 17, 20, 21, 27, 31, 33], maxlen=250000), 1.5: deque([0], maxlen=250000)}"
2068,"{1: deque([1, 2, 3, 4, 5, 6, 7, 8, 9, 10, 11, 12, 14, 15, 16, 18, 21, 22, 23, 24, 27, 29, 30, 32], maxlen=250000), 1.5: deque([0], maxlen=250000)}","{1: deque([13, 17, 19, 20, 25, 26, 28, 31, 33], maxlen=250000), 1.5: deque([0], maxlen=250000)}"
2069,"{1: deque([1, 2, 3, 4, 6, 10, 11, 12, 13, 15, 16, 17, 18, 20, 21, 22, 23, 24, 25, 27, 29, 30, 31, 32], maxlen=250000), 1.5: deque([0], maxlen=250000)}","{1: deque([5, 7, 8, 9, 14, 19, 26, 28, 33], maxlen=250000), 1.5: deque([0], maxlen=250000)}"
2070,"{1: deque([1, 2, 8, 9, 10, 11, 12, 13, 14, 17, 18, 19, 20, 21, 22, 23, 24, 25, 26, 28, 29, 30, 31, 32], maxlen=250000), 1.5: deque([0], maxlen=250000)}","{1: deque([3, 4, 5, 6, 7, 15, 16, 27, 33], maxlen=250000), 1.5: deque([0], maxlen=250000)}"
2071,"{1: deque([4, 5, 6, 7, 8, 9, 12, 13, 14, 15, 16, 17, 19, 21, 22, 24, 25, 26, 27, 28, 29, 30, 31, 32], maxlen=250000), 1.5: deque([0], maxlen=250000)}","{1: deque([1, 2, 3, 10, 11, 18, 20, 23, 33], maxlen=250000), 1.5: deque([0], maxlen=250000)}"
2072,"{1: deque([1, 2, 3, 5, 6, 8, 9, 10, 11, 12, 13, 14, 15, 17, 18, 19, 20, 21, 23, 24, 25, 27, 31, 32, 33], maxlen=250000), 1.5: deque([0], maxlen=250000)}","{1: deque([4, 7, 16, 22, 26, 28, 29, 30], maxlen=250000), 1.5: deque([0], maxlen=250000)}"
2073,"{1: deque([2, 3, 5, 6, 8, 9, 10, 11, 12, 13, 15, 17, 18, 19, 20, 21, 22, 23, 24, 26, 27, 29, 31, 32], maxlen=250000), 1.5: deque([0], maxlen=250000)}","{1: deque([1, 4, 7, 14, 16, 25, 28, 30, 33], maxlen=250000), 1.5: deque([0], maxlen=250000)}"
2074,"{1: deque([2, 3, 5, 6, 7, 9, 10, 11, 12, 13, 14, 16, 17, 18, 19, 23, 24, 25, 26, 27, 28, 29, 30, 32, 33], maxlen=250000), 1.5: deque([0], maxlen=250000)}","{1: deque([1, 4, 8, 15, 20, 21, 22, 31], maxlen=250000), 1.5: deque([0], maxlen=250000)}"
2075,"{1: deque([1, 2, 3, 4, 6, 7, 8, 9, 10, 11, 12, 13, 16, 18, 21, 22, 23, 24, 25, 26, 29, 30, 31, 32], maxlen=250000), 1.5: deque([0], maxlen=250000)}","{1: deque([5, 14, 15, 17, 19, 20, 27, 28, 33], maxlen=250000), 1.5: deque([0], maxlen=250000)}"
2076,"{1: deque([1, 2, 4, 5, 6, 7, 9, 10, 11, 13, 14, 15, 16, 17, 18, 19, 20, 21, 22, 26, 28, 30, 31, 32], maxlen=250000), 1.5: deque([0], maxlen=250000)}","{1: deque([3, 8, 12, 23, 24, 25, 27, 29, 33], maxlen=250000), 1.5: deque([0], maxlen=250000)}"
2077,"{1: deque([2, 3, 5, 7, 8, 9, 10, 12, 13, 14, 15, 16, 17, 19, 20, 21, 22, 23, 24, 25, 26, 27, 30, 31], maxlen=250000), 1.5: deque([0], maxlen=250000)}","{1: deque([1, 4, 6, 11, 18, 28, 29, 32, 33], maxlen=250000), 1.5: deque([0], maxlen=250000)}"
2078,"{1: deque([2, 6, 7, 8, 9, 10, 11, 12, 14, 15, 17, 18, 19, 20, 21, 22, 23, 24, 25, 26, 27, 30, 31, 32], maxlen=250000), 1.5: deque([0], maxlen=250000)}","{1: deque([1, 3, 4, 5, 13, 16, 28, 29, 33], maxlen=250000), 1.5: deque([0], maxlen=250000)}"
2079,"{1: deque([1, 2, 3, 5, 6, 7, 8, 9, 10, 12, 14, 15, 16, 17, 18, 19, 20, 21, 22, 23, 24, 30, 31, 32], maxlen=250000), 1.5: deque([0], maxlen=250000)}","{1: deque([4, 11, 13, 25, 26, 27, 28, 29, 33], maxlen=250000), 1.5: deque([0], maxlen=250000)}"
2080,"{1: deque([1, 2, 4, 6, 7, 8, 9, 10, 11, 12, 13, 14, 15, 16, 18, 21, 22, 23, 25, 26, 29, 30, 31, 32], maxlen=250000), 1.5: deque([0], maxlen=250000)}","{1: deque([3, 5, 17, 19, 20, 24, 27, 28, 33], maxlen=250000), 1.5: deque([0], maxlen=250000)}"
2081,"{1: deque([1, 2, 3, 4, 5, 7, 9, 10, 11, 12, 13, 15, 16, 18, 19, 20, 21, 23, 24, 25, 27, 28, 29, 30], maxlen=250000), 1.5: deque([0], maxlen=250000)}","{1: deque([6, 8, 14, 17, 22, 26, 31, 32, 33], maxlen=250000), 1.5: deque([0], maxlen=250000)}"
2082,"{1: deque([1, 2, 3, 4, 6, 7, 8, 9, 10, 11, 13, 14, 17, 19, 20, 23, 24, 26, 27, 28, 29, 30, 31, 32], maxlen=250000), 1.5: deque([0], maxlen=250000)}","{1: deque([5, 12, 15, 16, 18, 21, 22, 25, 33], maxlen=250000), 1.5: deque([0], maxlen=250000)}"
2083,"{1: deque([1, 2, 3, 5, 7, 8, 9, 12, 13, 14, 15, 16, 17, 20, 21, 22, 23, 25, 26, 27, 28, 29, 30, 32], maxlen=250000), 1.5: deque([0], maxlen=250000)}","{1: deque([4, 6, 10, 11, 18, 19, 24, 31, 33], maxlen=250000), 1.5: deque([0], maxlen=250000)}"
2084,"{1: deque([1, 2, 3, 4, 5, 6, 7, 8, 10, 11, 13, 14, 15, 18, 19, 21, 22, 23, 24, 25, 27, 29, 30, 31], maxlen=250000), 1.5: deque([0], maxlen=250000)}","{1: deque([9, 12, 16, 17, 20, 26, 28, 32, 33], maxlen=250000), 1.5: deque([0], maxlen=250000)}"
2085,"{1: deque([1, 4, 5, 6, 7, 9, 10, 11, 12, 15, 17, 18, 19, 20, 21, 22, 23, 25, 26, 27, 28, 29, 30, 32], maxlen=250000), 1.5: deque([0], maxlen=250000)}","{1: deque([2, 3, 8, 13, 14, 16, 24, 31, 33], maxlen=250000), 1.5: deque([0], maxlen=250000)}"
2086,"{1: deque([1, 2, 3, 4, 6, 9, 10, 11, 12, 15, 16, 17, 18, 19, 21, 22, 23, 24, 25, 26, 27, 28, 30, 32], maxlen=250000), 1.5: deque([0], maxlen=250000)}","{1: deque([5, 7, 8, 13, 14, 20, 29, 31, 33], maxlen=250000), 1.5: deque([0], maxlen=250000)}"
2087,"{1: deque([1, 2, 3, 4, 6, 8, 9, 10, 12, 14, 15, 16, 18, 19, 20, 21, 22, 23, 24, 26, 27, 30, 31, 32], maxlen=250000), 1.5: deque([0], maxlen=250000)}","{1: deque([5, 7, 11, 13, 17, 25, 28, 29, 33], maxlen=250000), 1.5: deque([0], maxlen=250000)}"
2088,"{1: deque([2, 4, 5, 7, 8, 9, 10, 11, 14, 15, 16, 18, 19, 20, 21, 22, 23, 24, 25, 27, 28, 30, 31, 32], maxlen=250000), 1.5: deque([0], maxlen=250000)}","{1: deque([1, 3, 6, 12, 13, 17, 26, 29, 33], maxlen=250000), 1.5: deque([0], maxlen=250000)}"
2089,"{1: deque([1, 2, 3, 4, 5, 6, 7, 9, 11, 12, 13, 14, 16, 17, 20, 21, 22, 23, 25, 27, 29, 30, 31, 32], maxlen=250000), 1.5: deque([0], maxlen=250000)}","{1: deque([8, 10, 15, 18, 19, 24, 26, 28, 33], maxlen=250000), 1.5: deque([0], maxlen=250000)}"
2090,"{1: deque([1, 3, 4, 5, 6, 7, 9, 10, 11, 12, 13, 14, 15, 16, 18, 19, 20, 21, 23, 25, 28, 29, 30, 31], maxlen=250000), 1.5: deque([0], maxlen=250000)}","{1: deque([2, 8, 17, 22, 24, 26, 27, 32, 33], maxlen=250000), 1.5: deque([0], maxlen=250000)}"
2091,"{1: deque([1, 2, 4, 5, 6, 8, 9, 10, 11, 12, 13, 14, 16, 17, 18, 20, 22, 24, 25, 26, 28, 30, 31, 32], maxlen=250000), 1.5: deque([0], maxlen=250000)}","{1: deque([3, 7, 15, 19, 21, 23, 27, 29, 33], maxlen=250000), 1.5: deque([0], maxlen=250000)}"
2092,"{1: deque([1, 2, 3, 5, 6, 8, 10, 11, 12, 13, 15, 16, 17, 18, 19, 20, 21, 22, 23, 24, 25, 27, 29, 32], maxlen=250000), 1.5: deque([0], maxlen=250000)}","{1: deque([4, 7, 9, 14, 26, 28, 30, 31, 33], maxlen=250000), 1.5: deque([0], maxlen=250000)}"
2093,"{1: deque([2, 3, 4, 5, 6, 8, 9, 10, 11, 13, 14, 16, 18, 19, 21, 22, 23, 24, 27, 28, 29, 30, 31, 32], maxlen=250000), 1.5: deque([0], maxlen=250000)}","{1: deque([1, 7, 12, 15, 17, 20, 25, 26, 33], maxlen=250000), 1.5: deque([0], maxlen=250000)}"
2094,"{1: deque([2, 3, 4, 6, 7, 8, 9, 11, 12, 13, 14, 15, 17, 20, 21, 22, 23, 24, 25, 26, 27, 29, 31, 32, 33], maxlen=250000), 1.5: deque([0], maxlen=250000)}","{1: deque([1, 5, 10, 16, 18, 19, 28, 30], maxlen=250000), 1.5: deque([0], maxlen=250000)}"
2095,"{1: deque([1, 2, 3, 4, 5, 6, 7, 10, 11, 12, 13, 14, 15, 16, 17, 20, 22, 23, 25, 26, 27, 28, 30, 31], maxlen=250000), 1.5: deque([0], maxlen=250000)}","{1: deque([8, 9, 18, 19, 21, 24, 29, 32, 33], maxlen=250000), 1.5: deque([0], maxlen=250000)}"
2096,"{1: deque([1, 2, 3, 4, 7, 8, 11, 12, 13, 14, 15, 17, 19, 20, 23, 24, 25, 26, 27, 28, 29, 30, 31, 32], maxlen=250000), 1.5: deque([0], maxlen=250000)}","{1: deque([5, 6, 9, 10, 16, 18, 21, 22, 33], maxlen=250000), 1.5: deque([0], maxlen=250000)}"
2097,"{1: deque([1, 3, 4, 5, 7, 8, 10, 11, 13, 15, 17, 18, 19, 20, 21, 23, 24, 25, 27, 28, 29, 30, 31, 32], maxlen=250000), 1.5: deque([0], maxlen=250000)}","{1: deque([2, 6, 9, 12, 14, 16, 22, 26, 33], maxlen=250000), 1.5: deque([0], maxlen=250000)}"
2098,"{1: deque([1, 2, 4, 7, 9, 10, 13, 14, 15, 16, 18, 19, 20, 21, 22, 24, 25, 26, 27, 28, 29, 30, 31, 32, 33], maxlen=250000), 1.5: deque([0], maxlen=250000)}","{1: deque([3, 5, 6, 8, 11, 12, 17, 23], maxlen=250000), 1.5: deque([0], maxlen=250000)}"
2099,"{1: deque([1, 2, 4, 6, 7, 9, 10, 11, 12, 13, 14, 15, 16, 17, 18, 20, 24, 25, 26, 28, 29, 30, 31, 32], maxlen=250000), 1.5: deque([0], maxlen=250000)}","{1: deque([3, 5, 8, 19, 21, 22, 23, 27, 33], maxlen=250000), 1.5: deque([0], maxlen=250000)}"
2100,"{1: deque([1, 2, 3, 4, 5, 6, 7, 8, 9, 10, 13, 14, 15, 16, 17, 19, 20, 23, 24, 26, 27, 28, 29, 32], maxlen=250000), 1.5: deque([0], maxlen=250000)}","{1: deque([11, 12, 18, 21, 22, 25, 30, 31, 33], maxlen=250000), 1.5: deque([0], maxlen=250000)}"
2101,"{1: deque([2, 3, 4, 5, 7, 9, 10, 12, 13, 14, 15, 16, 17, 18, 19, 21, 22, 23, 24, 25, 26, 29, 30, 31], maxlen=250000), 1.5: deque([0], maxlen=250000)}","{1: deque([1, 6, 8, 11, 20, 27, 28, 32, 33], maxlen=250000), 1.5: deque([0], maxlen=250000)}"
2102,"{1: deque([1, 2, 4, 7, 8, 11, 12, 13, 14, 16, 17, 18, 19, 20, 21, 23, 24, 25, 26, 27, 28, 29, 30, 31], maxlen=250000), 1.5: deque([0], maxlen=250000)}","{1: deque([3, 5, 6, 9, 10, 15, 22, 32, 33], maxlen=250000), 1.5: deque([0], maxlen=250000)}"
2103,"{1: deque([1, 2, 6, 8, 10, 11, 12, 13, 14, 15, 16, 17, 18, 19, 21, 23, 24, 26, 27, 28, 29, 30, 31, 32], maxlen=250000), 1.5: deque([0], maxlen=250000)}","{1: deque([3, 4, 5, 7, 9, 20, 22, 25, 33], maxlen=250000), 1.5: deque([0], maxlen=250000)}"
2104,"{1: deque([1, 2, 3, 5, 8, 9, 11, 12, 13, 15, 18, 19, 21, 22, 23, 24, 25, 26, 27, 28, 29, 30, 31, 32], maxlen=250000), 1.5: deque([0], maxlen=250000)}","{1: deque([4, 6, 7, 10, 14, 16, 17, 20, 33], maxlen=250000), 1.5: deque([0], maxlen=250000)}"
2105,"{1: deque([1, 2, 3, 4, 5, 6, 7, 8, 9, 11, 13, 14, 15, 16, 17, 18, 21, 24, 25, 27, 28, 30, 31, 32], maxlen=250000), 1.5: deque([0], maxlen=250000)}","{1: deque([10, 12, 19, 20, 22, 23, 26, 29, 33], maxlen=250000), 1.5: deque([0], maxlen=250000)}"
2106,"{1: deque([1, 2, 3, 4, 7, 8, 10, 12, 14, 15, 16, 18, 19, 20, 21, 22, 23, 24, 25, 26, 27, 28, 30, 32, 33], maxlen=250000), 1.5: deque([0], maxlen=250000)}","{1: deque([5, 6, 9, 11, 13, 17, 29, 31], maxlen=250000), 1.5: deque([0], maxlen=250000)}"
2107,"{1: deque([2, 4, 5, 8, 9, 10, 11, 12, 13, 14, 15, 17, 18, 19, 20, 21, 22, 24, 25, 26, 28, 29, 30, 32], maxlen=250000), 1.5: deque([0], maxlen=250000)}","{1: deque([1, 3, 6, 7, 16, 23, 27, 31, 33], maxlen=250000), 1.5: deque([0], maxlen=250000)}"
2108,"{1: deque([1, 2, 3, 4, 5, 6, 8, 9, 10, 11, 12, 13, 14, 16, 18, 19, 20, 23, 24, 25, 26, 27, 30, 32], maxlen=250000), 1.5: deque([0], maxlen=250000)}","{1: deque([7, 15, 17, 21, 22, 28, 29, 31, 33], maxlen=250000), 1.5: deque([0], maxlen=250000)}"
2109,"{1: deque([1, 2, 3, 4, 5, 6, 7, 9, 10, 11, 13, 14, 15, 17, 18, 21, 22, 23, 24, 25, 27, 30, 31, 32], maxlen=250000), 1.5: deque([0], maxlen=250000)}","{1: deque([8, 12, 16, 19, 20, 26, 28, 29, 33], maxlen=250000), 1.5: deque([0], maxlen=250000)}"
2110,"{1: deque([1, 2, 3, 6, 7, 8, 9, 11, 12, 13, 15, 16, 19, 20, 21, 22, 23, 25, 27, 28, 29, 30, 31, 32, 33], maxlen=250000), 1.5: deque([0], maxlen=250000)}","{1: deque([4, 5, 10, 14, 17, 18, 24, 26], maxlen=250000), 1.5: deque([0], maxlen=250000)}"
2111,"{1: deque([1, 3, 5, 6, 7, 9, 12, 14, 15, 16, 17, 18, 20, 21, 22, 23, 24, 25, 26, 28, 29, 30, 31, 32], maxlen=250000), 1.5: deque([0], maxlen=250000)}","{1: deque([2, 4, 8, 10, 11, 13, 19, 27, 33], maxlen=250000), 1.5: deque([0], maxlen=250000)}"
2112,"{1: deque([2, 4, 5, 6, 7, 8, 11, 12, 14, 15, 16, 17, 18, 19, 20, 21, 22, 23, 24, 27, 28, 29, 30, 31], maxlen=250000), 1.5: deque([0], maxlen=250000)}","{1: deque([1, 3, 9, 10, 13, 25, 26, 32, 33], maxlen=250000), 1.5: deque([0], maxlen=250000)}"
2113,"{1: deque([3, 4, 5, 6, 7, 8, 9, 12, 14, 15, 16, 17, 18, 19, 21, 24, 25, 26, 27, 28, 29, 30, 31, 32], maxlen=250000), 1.5: deque([0], maxlen=250000)}","{1: deque([1, 2, 10, 11, 13, 20, 22, 23, 33], maxlen=250000), 1.5: deque([0], maxlen=250000)}"
2114,"{1: deque([2, 4, 5, 6, 7, 9, 10, 12, 13, 14, 15, 17, 19, 20, 21, 23, 24, 25, 26, 27, 28, 30, 31, 32], maxlen=250000), 1.5: deque([0], maxlen=250000)}","{1: deque([1, 3, 8, 11, 16, 18, 22, 29, 33], maxlen=250000), 1.5: deque([0], maxlen=250000)}"
2115,"{1: deque([1, 3, 5, 6, 7, 8, 9, 10, 11, 12, 13, 14, 16, 18, 19, 21, 24, 25, 26, 28, 29, 30, 31, 32], maxlen=250000), 1.5: deque([0], maxlen=250000)}","{1: deque([2, 4, 15, 17, 20, 22, 23, 27, 33], maxlen=250000), 1.5: deque([0], maxlen=250000)}"
2116,"{1: deque([2, 4, 5, 6, 7, 9, 10, 11, 12, 13, 15, 16, 18, 19, 20, 21, 22, 23, 24, 26, 27, 28, 29, 31], maxlen=250000), 1.5: deque([0], maxlen=250000)}","{1: deque([1, 3, 8, 14, 17, 25, 30, 32, 33], maxlen=250000), 1.5: deque([0], maxlen=250000)}"
2117,"{1: deque([1, 2, 3, 5, 6, 7, 8, 9, 10, 12, 14, 16, 17, 18, 19, 20, 21, 23, 24, 25, 27, 28, 29, 32], maxlen=250000), 1.5: deque([0], maxlen=250000)}","{1: deque([4, 11, 13, 15, 22, 26, 30, 31, 33], maxlen=250000), 1.5: deque([0], maxlen=250000)}"
2118,"{1: deque([1, 2, 3, 5, 6, 8, 9, 10, 11, 13, 14, 15, 16, 18, 21, 22, 23, 24, 25, 27, 28, 29, 30, 32, 33], maxlen=250000), 1.5: deque([0], maxlen=250000)}","{1: deque([4, 7, 12, 17, 19, 20, 26, 31], maxlen=250000), 1.5: deque([0], maxlen=250000)}"
2119,"{1: deque([1, 2, 3, 4, 7, 8, 9, 11, 12, 13, 15, 17, 19, 20, 21, 22, 23, 25, 27, 28, 29, 30, 31, 32], maxlen=250000), 1.5: deque([0], maxlen=250000)}","{1: deque([5, 6, 10, 14, 16, 18, 24, 26, 33], maxlen=250000), 1.5: deque([0], maxlen=250000)}"
2120,"{1: deque([1, 2, 3, 4, 5, 6, 7, 8, 10, 11, 12, 15, 16, 17, 18, 19, 20, 21, 23, 25, 26, 29, 30, 31], maxlen=250000), 1.5: deque([0], maxlen=250000)}","{1: deque([9, 13, 14, 22, 24, 27, 28, 32, 33], maxlen=250000), 1.5: deque([0], maxlen=250000)}"
2121,"{1: deque([1, 2, 4, 5, 6, 7, 10, 12, 13, 15, 16, 17, 19, 21, 22, 23, 24, 25, 27, 28, 29, 30, 31, 32], maxlen=250000), 1.5: deque([0], maxlen=250000)}","{1: deque([3, 8, 9, 11, 14, 18, 20, 26, 33], maxlen=250000), 1.5: deque([0], maxlen=250000)}"
2122,"{1: deque([1, 2, 3, 4, 5, 6, 7, 8, 9, 10, 11, 14, 15, 16, 17, 18, 19, 20, 21, 22, 23, 29, 30, 32], maxlen=250000), 1.5: deque([0], maxlen=250000)}","{1: deque([12, 13, 24, 25, 26, 27, 28, 31, 33], maxlen=250000), 1.5: deque([0], maxlen=250000)}"
2123,"{1: deque([1, 2, 3, 4, 8, 9, 10, 11, 12, 13, 14, 15, 16, 17, 19, 20, 21, 25, 26, 27, 28, 29, 30, 31], maxlen=250000), 1.5: deque([0], maxlen=250000)}","{1: deque([5, 6, 7, 18, 22, 23, 24, 32, 33], maxlen=250000), 1.5: deque([0], maxlen=250000)}"
2124,"{1: deque([2, 3, 4, 5, 7, 8, 9, 10, 11, 13, 14, 15, 16, 18, 19, 20, 22, 23, 24, 25, 26, 29, 30, 32], maxlen=250000), 1.5: deque([0], maxlen=250000)}","{1: deque([1, 6, 12, 17, 21, 27, 28, 31, 33], maxlen=250000), 1.5: deque([0], maxlen=250000)}"
2125,"{1: deque([1, 2, 4, 5, 6, 7, 8, 9, 10, 11, 12, 14, 15, 16, 17, 19, 20, 22, 26, 27, 28, 30, 31, 32], maxlen=250000), 1.5: deque([0], maxlen=250000)}","{1: deque([3, 13, 18, 21, 23, 24, 25, 29, 33], maxlen=250000), 1.5: deque([0], maxlen=250000)}"
2126,"{1: deque([1, 2, 3, 4, 7, 8, 9, 10, 11, 12, 13, 14, 15, 16, 17, 18, 20, 21, 23, 24, 25, 27, 31, 32], maxlen=250000), 1.5: deque([0], maxlen=250000)}","{1: deque([5, 6, 19, 22, 26, 28, 29, 30, 33], maxlen=250000), 1.5: deque([0], maxlen=250000)}"
2127,"{1: deque([1, 2, 3, 4, 5, 6, 9, 11, 12, 13, 15, 17, 18, 19, 20, 23, 24, 25, 26, 27, 28, 30, 31, 32], maxlen=250000), 1.5: deque([0], maxlen=250000)}","{1: deque([7, 8, 10, 14, 16, 21, 22, 29, 33], maxlen=250000), 1.5: deque([0], maxlen=250000)}"
2128,"{1: deque([1, 3, 5, 6, 7, 8, 11, 12, 13, 14, 15, 16, 17, 18, 19, 20, 21, 24, 25, 27, 28, 29, 31, 32], maxlen=250000), 1.5: deque([0], maxlen=250000)}","{1: deque([2, 4, 9, 10, 22, 23, 26, 30, 33], maxlen=250000), 1.5: deque([0], maxlen=250000)}"
2129,"{1: deque([1, 2, 3, 7, 8, 9, 10, 11, 12, 13, 14, 15, 16, 17, 18, 20, 23, 24, 25, 26, 28, 29, 30, 31], maxlen=250000), 1.5: deque([0], maxlen=250000)}","{1: deque([4, 5, 6, 19, 21, 22, 27, 32, 33], maxlen=250000), 1.5: deque([0], maxlen=250000)}"
2130,"{1: deque([1, 2, 3, 4, 5, 7, 8, 9, 10, 12, 13, 14, 15, 17, 19, 20, 21, 23, 24, 25, 26, 27, 29, 30], maxlen=250000), 1.5: deque([0], maxlen=250000)}","{1: deque([6, 11, 16, 18, 22, 28, 31, 32, 33], maxlen=250000), 1.5: deque([0], maxlen=250000)}"
2131,"{1: deque([1, 2, 3, 4, 5, 6, 7, 8, 9, 11, 12, 13, 14, 19, 20, 21, 23, 24, 27, 28, 29, 30, 31, 32], maxlen=250000), 1.5: deque([0], maxlen=250000)}","{1: deque([10, 15, 16, 17, 18, 22, 25, 26, 33], maxlen=250000), 1.5: deque([0], maxlen=250000)}"
2132,"{1: deque([1, 2, 3, 4, 5, 6, 7, 8, 9, 11, 12, 13, 14, 16, 17, 18, 20, 22, 23, 25, 26, 29, 31, 32], maxlen=250000), 1.5: deque([0], maxlen=250000)}","{1: deque([10, 15, 19, 21, 24, 27, 28, 30, 33], maxlen=250000), 1.5: deque([0], maxlen=250000)}"
2133,"{1: deque([1, 3, 4, 5, 6, 7, 9, 10, 11, 12, 15, 16, 17, 18, 20, 21, 22, 23, 25, 26, 27, 28, 31, 32], maxlen=250000), 1.5: deque([0], maxlen=250000)}","{1: deque([2, 8, 13, 14, 19, 24, 29, 30, 33], maxlen=250000), 1.5: deque([0], maxlen=250000)}"
2134,"{1: deque([3, 5, 6, 7, 8, 9, 10, 11, 12, 14, 16, 17, 19, 20, 21, 22, 23, 24, 25, 26, 28, 29, 31, 32], maxlen=250000), 1.5: deque([0], maxlen=250000)}","{1: deque([1, 2, 4, 13, 15, 18, 27, 30, 33], maxlen=250000), 1.5: deque([0], maxlen=250000)}"
2135,"{1: deque([1, 3, 6, 7, 9, 10, 11, 12, 13, 15, 16, 17, 18, 19, 20, 22, 23, 24, 26, 27, 28, 29, 31, 32], maxlen=250000), 1.5: deque([0], maxlen=250000)}","{1: deque([2, 4, 5, 8, 14, 21, 25, 30, 33], maxlen=250000), 1.5: deque([0], maxlen=250000)}"
2136,"{1: deque([1, 2, 3, 5, 6, 7, 8, 9, 10, 15, 16, 17, 18, 19, 20, 21, 22, 24, 26, 27, 28, 29, 31, 32], maxlen=250000), 1.5: deque([0], maxlen=250000)}","{1: deque([4, 11, 12, 13, 14, 23, 25, 30, 33], maxlen=250000), 1.5: deque([0], maxlen=250000)}"
2137,"{1: deque([2, 3, 4, 5, 7, 9, 10, 11, 12, 13, 14, 16, 17, 18, 19, 21, 22, 23, 25, 27, 29, 30, 31, 32], maxlen=250000), 1.5: deque([0], maxlen=250000)}","{1: deque([1, 6, 8, 15, 20, 24, 26, 28, 33], maxlen=250000), 1.5: deque([0], maxlen=250000)}"
2138,"{1: deque([1, 2, 3, 4, 5, 6, 7, 8, 9, 10, 11, 13, 14, 16, 18, 21, 23, 24, 26, 27, 29, 30, 31, 32], maxlen=250000), 1.5: deque([0], maxlen=250000)}","{1: deque([12, 15, 17, 19, 20, 22, 25, 28, 33], maxlen=250000), 1.5: deque([0], maxlen=250000)}"
2139,"{1: deque([1, 3, 4, 7, 8, 9, 10, 11, 12, 13, 15, 16, 17, 19, 20, 21, 22, 23, 24, 28, 29, 30, 31, 32], maxlen=250000), 1.5: deque([0], maxlen=250000)}","{1: deque([2, 5, 6, 14, 18, 25, 26, 27, 33], maxlen=250000), 1.5: deque([0], maxlen=250000)}"
2140,"{1: deque([1, 2, 3, 6, 8, 10, 11, 12, 13, 14, 15, 16, 18, 19, 20, 21, 23, 26, 27, 28, 29, 30, 31, 32], maxlen=250000), 1.5: deque([0], maxlen=250000)}","{1: deque([4, 5, 7, 9, 17, 22, 24, 25, 33], maxlen=250000), 1.5: deque([0], maxlen=250000)}"
2141,"{1: deque([1, 3, 4, 5, 8, 9, 10, 11, 12, 16, 17, 18, 20, 21, 22, 24, 25, 26, 27, 28, 29, 30, 31, 32], maxlen=250000), 1.5: deque([0], maxlen=250000)}","{1: deque([2, 6, 7, 13, 14, 15, 19, 23, 33], maxlen=250000), 1.5: deque([0], maxlen=250000)}"
2142,"{1: deque([1, 2, 4, 5, 6, 7, 8, 9, 11, 12, 13, 14, 16, 17, 18, 20, 21, 22, 26, 28, 29, 30, 31, 32], maxlen=250000), 1.5: deque([0], maxlen=250000)}","{1: deque([3, 10, 15, 19, 23, 24, 25, 27, 33], maxlen=250000), 1.5: deque([0], maxlen=250000)}"
2143,"{1: deque([1, 3, 4, 5, 8, 11, 12, 13, 14, 15, 17, 18, 19, 20, 22, 23, 24, 25, 26, 27, 28, 30, 31, 32], maxlen=250000), 1.5: deque([0], maxlen=250000)}","{1: deque([2, 6, 7, 9, 10, 16, 21, 29, 33], maxlen=250000), 1.5: deque([0], maxlen=250000)}"
2144,"{1: deque([1, 2, 3, 4, 5, 6, 8, 12, 14, 15, 16, 17, 18, 19, 20, 21, 22, 23, 24, 26, 27, 29, 31, 32], maxlen=250000), 1.5: deque([0], maxlen=250000)}","{1: deque([7, 9, 10, 11, 13, 25, 28, 30, 33], maxlen=250000), 1.5: deque([0], maxlen=250000)}"
2145,"{1: deque([1, 3, 4, 5, 8, 9, 10, 11, 12, 13, 15, 17, 18, 19, 21, 22, 24, 26, 27, 28, 29, 30, 31, 32], maxlen=250000), 1.5: deque([0], maxlen=250000)}","{1: deque([2, 6, 7, 14, 16, 20, 23, 25, 33], maxlen=250000), 1.5: deque([0], maxlen=250000)}"
2146,"{1: deque([1, 2, 3, 5, 6, 7, 8, 9, 10, 11, 12, 13, 14, 15, 16, 19, 22, 23, 24, 25, 26, 29, 30, 31], maxlen=250000), 1.5: deque([0], maxlen=250000)}","{1: deque([4, 17, 18, 20, 21, 27, 28, 32, 33], maxlen=250000), 1.5: deque([0], maxlen=250000)}"
2147,"{1: deque([1, 2, 3, 5, 7, 10, 11, 12, 13, 14, 15, 16, 17, 18, 19, 20, 21, 25, 26, 27, 29, 30, 31, 32], maxlen=250000), 1.5: deque([0], maxlen=250000)}","{1: deque([4, 6, 8, 9, 22, 23, 24, 28, 33], maxlen=250000), 1.5: deque([0], maxlen=250000)}"
2148,"{1: deque([1, 2, 3, 4, 5, 7, 8, 9, 10, 11, 13, 16, 18, 20, 21, 23, 24, 25, 27, 28, 29, 30, 31, 32], maxlen=250000), 1.5: deque([0], maxlen=250000)}","{1: deque([6, 12, 14, 15, 17, 19, 22, 26, 33], maxlen=250000), 1.5: deque([0], maxlen=250000)}"
2149,"{1: deque([1, 4, 5, 6, 8, 9, 10, 12, 13, 14, 15, 16, 19, 21, 22, 23, 24, 25, 26, 27, 28, 29, 31, 32], maxlen=250000), 1.5: deque([0], maxlen=250000)}","{1: deque([2, 3, 7, 11, 17, 18, 20, 30, 33], maxlen=250000), 1.5: deque([0], maxlen=250000)}"
2150,"{1: deque([1, 2, 4, 7, 8, 9, 10, 13, 14, 15, 17, 18, 19, 20, 22, 23, 24, 25, 26, 27, 28, 29, 30, 31], maxlen=250000), 1.5: deque([0], maxlen=250000)}","{1: deque([3, 5, 6, 11, 12, 16, 21, 32, 33], maxlen=250000), 1.5: deque([0], maxlen=250000)}"
2151,"{1: deque([2, 3, 4, 5, 7, 9, 10, 11, 12, 14, 15, 16, 17, 18, 21, 22, 23, 24, 25, 26, 27, 29, 30, 32], maxlen=250000), 1.5: deque([0], maxlen=250000)}","{1: deque([1, 6, 8, 13, 19, 20, 28, 31, 33], maxlen=250000), 1.5: deque([0], maxlen=250000)}"
2152,"{1: deque([2, 3, 6, 7, 8, 10, 11, 13, 14, 15, 16, 17, 19, 20, 21, 22, 25, 26, 27, 28, 29, 30, 31, 32], maxlen=250000), 1.5: deque([0], maxlen=250000)}","{1: deque([1, 4, 5, 9, 12, 18, 23, 24, 33], maxlen=250000), 1.5: deque([0], maxlen=250000)}"
2153,"{1: deque([1, 2, 4, 5, 8, 9, 10, 11, 12, 13, 15, 16, 18, 19, 20, 21, 22, 24, 26, 28, 29, 30, 31, 32], maxlen=250000), 1.5: deque([0], maxlen=250000)}","{1: deque([3, 6, 7, 14, 17, 23, 25, 27, 33], maxlen=250000), 1.5: deque([0], maxlen=250000)}"
2154,"{1: deque([1, 4, 5, 6, 7, 8, 9, 10, 12, 13, 14, 15, 16, 17, 19, 20, 21, 22, 24, 26, 28, 29, 30, 32], maxlen=250000), 1.5: deque([0], maxlen=250000)}","{1: deque([2, 3, 11, 18, 23, 25, 27, 31, 33], maxlen=250000), 1.5: deque([0], maxlen=250000)}"
2155,"{1: deque([1, 4, 5, 6, 8, 9, 10, 11, 12, 13, 15, 16, 18, 19, 20, 21, 22, 25, 26, 28, 29, 30, 31, 32], maxlen=250000), 1.5: deque([0], maxlen=250000)}","{1: deque([2, 3, 7, 14, 17, 23, 24, 27, 33], maxlen=250000), 1.5: deque([0], maxlen=250000)}"
2156,"{1: deque([1, 2, 4, 5, 6, 7, 9, 10, 11, 12, 14, 16, 18, 20, 21, 22, 23, 25, 26, 27, 28, 29, 30, 31], maxlen=250000), 1.5: deque([0], maxlen=250000)}","{1: deque([3, 8, 13, 15, 17, 19, 24, 32, 33], maxlen=250000), 1.5: deque([0], maxlen=250000)}"
2157,"{1: deque([1, 3, 4, 6, 7, 9, 10, 11, 12, 13, 14, 15, 17, 18, 19, 20, 21, 22, 23, 26, 27, 29, 30, 31, 33], maxlen=250000), 1.5: deque([0], maxlen=250000)}","{1: deque([2, 5, 8, 16, 24, 25, 28, 32], maxlen=250000), 1.5: deque([0], maxlen=250000)}"
2158,"{1: deque([1, 2, 3, 4, 5, 8, 9, 10, 11, 12, 13, 14, 15, 16, 18, 19, 20, 22, 23, 26, 27, 29, 30, 32], maxlen=250000), 1.5: deque([0], maxlen=250000)}","{1: deque([6, 7, 17, 21, 24, 25, 28, 31, 33], maxlen=250000), 1.5: deque([0], maxlen=250000)}"
2159,"{1: deque([1, 2, 3, 5, 6, 7, 9, 10, 11, 13, 14, 15, 16, 17, 18, 20, 21, 23, 24, 25, 29, 30, 31, 32], maxlen=250000), 1.5: deque([0], maxlen=250000)}","{1: deque([4, 8, 12, 19, 22, 26, 27, 28, 33], maxlen=250000), 1.5: deque([0], maxlen=250000)}"
2160,"{1: deque([1, 3, 4, 5, 6, 7, 8, 10, 11, 12, 13, 14, 16, 17, 19, 21, 22, 24, 25, 27, 28, 29, 30, 32], maxlen=250000), 1.5: deque([0], maxlen=250000)}","{1: deque([2, 9, 15, 18, 20, 23, 26, 31, 33], maxlen=250000), 1.5: deque([0], maxlen=250000)}"
2161,"{1: deque([1, 2, 3, 4, 5, 6, 8, 9, 10, 11, 14, 15, 16, 18, 19, 20, 21, 25, 26, 28, 29, 30, 31, 32], maxlen=250000), 1.5: deque([0], maxlen=250000)}","{1: deque([7, 12, 13, 17, 22, 23, 24, 27, 33], maxlen=250000), 1.5: deque([0], maxlen=250000)}"
2162,"{1: deque([1, 3, 5, 6, 8, 9, 10, 11, 13, 14, 15, 17, 18, 19, 20, 21, 22, 24, 25, 26, 27, 28, 29, 31], maxlen=250000), 1.5: deque([0], maxlen=250000)}","{1: deque([2, 4, 7, 12, 16, 23, 30, 32, 33], maxlen=250000), 1.5: deque([0], maxlen=250000)}"
2163,"{1: deque([3, 4, 6, 7, 9, 10, 11, 12, 13, 14, 15, 17, 19, 21, 22, 23, 24, 25, 27, 28, 29, 30, 31, 32], maxlen=250000), 1.5: deque([0], maxlen=250000)}","{1: deque([1, 2, 5, 8, 16, 18, 20, 26, 33], maxlen=250000), 1.5: deque([0], maxlen=250000)}"
2164,"{1: deque([1, 2, 3, 4, 5, 7, 9, 10, 11, 13, 15, 16, 18, 19, 20, 21, 22, 24, 25, 27, 28, 29, 31, 32], maxlen=250000), 1.5: deque([0], maxlen=250000)}","{1: deque([6, 8, 12, 14, 17, 23, 26, 30, 33], maxlen=250000), 1.5: deque([0], maxlen=250000)}"
2165,"{1: deque([1, 2, 3, 4, 5, 6, 8, 9, 10, 11, 12, 13, 17, 18, 19, 21, 22, 24, 25, 26, 27, 30, 31, 32], maxlen=250000), 1.5: deque([0], maxlen=250000)}","{1: deque([7, 14, 15, 16, 20, 23, 28, 29, 33], maxlen=250000), 1.5: deque([0], maxlen=250000)}"
2166,"{1: deque([1, 2, 4, 5, 6, 7, 8, 10, 12, 13, 14, 15, 18, 19, 20, 21, 22, 23, 26, 27, 28, 29, 30, 31], maxlen=250000), 1.5: deque([0], maxlen=250000)}","{1: deque([3, 9, 11, 16, 17, 24, 25, 32, 33], maxlen=250000), 1.5: deque([0], maxlen=250000)}"
2167,"{1: deque([1, 3, 4, 6, 7, 8, 9, 10, 11, 12, 13, 14, 16, 17, 18, 19, 20, 21, 24, 25, 27, 29, 30, 32], maxlen=250000), 1.5: deque([0], maxlen=250000)}","{1: deque([2, 5, 15, 22, 23, 26, 28, 31, 33], maxlen=250000), 1.5: deque([0], maxlen=250000)}"
2168,"{1: deque([1, 2, 3, 4, 5, 6, 7, 9, 11, 12, 14, 15, 16, 17, 19, 21, 22, 23, 25, 26, 28, 29, 30, 32], maxlen=250000), 1.5: deque([0], maxlen=250000)}","{1: deque([8, 10, 13, 18, 20, 24, 27, 31, 33], maxlen=250000), 1.5: deque([0], maxlen=250000)}"
2169,"{1: deque([1, 2, 3, 4, 7, 8, 9, 10, 11, 12, 13, 15, 16, 17, 18, 21, 22, 23, 24, 27, 29, 30, 31, 32], maxlen=250000), 1.5: deque([0], maxlen=250000)}","{1: deque([5, 6, 14, 19, 20, 25, 26, 28, 33], maxlen=250000), 1.5: deque([0], maxlen=250000)}"
2170,"{1: deque([2, 3, 4, 5, 6, 9, 10, 11, 12, 14, 17, 18, 20, 21, 22, 24, 25, 26, 27, 28, 29, 30, 31, 32], maxlen=250000), 1.5: deque([0], maxlen=250000)}","{1: deque([1, 7, 8, 13, 15, 16, 19, 23, 33], maxlen=250000), 1.5: deque([0], maxlen=250000)}"
2171,"{1: deque([1, 2, 4, 6, 8, 9, 10, 11, 12, 13, 15, 16, 17, 20, 21, 23, 24, 25, 26, 28, 29, 30, 31, 32], maxlen=250000), 1.5: deque([0], maxlen=250000)}","{1: deque([3, 5, 7, 14, 18, 19, 22, 27, 33], maxlen=250000), 1.5: deque([0], maxlen=250000)}"
2172,"{1: deque([1, 3, 4, 5, 6, 7, 9, 10, 11, 12, 13, 14, 15, 16, 18, 19, 20, 21, 24, 25, 27, 28, 31, 32], maxlen=250000), 1.5: deque([0], maxlen=250000)}","{1: deque([2, 8, 17, 22, 23, 26, 29, 30, 33], maxlen=250000), 1.5: deque([0], maxlen=250000)}"
2173,"{1: deque([1, 2, 3, 6, 7, 9, 10, 11, 13, 14, 15, 17, 18, 19, 20, 21, 22, 23, 24, 25, 27, 29, 30, 31], maxlen=250000), 1.5: deque([0], maxlen=250000)}","{1: deque([4, 5, 8, 12, 16, 26, 28, 32, 33], maxlen=250000), 1.5: deque([0], maxlen=250000)}"
2174,"{1: deque([2, 3, 4, 5, 6, 7, 8, 9, 10, 14, 16, 17, 20, 21, 22, 23, 24, 26, 27, 28, 29, 30, 31, 32], maxlen=250000), 1.5: deque([0], maxlen=250000)}","{1: deque([1, 11, 12, 13, 15, 18, 19, 25, 33], maxlen=250000), 1.5: deque([0], maxlen=250000)}"
2175,"{1: deque([1, 2, 4, 5, 6, 8, 9, 11, 13, 14, 15, 17, 20, 21, 22, 23, 24, 25, 26, 27, 29, 30, 31, 32, 33], maxlen=250000), 1.5: deque([0], maxlen=250000)}","{1: deque([3, 7, 10, 12, 16, 18, 19, 28], maxlen=250000), 1.5: deque([0], maxlen=250000)}"
2176,"{1: deque([1, 2, 5, 6, 7, 8, 9, 10, 11, 12, 13, 14, 16, 18, 19, 21, 22, 23, 24, 25, 27, 29, 30, 32], maxlen=250000), 1.5: deque([0], maxlen=250000)}","{1: deque([3, 4, 15, 17, 20, 26, 28, 31, 33], maxlen=250000), 1.5: deque([0], maxlen=250000)}"
2177,"{1: deque([1, 2, 4, 5, 6, 7, 9, 10, 11, 14, 15, 16, 17, 19, 20, 21, 22, 23, 26, 28, 29, 30, 31, 32], maxlen=250000), 1.5: deque([0], maxlen=250000)}","{1: deque([3, 8, 12, 13, 18, 24, 25, 27, 33], maxlen=250000), 1.5: deque([0], maxlen=250000)}"
2178,"{1: deque([1, 2, 3, 4, 5, 6, 7, 8, 9, 12, 13, 14, 15, 16, 17, 18, 21, 22, 24, 25, 27, 28, 30, 32], maxlen=250000), 1.5: deque([0], maxlen=250000)}","{1: deque([10, 11, 19, 20, 23, 26, 29, 31, 33], maxlen=250000), 1.5: deque([0], maxlen=250000)}"
2179,"{1: deque([1, 3, 4, 5, 6, 9, 10, 11, 13, 15, 16, 17, 18, 19, 20, 21, 23, 24, 25, 26, 27, 29, 30, 31], maxlen=250000), 1.5: deque([0], maxlen=250000)}","{1: deque([2, 7, 8, 12, 14, 22, 28, 32, 33], maxlen=250000), 1.5: deque([0], maxlen=250000)}"
2180,"{1: deque([1, 2, 3, 4, 5, 6, 7, 8, 9, 10, 11, 12, 13, 15, 16, 17, 18, 19, 21, 22, 24, 25, 26, 30], maxlen=250000), 1.5: deque([0], maxlen=250000)}","{1: deque([14, 20, 23, 27, 28, 29, 31, 32, 33], maxlen=250000), 1.5: deque([0], maxlen=250000)}"
2181,"{1: deque([1, 2, 3, 4, 5, 6, 7, 9, 10, 11, 12, 13, 15, 18, 20, 21, 22, 23, 24, 25, 26, 27, 31, 32, 33], maxlen=250000), 1.5: deque([0], maxlen=250000)}","{1: deque([8, 14, 16, 17, 19, 28, 29, 30], maxlen=250000), 1.5: deque([0], maxlen=250000)}"
2182,"{1: deque([1, 2, 3, 6, 7, 8, 9, 10, 14, 15, 16, 18, 20, 21, 22, 23, 24, 26, 27, 28, 29, 30, 31, 32], maxlen=250000), 1.5: deque([0], maxlen=250000)}","{1: deque([4, 5, 11, 12, 13, 17, 19, 25, 33], maxlen=250000), 1.5: deque([0], maxlen=250000)}"
2183,"{1: deque([2, 3, 4, 5, 8, 11, 14, 15, 16, 17, 18, 19, 20, 21, 22, 23, 24, 25, 26, 27, 29, 30, 31, 32], maxlen=250000), 1.5: deque([0], maxlen=250000)}","{1: deque([1, 6, 7, 9, 10, 12, 13, 28, 33], maxlen=250000), 1.5: deque([0], maxlen=250000)}"
2184,"{1: deque([1, 2, 3, 4, 5, 7, 8, 9, 10, 11, 12, 13, 14, 15, 19, 20, 22, 23, 24, 25, 26, 28, 30, 32], maxlen=250000), 1.5: deque([0], maxlen=250000)}","{1: deque([6, 16, 17, 18, 21, 27, 29, 31, 33], maxlen=250000), 1.5: deque([0], maxlen=250000)}"
2185,"{1: deque([2, 3, 4, 5, 6, 7, 8, 9, 11, 12, 13, 14, 15, 16, 17, 18, 20, 21, 24, 25, 29, 30, 31, 32], maxlen=250000), 1.5: deque([0], maxlen=250000)}","{1: deque([1, 10, 19, 22, 23, 26, 27, 28, 33], maxlen=250000), 1.5: deque([0], maxlen=250000)}"
2186,"{1: deque([1, 3, 5, 6, 8, 9, 10, 11, 12, 14, 15, 16, 18, 19, 20, 21, 22, 24, 26, 27, 29, 30, 31, 32], maxlen=250000), 1.5: deque([0], maxlen=250000)}","{1: deque([2, 4, 7, 13, 17, 23, 25, 28, 33], maxlen=250000), 1.5: deque([0], maxlen=250000)}"
2187,"{1: deque([1, 2, 3, 4, 5, 9, 11, 12, 13, 14, 15, 17, 18, 19, 20, 21, 23, 25, 26, 27, 28, 29, 30, 31], maxlen=250000), 1.5: deque([0], maxlen=250000)}","{1: deque([6, 7, 8, 10, 16, 22, 24, 32, 33], maxlen=250000), 1.5: deque([0], maxlen=250000)}"
2188,"{1: deque([2, 3, 4, 5, 6, 7, 9, 10, 11, 12, 13, 14, 15, 16, 17, 19, 20, 21, 22, 24, 25, 27, 29, 31], maxlen=250000), 1.5: deque([0], maxlen=250000)}","{1: deque([1, 8, 18, 23, 26, 28, 30, 32, 33], maxlen=250000), 1.5: deque([0], maxlen=250000)}"
2189,"{1: deque([2, 3, 4, 5, 6, 7, 10, 11, 13, 14, 15, 16, 17, 18, 20, 21, 22, 23, 24, 25, 26, 28, 29, 32], maxlen=250000), 1.5: deque([0], maxlen=250000)}","{1: deque([1, 8, 9, 12, 19, 27, 30, 31, 33], maxlen=250000), 1.5: deque([0], maxlen=250000)}"
2190,"{1: deque([1, 4, 5, 6, 7, 8, 9, 10, 11, 12, 13, 15, 16, 17, 18, 19, 22, 23, 24, 27, 29, 30, 31, 32], maxlen=250000), 1.5: deque([0], maxlen=250000)}","{1: deque([2, 3, 14, 20, 21, 25, 26, 28, 33], maxlen=250000), 1.5: deque([0], maxlen=250000)}"
2191,"{1: deque([1, 2, 3, 4, 5, 6, 7, 9, 10, 11, 13, 14, 15, 16, 18, 19, 20, 22, 23, 24, 25, 27, 28, 32], maxlen=250000), 1.5: deque([0], maxlen=250000)}","{1: deque([8, 12, 17, 21, 26, 29, 30, 31, 33], maxlen=250000), 1.5: deque([0], maxlen=250000)}"
2192,"{1: deque([2, 3, 4, 5, 6, 7, 9, 11, 12, 13, 16, 17, 18, 21, 22, 24, 25, 26, 27, 28, 29, 30, 31, 32], maxlen=250000), 1.5: deque([0], maxlen=250000)}","{1: deque([1, 8, 10, 14, 15, 19, 20, 23, 33], maxlen=250000), 1.5: deque([0], maxlen=250000)}"
2193,"{1: deque([1, 2, 4, 5, 6, 8, 9, 11, 13, 14, 16, 17, 18, 19, 22, 23, 24, 25, 26, 27, 28, 29, 30, 31], maxlen=250000), 1.5: deque([0], maxlen=250000)}","{1: deque([3, 7, 10, 12, 15, 20, 21, 32, 33], maxlen=250000), 1.5: deque([0], maxlen=250000)}"
2194,"{1: deque([2, 3, 5, 6, 7, 8, 9, 10, 11, 12, 13, 14, 16, 17, 18, 19, 20, 21, 23, 24, 25, 29, 31, 32], maxlen=250000), 1.5: deque([0], maxlen=250000)}","{1: deque([1, 4, 15, 22, 26, 27, 28, 30, 33], maxlen=250000), 1.5: deque([0], maxlen=250000)}"
2195,"{1: deque([1, 4, 5, 7, 9, 10, 11, 12, 13, 16, 17, 18, 19, 20, 21, 22, 23, 25, 26, 27, 28, 29, 30, 32, 33], maxlen=250000), 1.5: deque([0], maxlen=250000)}","{1: deque([2, 3, 6, 8, 14, 15, 24, 31], maxlen=250000), 1.5: deque([0], maxlen=250000)}"
